mcg,gvh,lip,chg,aac,alm1,alm2,class
0.49,0.29,0.48,0.5,0.56,0.24,0.35,cp
0.07,0.4,0.48,0.5,0.54,0.35,0.44,cp
0.56,0.4,0.48,0.5,0.49,0.37,0.46,cp
0.59,0.49,0.48,0.5,0.52,0.45,0.36,cp
0.23,0.32,0.48,0.5,0.55,0.25,0.35,cp
0.67,0.39,0.48,0.5,0.36,0.38,0.46,cp
0.29,0.28,0.48,0.5,0.44,0.23,0.34,cp
0.21,0.34,0.48,0.5,0.51,0.28,0.39,cp
0.2,0.44,0.48,0.5,0.46,0.51,0.57,cp
0.42,0.4,0.48,0.5,0.56,0.18,0.3,cp
0.42,0.24,0.48,0.5,0.57,0.27,0.37,cp
0.25,0.48,0.48,0.5,0.44,0.17,0.29,cp
0.39,0.32,0.48,0.5,0.46,0.24,0.35,cp
0.51,0.5,0.48,0.5,0.46,0.32,0.35,cp
0.22,0.43,0.48,0.5,0.48,0.16,0.28,cp
0.25,0.4,0.48,0.5,0.46,0.44,0.52,cp
0.34,0.45,0.48,0.5,0.38,0.24,0.35,cp
0.44,0.27,0.48,0.5,0.55,0.52,0.58,cp
0.23,0.4,0.48,0.5,0.39,0.28,0.38,cp
0.41,0.57,0.48,0.5,0.39,0.21,0.32,cp
0.4,0.45,0.48,0.5,0.38,0.22,0.0,cp
0.31,0.23,0.48,0.5,0.73,0.05,0.14,cp
0.51,0.54,0.48,0.5,0.41,0.34,0.43,cp
0.3,0.16,0.48,0.5,0.56,0.11,0.23,cp
0.36,0.39,0.48,0.5,0.48,0.22,0.23,cp
0.29,0.37,0.48,0.5,0.48,0.44,0.52,cp
0.25,0.4,0.48,0.5,0.47,0.33,0.42,cp
0.21,0.51,0.48,0.5,0.5,0.32,0.41,cp
0.43,0.37,0.48,0.5,0.53,0.35,0.44,cp
0.43,0.39,0.48,0.5,0.47,0.31,0.41,cp
0.53,0.38,0.48,0.5,0.44,0.26,0.36,cp
0.34,0.33,0.48,0.5,0.38,0.35,0.44,cp
0.56,0.51,0.48,0.5,0.34,0.37,0.46,cp
0.4,0.29,0.48,0.5,0.42,0.35,0.44,cp
0.24,0.35,0.48,0.5,0.31,0.19,0.31,cp
0.36,0.54,0.48,0.5,0.41,0.38,0.46,cp
0.29,0.52,0.48,0.5,0.42,0.29,0.39,cp
0.65,0.47,0.48,0.5,0.59,0.3,0.4,cp
0.32,0.42,0.48,0.5,0.35,0.28,0.38,cp
0.38,0.46,0.48,0.5,0.48,0.22,0.29,cp
0.33,0.45,0.48,0.5,0.52,0.32,0.41,cp
0.3,0.37,0.48,0.5,0.59,0.41,0.49,cp
0.4,0.5,0.48,0.5,0.45,0.39,0.47,cp
0.28,0.38,0.48,0.5,0.5,0.33,0.42,cp
0.61,0.45,0.48,0.5,0.48,0.35,0.41,cp
0.17,0.38,0.48,0.5,0.45,0.42,0.5,cp
0.44,0.35,0.48,0.5,0.55,0.55,0.61,cp
0.43,0.4,0.48,0.5,0.39,0.28,0.39,cp
0.42,0.35,0.48,0.5,0.58,0.15,0.27,cp
0.23,0.33,0.48,0.5,0.43,0.33,0.43,cp
0.37,0.52,0.48,0.5,0.42,0.42,0.36,cp
0.29,0.3,0.48,0.5,0.45,0.03,0.17,cp
0.22,0.36,0.48,0.5,0.35,0.39,0.47,cp
0.23,0.58,0.48,0.5,0.37,0.53,0.59,cp
0.47,0.47,0.48,0.5,0.22,0.16,0.26,cp
0.54,0.47,0.48,0.5,0.28,0.33,0.42,cp
0.51,0.37,0.48,0.5,0.35,0.36,0.45,cp
0.4,0.35,0.48,0.5,0.45,0.33,0.42,cp
0.44,0.34,0.48,0.5,0.3,0.33,0.43,cp
0.42,0.38,0.48,0.5,0.54,0.34,0.43,cp
0.44,0.56,0.48,0.5,0.5,0.46,0.54,cp
0.52,0.36,0.48,0.5,0.41,0.28,0.38,cp
0.36,0.41,0.48,0.5,0.48,0.47,0.54,cp
0.18,0.3,0.48,0.5,0.46,0.24,0.35,cp
0.47,0.29,0.48,0.5,0.51,0.33,0.43,cp
0.24,0.43,0.48,0.5,0.54,0.52,0.59,cp
0.25,0.37,0.48,0.5,0.41,0.33,0.42,cp
0.52,0.57,0.48,0.5,0.42,0.47,0.54,cp
0.25,0.37,0.48,0.5,0.43,0.26,0.36,cp
0.35,0.48,0.48,0.5,0.56,0.4,0.48,cp
0.26,0.26,0.48,0.5,0.34,0.25,0.35,cp
0.44,0.51,0.48,0.5,0.47,0.26,0.36,cp
0.37,0.5,0.48,0.5,0.42,0.36,0.45,cp
0.44,0.42,0.48,0.5,0.42,0.25,0.2,cp
0.24,0.43,0.48,0.5,0.37,0.28,0.38,cp
0.42,0.3,0.48,0.5,0.48,0.26,0.36,cp
0.48,0.42,0.48,0.5,0.45,0.25,0.35,cp
0.41,0.48,0.48,0.5,0.51,0.44,0.51,cp
0.44,0.28,0.48,0.5,0.43,0.27,0.37,cp
0.29,0.41,0.48,0.5,0.48,0.38,0.46,cp
0.34,0.28,0.48,0.5,0.41,0.35,0.44,cp
0.41,0.43,0.48,0.5,0.45,0.31,0.41,cp
0.29,0.47,0.48,0.5,0.41,0.23,0.34,cp
0.34,0.55,0.48,0.5,0.58,0.31,0.41,cp
0.36,0.56,0.48,0.5,0.43,0.45,0.53,cp
0.4,0.46,0.48,0.5,0.52,0.49,0.56,cp
0.5,0.49,0.48,0.5,0.49,0.46,0.53,cp
0.52,0.44,0.48,0.5,0.37,0.36,0.42,cp
0.5,0.51,0.48,0.5,0.27,0.23,0.34,cp
0.53,0.42,0.48,0.5,0.16,0.29,0.39,cp
0.34,0.46,0.48,0.5,0.52,0.35,0.44,cp
0.4,0.42,0.48,0.5,0.37,0.27,0.27,cp
0.41,0.43,0.48,0.5,0.5,0.24,0.25,cp
0.3,0.45,0.48,0.5,0.36,0.21,0.32,cp
0.31,0.47,0.48,0.5,0.29,0.28,0.39,cp
0.64,0.76,0.48,0.5,0.45,0.35,0.38,cp
0.35,0.37,0.48,0.5,0.3,0.34,0.43,cp
0.57,0.54,0.48,0.5,0.37,0.28,0.33,cp
0.65,0.55,0.48,0.5,0.34,0.37,0.28,cp
0.51,0.46,0.48,0.5,0.58,0.31,0.41,cp
0.38,0.4,0.48,0.5,0.63,0.25,0.35,cp
0.24,0.57,0.48,0.5,0.63,0.34,0.43,cp
0.38,0.26,0.48,0.5,0.54,0.16,0.28,cp
0.33,0.47,0.48,0.5,0.53,0.18,0.29,cp
0.24,0.34,0.48,0.5,0.38,0.3,0.4,cp
0.26,0.5,0.48,0.5,0.44,0.32,0.41,cp
0.44,0.49,0.48,0.5,0.39,0.38,0.4,cp
0.43,0.32,0.48,0.5,0.33,0.45,0.52,cp
0.49,0.43,0.48,0.5,0.49,0.3,0.4,cp
0.47,0.28,0.48,0.5,0.56,0.2,0.25,cp
0.32,0.33,0.48,0.5,0.6,0.06,0.2,cp
0.34,0.35,0.48,0.5,0.51,0.49,0.56,cp
0.35,0.34,0.48,0.5,0.46,0.3,0.27,cp
0.38,0.3,0.48,0.5,0.43,0.29,0.39,cp
0.38,0.44,0.48,0.5,0.43,0.2,0.31,cp
0.41,0.51,0.48,0.5,0.58,0.2,0.31,cp
0.34,0.42,0.48,0.5,0.41,0.34,0.43,cp
0.51,0.49,0.48,0.5,0.53,0.14,0.26,cp
0.25,0.51,0.48,0.5,0.37,0.42,0.5,cp
0.29,0.28,0.48,0.5,0.5,0.42,0.5,cp
0.25,0.26,0.48,0.5,0.39,0.32,0.42,cp
0.24,0.41,0.48,0.5,0.49,0.23,0.34,cp
0.17,0.39,0.48,0.5,0.53,0.3,0.39,cp
0.04,0.31,0.48,0.5,0.41,0.29,0.39,cp
0.61,0.36,0.48,0.5,0.49,0.35,0.44,cp
0.34,0.51,0.48,0.5,0.44,0.37,0.46,cp
0.28,0.33,0.48,0.5,0.45,0.22,0.33,cp
0.4,0.46,0.48,0.5,0.42,0.35,0.44,cp
0.23,0.34,0.48,0.5,0.43,0.26,0.37,cp
0.37,0.44,0.48,0.5,0.42,0.39,0.47,cp
0.0,0.38,0.48,0.5,0.42,0.48,0.55,cp
0.39,0.31,0.48,0.5,0.38,0.34,0.43,cp
0.3,0.44,0.48,0.5,0.49,0.22,0.33,cp
0.27,0.3,0.48,0.5,0.71,0.28,0.39,cp
0.17,0.52,0.48,0.5,0.49,0.37,0.46,cp
0.36,0.42,0.48,0.5,0.53,0.32,0.41,cp
0.3,0.37,0.48,0.5,0.43,0.18,0.3,cp
0.26,0.4,0.48,0.5,0.36,0.26,0.37,cp
0.4,0.41,0.48,0.5,0.55,0.22,0.33,cp
0.22,0.34,0.48,0.5,0.42,0.29,0.39,cp
0.44,0.35,0.48,0.5,0.44,0.52,0.59,cp
0.27,0.42,0.48,0.5,0.37,0.38,0.43,cp
0.16,0.43,0.48,0.5,0.54,0.27,0.37,cp
0.06,0.61,0.48,0.5,0.49,0.92,0.37,im
0.44,0.52,0.48,0.5,0.43,0.47,0.54,im
0.63,0.47,0.48,0.5,0.51,0.82,0.84,im
0.23,0.48,0.48,0.5,0.59,0.88,0.89,im
0.34,0.49,0.48,0.5,0.58,0.85,0.8,im
0.43,0.4,0.48,0.5,0.58,0.75,0.78,im
0.46,0.61,0.48,0.5,0.48,0.86,0.87,im
0.27,0.35,0.48,0.5,0.51,0.77,0.79,im
0.52,0.39,0.48,0.5,0.65,0.71,0.73,im
0.29,0.47,0.48,0.5,0.71,0.65,0.69,im
0.55,0.47,0.48,0.5,0.57,0.78,0.8,im
0.12,0.67,0.48,0.5,0.74,0.58,0.63,im
0.4,0.5,0.48,0.5,0.65,0.82,0.84,im
0.73,0.36,0.48,0.5,0.53,0.91,0.92,im
0.84,0.44,0.48,0.5,0.48,0.71,0.74,im
0.48,0.45,0.48,0.5,0.6,0.78,0.8,im
0.54,0.49,0.48,0.5,0.4,0.87,0.88,im
0.48,0.41,0.48,0.5,0.51,0.9,0.88,im
0.5,0.66,0.48,0.5,0.31,0.92,0.92,im
0.72,0.46,0.48,0.5,0.51,0.66,0.7,im
0.47,0.55,0.48,0.5,0.58,0.71,0.75,im
0.33,0.56,0.48,0.5,0.33,0.78,0.8,im
0.64,0.58,0.48,0.5,0.48,0.78,0.73,im
0.54,0.57,0.48,0.5,0.56,0.81,0.83,im
0.47,0.59,0.48,0.5,0.52,0.76,0.79,im
0.63,0.5,0.48,0.5,0.59,0.85,0.86,im
0.49,0.42,0.48,0.5,0.53,0.79,0.81,im
0.31,0.5,0.48,0.5,0.57,0.84,0.85,im
0.74,0.44,0.48,0.5,0.55,0.88,0.89,im
0.33,0.45,0.48,0.5,0.45,0.88,0.89,im
0.45,0.4,0.48,0.5,0.61,0.74,0.77,im
0.71,0.4,0.48,0.5,0.71,0.7,0.74,im
0.5,0.37,0.48,0.5,0.66,0.64,0.69,im
0.66,0.53,0.48,0.5,0.59,0.66,0.66,im
0.6,0.61,0.48,0.5,0.54,0.67,0.71,im
0.83,0.37,0.48,0.5,0.61,0.71,0.74,im
0.34,0.51,0.48,0.5,0.67,0.9,0.9,im
0.63,0.54,0.48,0.5,0.65,0.79,0.81,im
0.7,0.4,0.48,0.5,0.56,0.86,0.83,im
0.6,0.5,1.0,0.5,0.54,0.77,0.8,im
0.16,0.51,0.48,0.5,0.33,0.39,0.48,im
0.74,0.7,0.48,0.5,0.66,0.65,0.69,im
0.2,0.46,0.48,0.5,0.57,0.78,0.81,im
0.89,0.55,0.48,0.5,0.51,0.72,0.76,im
0.7,0.46,0.48,0.5,0.56,0.78,0.73,im
0.12,0.43,0.48,0.5,0.63,0.7,0.74,im
0.61,0.52,0.48,0.5,0.54,0.67,0.52,im
0.33,0.37,0.48,0.5,0.46,0.65,0.69,im
0.63,0.65,0.48,0.5,0.66,0.67,0.71,im
0.41,0.51,0.48,0.5,0.53,0.75,0.78,im
0.34,0.67,0.48,0.5,0.52,0.76,0.79,im
0.58,0.34,0.48,0.5,0.56,0.87,0.81,im
0.59,0.56,0.48,0.5,0.55,0.8,0.82,im
0.51,0.4,0.48,0.5,0.57,0.62,0.67,im
0.5,0.57,0.48,0.5,0.71,0.61,0.66,im
0.6,0.46,0.48,0.5,0.45,0.81,0.83,im
0.37,0.47,0.48,0.5,0.39,0.76,0.79,im
0.58,0.55,0.48,0.5,0.57,0.7,0.74,im
0.36,0.47,0.48,0.5,0.51,0.69,0.72,im
0.39,0.41,0.48,0.5,0.52,0.72,0.75,im
0.35,0.51,0.48,0.5,0.61,0.71,0.74,im
0.31,0.44,0.48,0.5,0.5,0.79,0.82,im
0.61,0.66,0.48,0.5,0.46,0.87,0.88,im
0.48,0.49,0.48,0.5,0.52,0.77,0.71,im
0.11,0.5,0.48,0.5,0.58,0.72,0.68,im
0.31,0.36,0.48,0.5,0.58,0.94,0.94,im
0.68,0.51,0.48,0.5,0.71,0.75,0.78,im
0.69,0.39,0.48,0.5,0.57,0.76,0.79,im
0.52,0.54,0.48,0.5,0.62,0.76,0.79,im
0.46,0.59,0.48,0.5,0.36,0.76,0.23,im
0.36,0.45,0.48,0.5,0.38,0.79,0.17,im
0.0,0.51,0.48,0.5,0.35,0.67,0.44,im
0.1,0.49,0.48,0.5,0.41,0.67,0.21,im
0.3,0.51,0.48,0.5,0.42,0.61,0.34,im
0.61,0.47,0.48,0.5,0.0,0.8,0.32,im
0.63,0.75,0.48,0.5,0.64,0.73,0.66,im
0.71,0.52,0.48,0.5,0.64,1.0,0.99,im
0.85,0.53,0.48,0.5,0.53,0.52,0.35,imS
0.63,0.49,0.48,0.5,0.54,0.76,0.79,imS
0.75,0.55,1.0,1.0,0.4,0.47,0.3,imL
0.7,0.39,1.0,0.5,0.51,0.82,0.84,imL
0.72,0.42,0.48,0.5,0.65,0.77,0.79,imU
0.79,0.41,0.48,0.5,0.66,0.81,0.83,imU
0.83,0.48,0.48,0.5,0.65,0.76,0.79,imU
0.69,0.43,0.48,0.5,0.59,0.74,0.77,imU
0.79,0.36,0.48,0.5,0.46,0.82,0.7,imU
0.78,0.33,0.48,0.5,0.57,0.77,0.79,imU
0.75,0.37,0.48,0.5,0.64,0.7,0.74,imU
0.59,0.29,0.48,0.5,0.64,0.75,0.77,imU
0.67,0.37,0.48,0.5,0.54,0.64,0.68,imU
0.66,0.48,0.48,0.5,0.54,0.7,0.74,imU
0.64,0.46,0.48,0.5,0.48,0.73,0.76,imU
0.76,0.71,0.48,0.5,0.5,0.71,0.75,imU
0.84,0.49,0.48,0.5,0.55,0.78,0.74,imU
0.77,0.55,0.48,0.5,0.51,0.78,0.74,imU
0.81,0.44,0.48,0.5,0.42,0.67,0.68,imU
0.58,0.6,0.48,0.5,0.59,0.73,0.76,imU
0.63,0.42,0.48,0.5,0.48,0.77,0.8,imU
0.62,0.42,0.48,0.5,0.58,0.79,0.81,imU
0.86,0.39,0.48,0.5,0.59,0.89,0.9,imU
0.81,0.53,0.48,0.5,0.57,0.87,0.88,imU
0.87,0.49,0.48,0.5,0.61,0.76,0.79,imU
0.47,0.46,0.48,0.5,0.62,0.74,0.77,imU
0.76,0.41,0.48,0.5,0.5,0.59,0.62,imU
0.7,0.53,0.48,0.5,0.7,0.86,0.87,imU
0.64,0.45,0.48,0.5,0.67,0.61,0.66,imU
0.81,0.52,0.48,0.5,0.57,0.78,0.8,imU
0.73,0.26,0.48,0.5,0.57,0.75,0.78,imU
0.49,0.61,1.0,0.5,0.56,0.71,0.74,imU
0.88,0.42,0.48,0.5,0.52,0.73,0.75,imU
0.84,0.54,0.48,0.5,0.75,0.92,0.7,imU
0.63,0.51,0.48,0.5,0.64,0.72,0.76,imU
0.86,0.55,0.48,0.5,0.63,0.81,0.83,imU
0.79,0.54,0.48,0.5,0.5,0.66,0.68,imU
0.57,0.38,0.48,0.5,0.06,0.49,0.33,imU
0.78,0.44,0.48,0.5,0.45,0.73,0.68,imU
0.78,0.68,0.48,0.5,0.83,0.4,0.29,om
0.63,0.69,0.48,0.5,0.65,0.41,0.28,om
0.67,0.88,0.48,0.5,0.73,0.5,0.25,om
0.61,0.75,0.48,0.5,0.51,0.33,0.33,om
0.67,0.84,0.48,0.5,0.74,0.54,0.37,om
0.74,0.9,0.48,0.5,0.57,0.53,0.29,om
0.73,0.84,0.48,0.5,0.86,0.58,0.29,om
0.75,0.76,0.48,0.5,0.83,0.57,0.3,om
0.77,0.57,0.48,0.5,0.88,0.53,0.2,om
0.74,0.78,0.48,0.5,0.75,0.54,0.15,om
0.68,0.76,0.48,0.5,0.84,0.45,0.27,om
0.56,0.68,0.48,0.5,0.77,0.36,0.45,om
0.65,0.51,0.48,0.5,0.66,0.54,0.33,om
0.52,0.81,0.48,0.5,0.72,0.38,0.38,om
0.64,0.57,0.48,0.5,0.7,0.33,0.26,om
0.6,0.76,1.0,0.5,0.77,0.59,0.52,om
0.69,0.59,0.48,0.5,0.77,0.39,0.21,om
0.63,0.49,0.48,0.5,0.79,0.45,0.28,om
0.71,0.71,0.48,0.5,0.68,0.43,0.36,om
0.68,0.63,0.48,0.5,0.73,0.4,0.3,om
0.77,0.57,1.0,0.5,0.37,0.54,0.01,omL
0.66,0.49,1.0,0.5,0.54,0.56,0.36,omL
0.71,0.46,1.0,0.5,0.52,0.59,0.3,omL
0.67,0.55,1.0,0.5,0.66,0.58,0.16,omL
0.68,0.49,1.0,0.5,0.62,0.55,0.28,omL
0.74,0.49,0.48,0.5,0.42,0.54,0.36,pp
0.7,0.61,0.48,0.5,0.56,0.52,0.43,pp
0.66,0.86,0.48,0.5,0.34,0.41,0.36,pp
0.73,0.78,0.48,0.5,0.58,0.51,0.31,pp
0.65,0.57,0.48,0.5,0.47,0.47,0.51,pp
0.72,0.86,0.48,0.5,0.17,0.55,0.21,pp
0.67,0.7,0.48,0.5,0.46,0.45,0.33,pp
0.67,0.81,0.48,0.5,0.54,0.49,0.23,pp
0.67,0.61,0.48,0.5,0.51,0.37,0.38,pp
0.63,1.0,0.48,0.5,0.35,0.51,0.49,pp
0.57,0.59,0.48,0.5,0.39,0.47,0.33,pp
0.71,0.71,0.48,0.5,0.4,0.54,0.39,pp
0.66,0.74,0.48,0.5,0.31,0.38,0.43,pp
0.67,0.81,0.48,0.5,0.25,0.42,0.25,pp
0.64,0.72,0.48,0.5,0.49,0.42,0.19,pp
0.68,0.82,0.48,0.5,0.38,0.65,0.56,pp
0.32,0.39,0.48,0.5,0.53,0.28,0.38,pp
0.7,0.64,0.48,0.5,0.47,0.51,0.47,pp
0.63,0.57,0.48,0.5,0.49,0.7,0.2,pp
0.74,0.82,0.48,0.5,0.49,0.49,0.41,pp
0.63,0.86,0.48,0.5,0.39,0.47,0.34,pp
0.63,0.83,0.48,0.5,0.4,0.39,0.19,pp
0.63,0.71,0.48,0.5,0.6,0.4,0.39,pp
0.71,0.86,0.48,0.5,0.4,0.54,0.32,pp
0.68,0.78,0.48,0.5,0.43,0.44,0.42,pp
0.64,0.84,0.48,0.5,0.37,0.45,0.4,pp
0.74,0.47,0.48,0.5,0.5,0.57,0.42,pp
0.75,0.84,0.48,0.5,0.35,0.52,0.33,pp
0.63,0.65,0.48,0.5,0.39,0.44,0.35,pp
0.69,0.67,0.48,0.5,0.3,0.39,0.24,pp
0.7,0.71,0.48,0.5,0.42,0.84,0.85,pp
0.69,0.8,0.48,0.5,0.46,0.57,0.26,pp
0.64,0.66,0.48,0.5,0.41,0.39,0.2,pp
0.63,0.8,0.48,0.5,0.46,0.31,0.29,pp
0.66,0.71,0.48,0.5,0.41,0.5,0.35,pp
0.69,0.59,0.48,0.5,0.46,0.44,0.52,pp
0.68,0.67,0.48,0.5,0.49,0.4,0.34,pp
0.64,0.78,0.48,0.5,0.5,0.36,0.38,pp
0.62,0.78,0.48,0.5,0.47,0.49,0.54,pp
0.76,0.73,0.48,0.5,0.44,0.39,0.39,pp
0.64,0.81,0.48,0.5,0.37,0.39,0.44,pp
0.29,0.39,0.48,0.5,0.52,0.4,0.48,pp
0.62,0.83,0.48,0.5,0.46,0.36,0.4,pp
0.56,0.54,0.48,0.5,0.43,0.37,0.3,pp
0.69,0.66,0.48,0.5,0.41,0.5,0.25,pp
0.69,0.65,0.48,0.5,0.63,0.48,0.41,pp
0.43,0.59,0.48,0.5,0.52,0.49,0.56,pp
0.74,0.56,0.48,0.5,0.47,0.68,0.3,pp
0.71,0.57,0.48,0.5,0.48,0.35,0.32,pp
0.61,0.6,0.48,0.5,0.44,0.39,0.38,pp
0.59,0.61,0.48,0.5,0.42,0.42,0.37,pp
0.74,0.74,0.48,0.5,0.31,0.53,0.52,pp
0.7154188943206907,0.4393404618262106,1.0,0.6541889432069081,0.47607843249448023,0.7120677397551642,0.6734759413365393,imL
0.7158188853778975,0.44062043320927224,1.0,0.6581888537789756,0.4751984521686254,0.709267802354717,0.6691560379187063,imL
0.7326320642414474,0.4944226055726319,1.0,0.8263206424144747,0.4382094586688156,0.5915755503098677,0.4875737061923674,imL
0.7133918661329511,0.4328539716254436,1.0,0.6339186613295112,0.48053789450750756,0.7262569370693421,0.6953678457641279,imL
0.7189675057397207,0.4506960183671063,1.0,0.6896750573972071,0.4682714873726144,0.687227459821955,0.6351509380110163,imL
0.7081580536740067,0.4161057717568216,1.0,0.5815805367400675,0.4920522819171852,0.7628936242819527,0.7518930203207271,imL
0.7409122615313212,0.5209192369002277,1.0,0.9091226153132114,0.4199930246310935,0.533614169280752,0.39814757546173174,imL
0.719876401400785,0.4536044844825121,1.0,0.6987640140078504,0.46627191691827297,0.6808651901945046,0.6253348648715216,imL
0.7053829887179842,0.4072255638975495,1.0,0.5538298871798422,0.49815742482043474,0.7823190789741105,0.7818637218457705,imL
0.7305158915901792,0.48765085308857337,1.0,0.8051589159017917,0.44286503850160586,0.6063887588687458,0.510428370826065,imL
0.7351577552142192,0.5025048166855016,1.0,0.8515775521421926,0.43265293852871767,0.5738957135004652,0.46029624368643207,imL
0.7253312743004001,0.47106007776128056,1.0,0.7533127430040018,0.4542711965391196,0.6426810798971987,0.5664222375556781,imL
0.71955870098896,0.45258784316467227,1.0,0.6955870098896006,0.4669708578242879,0.6830890930772795,0.6287660293192313,imL
0.7477782010369459,0.5428902433182272,1.0,0.9777820103694598,0.4048879577187189,0.48555259274137813,0.3239954288009834,imL
0.7447855173225902,0.5333136554322888,1.0,0.9478551732259023,0.4114718618903015,0.5065013787418684,0.3563164129160255,imL
0.7243535409435201,0.4679313310192644,1.0,0.743535409435201,0.4564222099242558,0.6495252133953593,0.576981757809983,imL
0.728704113041579,0.4818531617330528,1.0,0.78704113041579,0.4468509513085262,0.6190712087089469,0.5299955791509467,imL
0.7173147831758904,0.4454073061628494,1.0,0.6731478317589044,0.47190747701304103,0.698796517768767,0.6530003417003833,imL
0.7003878017711291,0.39124096566761324,1.0,0.5038780177112913,0.509146836103516,0.817285387602096,0.8358117408718055,imL
0.7158799942101188,0.4408159814723802,1.0,0.6587999421011881,0.47506401273773863,0.7088400405291683,0.6684960625307168,imL
0.7316811475663134,0.49137967221220297,1.0,0.8168114756631342,0.4403014753541105,0.5982319670358061,0.4978436062838152,imL
0.7353598180372349,0.5031514177191517,1.0,0.8535981803723489,0.4322084003180833,0.5724812737393556,0.45811396519786307,imL
0.7327516736704386,0.4948053557454034,1.0,0.8275167367043856,0.4379463179250352,0.5907382843069301,0.48628192435926354,imL
0.7306604182788958,0.4881133384924668,1.0,0.8066041827889585,0.44254707978642915,0.605377072047729,0.5088674825879247,imL
0.7022775652494152,0.39728820879812865,1.0,0.522775652494152,0.5049893564512866,0.8040570432540936,0.8154022953063158,imL
0.713463611841921,0.4330835578941471,1.0,0.6346361184192095,0.4803800539477739,0.7257547171065533,0.6945929921072537,imL
0.7402206855606962,0.518706193794228,1.0,0.9022068556069625,0.42151449176646827,0.5384552010751262,0.40561659594448063,imL
0.7179706474637726,0.44750607188407243,1.0,0.6797064746377262,0.47046457557970023,0.6942054677535916,0.6459170073912557,imL
0.7387569922013507,0.5140223750443224,1.0,0.8875699220135074,0.4247346171570284,0.5487010545905449,0.4214244842254121,imL
0.7351267709174935,0.5024056669359793,1.0,0.8512677091749352,0.4327211039815143,0.5741126035775453,0.46063087409107006,imL
0.7372720127804256,0.5092704408973621,1.0,0.8727201278042565,0.4280015718830636,0.5590959105370205,0.4374622619714031,imL
0.7347247490883974,0.5011191970828716,1.0,0.8472474908839734,0.43360555200552586,0.5769267563812186,0.4649727098453087,imL
0.7225003320521795,0.4620010625669743,1.0,0.7250033205217947,0.4604992694852052,0.6624976756347437,0.5969964138364618,imL
0.7221274412465971,0.4608078119891109,1.0,0.7212744124659716,0.46131962925748626,0.6651079112738199,0.6010236345367507,imL
0.7308408224482021,0.4886906318342469,1.0,0.8084082244820213,0.44215019061395533,0.604114242862585,0.506919117559417,imL
0.7246395249694824,0.4688464799023435,1.0,0.7463952496948234,0.45579304506713886,0.6475233252136237,0.5738931303295908,imL
0.7177468263058149,0.4467898441786077,1.0,0.677468263058149,0.4709569821272072,0.6957722158592956,0.648334275897199,imL
0.7267805437548372,0.47569774001547915,1.0,0.7678054375483723,0.4510828037393581,0.6325361937161393,0.5507701274477579,imL
0.7462390419616841,0.5379649342773891,1.0,0.9623904196168409,0.408274107684295,0.49632670626821135,0.3406183468138118,imL
0.7428108857661342,0.5269948344516295,1.0,0.9281088576613422,0.4158160513145047,0.5203237996370604,0.3776424337257504,imL
0.717003740328541,0.44441196905133123,1.0,0.67003740328541,0.4725917712772098,0.7009738177002129,0.6563596044517572,imL
0.7340101733240075,0.4988325546368243,1.0,0.840101733240076,0.4351776186871833,0.5819287867319468,0.472690128100718,imL
0.7229971026104298,0.46359072835337556,1.0,0.7299710261042986,0.45940637425705433,0.659020281726991,0.5916312918073575,imL
0.7085877346334577,0.4174807508270647,1.0,0.5858773463345772,0.491106983806393,0.7598858575657959,0.7472524659586566,imL
0.7037265137162609,0.4019248438920352,1.0,0.53726513716261,0.5018016698242258,0.793914403986173,0.7997536518643813,imL
0.7471420605982483,0.5408545939143944,1.0,0.9714206059824825,0.40628746668385385,0.49000557581226223,0.3308657455389189,imL
0.7011044907437155,0.3935343703798897,1.0,0.5110449074371551,0.5075701203638259,0.8122685647939913,0.8280714999678724,imL
0.7478268716238357,0.5430459891962741,1.0,0.9782687162383565,0.40478088242756155,0.48521189863315034,0.32346978646257485,imL
0.7457276133062625,0.53632836258004,1.0,0.9572761330626247,0.4093992507262226,0.4999067068561626,0.34614177629236526,imL
0.7298656591824874,0.48557010938395956,1.0,0.7986565918248735,0.44429554979852787,0.6109403857225886,0.5174508808291367,imL
0.7097868884662051,0.42131804309185616,1.0,0.5978688846620506,0.48846884537434887,0.7514917807365645,0.7343016045649854,imL
0.7024234460254407,0.39775502728141043,1.0,0.5242344602544076,0.5046684187440303,0.8030358778219147,0.8138267829252397,imL
0.7331251699312152,0.49600054377988895,1.0,0.8312516993121529,0.43712462615132636,0.5881238104814929,0.48224816474287485,imL
0.747302049974298,0.5413665599177537,1.0,0.9730204997429803,0.40593549005654433,0.4888856501799137,0.3291378602775812,imL
0.7437647282534124,0.5300471304109198,1.0,0.9376472825341243,0.4137175978424927,0.513646902226113,0.36734093486314573,imL
0.7286929858786272,0.4818175548116071,1.0,0.7869298587862721,0.44687543106702016,0.6191490988496096,0.5301157525108262,imL
0.7211244465494139,0.4575982289581247,1.0,0.7112444654941394,0.4635262175912893,0.6721288741541023,0.6118559772663293,imL
0.741112116266549,0.521558772052957,1.0,0.9111211626654903,0.41955334421359214,0.5322151861341567,0.39598914432127047,imL
0.7142549748224025,0.4356159194316883,1.0,0.6425497482240259,0.47863905539071433,0.7202151762431819,0.6860462719180521,imL
0.7314353408018138,0.4905930905658043,1.0,0.8143534080181384,0.4408422502360096,0.5999526143873031,0.5004983193404106,imL
0.7486880601424997,0.5458017924559989,1.0,0.9868806014249966,0.40288626768650077,0.47918357900250236,0.3141689504610037,imL
0.7412842491724974,0.5221095973519915,1.0,0.9128424917249733,0.4191746518205059,0.5310102557925186,0.3941301089370287,imL
0.731085415799783,0.4894733305593059,1.0,0.810854157997831,0.44161208524047724,0.6024020894015183,0.5042775093623426,imL
0.7431628065838735,0.528120981068395,1.0,0.9316280658387344,0.41504182551547847,0.5178603539128859,0.3738416888941669,imL
0.7379949774671074,0.5115839278947436,1.0,0.8799497746710737,0.4264110495723638,0.5540351577302484,0.4296542433552404,imL
0.7128270537743536,0.4310465720779316,1.0,0.6282705377435364,0.481780481696422,0.7302106235795245,0.7014678192369808,imL
0.7024680386148103,0.39789772356739334,1.0,0.5246803861481042,0.5045703150474171,0.802723729696327,0.8133451829600475,imL
0.7099120175919903,0.4217184562943691,1.0,0.5991201759199033,0.48819356129762126,0.7506158768560676,0.7329502100065044,imL
0.7070220404591145,0.41247052946916674,1.0,0.570220404591146,0.4945515109899479,0.7708457167861977,0.7641619630415624,imL
0.717386662542652,0.4456373201364866,1.0,0.6738666254265205,0.4717493424061655,0.6982933622014356,0.6522240445393579,imL
0.701991861905036,0.39637395809611564,1.0,0.5199186190503613,0.5056179038089205,0.806056966664747,0.8184878914256097,imL
0.7446871133522249,0.5329987627271198,1.0,0.9468711335222489,0.4116883506251052,0.5071902065344257,0.35737917579597106,imL
0.7259484565910395,0.4730350610913262,1.0,0.7594845659103943,0.45291339549971327,0.638360803862724,0.5597566688167741,imL
0.740946695812686,0.5210294266005951,1.0,0.9094669581268597,0.4199172692120909,0.5333731293111982,0.3977756852229915,imL
0.7451469390681482,0.5344702050180743,1.0,0.9514693906814821,0.410676734050074,0.5039714265229625,0.3524130580639993,imL
0.7298847757576332,0.4856312824244264,1.0,0.7988477575763324,0.4442534933332069,0.6108065696965673,0.5172444218175609,imL
0.7001743344048862,0.39055787009563586,1.0,0.5017433440488621,0.5096164643092503,0.8187796591657965,0.8381171884272289,imL
0.7274156161339874,0.47772997162875974,1.0,0.7741561613398742,0.4496856445052277,0.628090687062088,0.5439113457529359,imL
0.705177335663797,0.40656747412415084,1.0,0.5517733566379712,0.4986098615396463,0.7837586503534201,0.7840847748309909,imL
0.7494839443657382,0.5483486219703624,1.0,0.9948394436573823,0.4011353223953759,0.47361238943983236,0.30557340085002704,imL
0.7214166610550348,0.4585333153761114,1.0,0.7141666105503481,0.4628833456789234,0.6700833726147563,0.608700060605624,imL
0.7133709462663869,0.432787028052438,1.0,0.6337094626638686,0.4805839182139489,0.7264033761352919,0.6955937803230218,imL
0.7162509633529632,0.44200308272948247,1.0,0.6625096335296325,0.47424788062348083,0.7062432565292571,0.6644895957879967,imL
0.7378844203290178,0.5112301450528571,1.0,0.8788442032901782,0.4266542752761608,0.5548090576968752,0.4308482604466074,imL
0.7123691804671247,0.42958137749479924,1.0,0.6236918046712476,0.48278780297232554,0.7334157367301266,0.7064128509550525,imL
0.7021651699482011,0.3969285438342436,1.0,0.5216516994820111,0.5052366261139576,0.8048438103625921,0.816616164559428,imL
0.7199650689594068,0.453888220670102,1.0,0.6996506895940686,0.46607684828930496,0.680244517284152,0.6243772552384059,imL
0.7315405967126956,0.49092990948062587,1.0,0.8154059671269558,0.44061068723206975,0.5992158230111309,0.4993615555028877,imL
0.7099231398163593,0.42175404741234995,1.0,0.5992313981635936,0.4881690924040094,0.7505380212854844,0.7328300899833189,imL
0.7323687664226671,0.49358005255253484,1.0,0.8236876642266713,0.43878871387013235,0.5934186350413301,0.49041732263519494,imL
0.7295519121555093,0.4845661188976298,1.0,0.795519121555093,0.44498579325787957,0.6131366149114348,0.5208393487204994,imL
0.738884389979107,0.5144300479331424,1.0,0.8888438997910699,0.4244543420459646,0.5478092701462509,0.42004858822564434,imL
0.7330206012509113,0.49566592400291615,1.0,0.8302060125091129,0.4373546772479952,0.588855791243621,0.4833775064901581,imL
0.7346229588485398,0.5007934683153276,1.0,0.8462295884853984,0.43382949053321235,0.577639288060221,0.46607204443576966,imL
0.7456019336970848,0.5359261878306716,1.0,0.9560193369708484,0.40967574586641337,0.5007864641204061,0.34749911607148365,imL
0.7136464320564155,0.43366858258052965,1.0,0.6364643205641551,0.4799778494758859,0.7244749756050913,0.6926185337907125,imL
0.7281766611306841,0.4801653156181892,1.0,0.7817666113068411,0.44801134551249494,0.6227633720852112,0.5356920597886115,imL
0.7135800344596697,0.43345611027094294,1.0,0.6358003445966967,0.48012392418872674,0.7249397587823123,0.6933356278355676,imL
0.7260149690036508,0.4732479008116828,1.0,0.7601496900365087,0.4527670681919681,0.6378952169744438,0.5590383347605705,imL
0.7455159630572437,0.5356510817831797,1.0,0.9551596305724362,0.40986488127406406,0.5013882585992946,0.3484275989817688,imL
0.7401413511211494,0.5184523235876781,1.0,0.901413511211494,0.4216890275334713,0.5390105421519541,0.4064734078915863,imL
0.7100735099096599,0.42223523171091193,1.0,0.6007350990965998,0.48783827819874803,0.7494854306323802,0.7312060929756722,imL
0.7240080411090017,0.46682573154880563,1.0,0.7400804110900175,0.4571823095601962,0.6519437122369877,0.580713156022781,imL
0.7052411386619953,0.4067716437183851,1.0,0.5524113866199534,0.49846949494361026,0.7833120293660326,0.7833957024504504,imL
0.7488839644336038,0.5464286861875323,1.0,0.9888396443360382,0.40245527824607163,0.4778122489647732,0.3120531841170786,imL
0.7170046839300552,0.44441498857617695,1.0,0.6700468393005529,0.4725896953538784,0.7009672124896129,0.6563494135554029,imL
0.7102339096100891,0.4227485107522855,1.0,0.6023390961008921,0.4874853988578038,0.7483626327293755,0.7294737762110366,imL
0.7295342473133446,0.48450959140270267,1.0,0.7953424731334457,0.44502465591064194,0.6132602688065879,0.5210301290158785,imL
0.7285184039640595,0.48125889268499045,1.0,0.7851840396405951,0.4472595112790691,0.6203711722515834,0.5320012371881573,imL
0.7291469388943889,0.48327020446204433,1.0,0.7914693889438884,0.44587673443234455,0.615971427739278,0.5252130599406004,imL
0.7376327429612782,0.5104247774760905,1.0,0.8763274296127828,0.4272079654851878,0.556570799271052,0.43356637601819464,imL
0.7497990401855352,0.5493569285937128,1.0,0.9979904018553524,0.4004421115918225,0.47140671870125334,0.3021703659962194,imL
0.7243196231981961,0.4678227942342277,1.0,0.7431962319819614,0.4564968289639685,0.649762637612627,0.5773480694594816,imL
0.7098642874592959,0.4215657198697468,1.0,0.5986428745929586,0.4882985675895491,0.7509499877849288,0.7334656954396046,imL
0.7261366637740742,0.47363732407703746,1.0,0.761366637740742,0.45249933969703676,0.6370433535814806,0.5577240312399986,imL
0.7400594937669169,0.5181903800541341,1.0,0.9005949376691691,0.4218691137127828,0.5395835436315817,0.40735746731729733,imL
0.7096228379797618,0.420793081535238,1.0,0.5962283797976186,0.4888297564445239,0.752640134141667,0.7360733498185719,imL
0.7234668043060342,0.46509377377930927,1.0,0.7346680430603414,0.4583730305267249,0.655732369857761,0.5865585134948312,imL
0.7116134351001798,0.4271629923205757,1.0,0.6161343510017989,0.48445044277960425,0.7387059542987406,0.7145749009180571,imL
0.7324467730986158,0.4938296739155707,1.0,0.8244677309861583,0.4386170991830452,0.5928725883096891,0.4895748505349489,imL
0.7220176397047606,0.46045644705523403,1.0,0.7201763970476062,0.46156119264952666,0.6658765220666756,0.6022094911885854,imL
0.7329884010582297,0.4955628833863351,1.0,0.829884010582297,0.4374255176718947,0.5890811925923921,0.4837252685711192,imL
0.7225913681478285,0.4622923780730513,1.0,0.7259136814782852,0.46029899007477726,0.6618604229652003,0.5960132240034519,imL
0.7105493023097463,0.42375776739118853,1.0,0.6054930230974642,0.48679153491855787,0.7461548838317751,0.7260675350547386,imL
0.7213802902271329,0.45841692872682543,1.0,0.7138029022713295,0.46296336150030754,0.6703379684100694,0.6090928655469642,imL
0.7287981353311556,0.48215403305969773,1.0,0.7879813533115554,0.44664410227145784,0.6184130526819112,0.5289801384235202,imL
0.7038587643748924,0.4023480459996556,1.0,0.5385876437489238,0.5015107183752368,0.7929886493757533,0.7983253447511623,imL
0.7070080642799628,0.4124258056958811,1.0,0.5700806427996283,0.4945822585840818,0.77094355004026,0.7643129057764013,imL
0.7217906387968726,0.4597300441499922,1.0,0.7179063879687255,0.4620605946468804,0.667465528421892,0.6046611009937763,imL
0.7016300430542658,0.3952161377736506,1.0,0.5163004305426582,0.5064139052806153,0.8085896986201392,0.8223955350139291,imL
0.7099219072653306,0.42175010324905804,1.0,0.5992190726533063,0.48817180401627264,0.7505466491426855,0.7328434015344292,imL
0.7248896442613015,0.4696468616361651,1.0,0.7488964426130158,0.45524278262513657,0.645772490170889,0.5711918419779429,imL
0.7365129257179824,0.5068413622975441,1.0,0.865129257179825,0.42967156342043855,0.5644095199741225,0.44566040224578896,imL
0.7420094886707506,0.5244303637464018,1.0,0.9200948867075056,0.4175791249243488,0.525933579304746,0.3862975223558939,imL
0.7198340616885487,0.453468997403356,1.0,0.6983406168854873,0.4663650642851928,0.6811615681801588,0.6257921337636736,imL
0.7325704965820412,0.49422558906253194,1.0,0.8257049658204122,0.43834490751950933,0.5920065239257114,0.48823863691395475,imL
0.7282107616952727,0.4802744374248727,1.0,0.782107616952727,0.4479363242704001,0.622524668133091,0.5353237736910548,imL
0.7038803281763616,0.4024170501643572,1.0,0.5388032817636162,0.5014632780120044,0.7928377027654686,0.7980924556952944,imL
0.7388559582465739,0.5143390663890365,1.0,0.8885595824657391,0.42451689185753744,0.5480082922739826,0.4203556509370018,imL
0.700177648569669,0.3905684754229411,1.0,0.5017764856966909,0.509609173146728,0.8187564600123164,0.8380813954475739,imL
0.6802568711150059,0.4991376129300011,0.48,0.5,0.5377155967674998,0.7051743224199936,0.6894862577699883,imS
0.8307869693374494,0.5265067216977181,0.48,0.5,0.5308733195755705,0.5409596698136915,0.38842606132510105,imS
0.7043714727782859,0.5035220859596884,0.48,0.5,0.536619478510078,0.6788674842418699,0.6412570544434282,imS
0.6482504282401123,0.4933182596800204,0.48,0.5,0.539170435079995,0.7400904419198776,0.7534991435197755,imS
0.781160730198784,0.5174837691270516,0.48,0.5,0.5331290577182372,0.5950973852376902,0.487678539602432,imS
0.6804635051042236,0.49917518274622247,0.48,0.5,0.5377062043134444,0.7049489035226651,0.6890729897915528,imS
0.7241122603732546,0.5071113200678645,0.48,0.5,0.5357221699830339,0.6573320795928131,0.6017754792534907,imS
0.8374393123054464,0.5277162386009903,0.48,0.5,0.5305709403497525,0.5337025683940585,0.37512137538910717,imS
0.7799628669063177,0.5172659758011486,0.48,0.5,0.5331835060497129,0.596404145193108,0.4900742661873647,imS
0.7498676493183319,0.5117941180578786,0.48,0.5,0.5345514704855304,0.6292352916527288,0.550264701363336,imS
0.7239280182138549,0.5070778214934282,0.48,0.5,0.535730544626643,0.657533071039431,0.6021439635722903,imS
0.6684781316297124,0.49699602393267495,0.48,0.5,0.5382509940168313,0.7180238564039502,0.7130437367405753,imS
0.6317845066467384,0.49032445575395245,0.48,0.5,0.539918886061512,0.7580532654762855,0.7864309867065233,imS
0.8098618199151397,0.52270214907548,0.48,0.5,0.53182446273113,0.5637871055471203,0.4302763601697206,imS
0.6739122361110569,0.49798404292928306,0.48,0.5,0.5380039892676792,0.7120957424243016,0.7021755277778863,imS
0.7377390843845721,0.5095889244335586,0.48,0.5,0.5351027688916103,0.6424664533986486,0.5745218312308557,imS
0.7332492719143131,0.5087725948935115,0.48,0.5,0.5353068512766221,0.6473644306389312,0.5835014561713738,imS
0.8103979452287645,0.5227996264052299,0.48,0.5,0.5318000933986925,0.5632022415686205,0.42920410954247085,imS
0.7258513256077916,0.5074275137468712,0.48,0.5,0.5356431215632822,0.6554349175187728,0.5982973487844168,imS
0.6595491577828987,0.4953725741423452,0.48,0.5,0.5386568564644137,0.7277645551459287,0.7309016844342027,imS
0.8408991203281726,0.5283452946051224,0.48,0.5,0.5304136763487195,0.5299282323692662,0.3682017593436546,imS
0.6778598543584909,0.49870179170154383,0.48,0.5,0.5378245520746141,0.7077892497907372,0.6942802912830182,imS
0.7674352838395353,0.51498823342537,0.48,0.5,0.5337529416436575,0.6100705994477797,0.5151294323209294,imS
0.7508631707534378,0.5119751219551705,0.48,0.5,0.5345062195112074,0.628149268268977,0.5482736584931244,imS
0.8000359316948582,0.5209156239445197,0.48,0.5,0.5322710940138701,0.574506256332882,0.44992813661028364,imS
0.6353148819342835,0.49096634216986973,0.48,0.5,0.5397584144575326,0.7542019469807817,0.779370236131433,imS
0.820068847824801,0.524557972331782,0.48,0.5,0.5313605069170545,0.552652166009308,0.40986230435039794,imS
0.6494567029557826,0.4935375823555968,0.48,0.5,0.5391156044111008,0.738774505866419,0.7510865940884348,imS
0.6307231337854996,0.49013147887009084,0.48,0.5,0.5399671302824773,0.759211126779455,0.7885537324290008,imS
0.7026841794422369,0.503215305353134,0.48,0.5,0.5366961736617165,0.6807081678811961,0.6446316411155263,imS
0.8333944048144202,0.5269808008753492,0.48,0.5,0.5307547997811628,0.5381151947479053,0.3832111903711597,imS
0.7612947358875772,0.5138717701613777,0.48,0.5,0.5340320574596557,0.6167693790317339,0.5274105282248455,imS
0.8311630015987791,0.5265750911997781,0.48,0.5,0.5308562272000555,0.5405494528013318,0.38767399680244163,imS
0.6730466647965954,0.4978266663266537,0.48,0.5,0.5380433334183367,0.7130400020400778,0.7039066704068093,imS
0.6741732360016603,0.4980314974548473,0.48,0.5,0.5379921256362882,0.7118110152709161,0.7016535279966795,imS
0.6316915742886168,0.4903075589615667,0.48,0.5,0.5399231102596084,0.7581546462305999,0.7866168514227665,imS
0.71700566864719,0.5058192124813072,0.48,0.5,0.5360451968796732,0.6650847251121564,0.6159886627056201,imS
0.7443065274099474,0.5107830049836268,0.48,0.5,0.5348042487540934,0.6353019700982392,0.5613869451801051,imS
0.6574538771904388,0.4949916140346252,0.48,0.5,0.5387520964913437,0.7300503157922487,0.7350922456191225,imS
0.7410539157073681,0.5101916210377033,0.48,0.5,0.5349520947405743,0.6388502737737802,0.5678921685852636,imS
0.7475428808211178,0.5113714328765668,0.48,0.5,0.5346571417808583,0.6317714027405988,0.5549142383577645,imS
0.781566701371701,0.5175575820675821,0.48,0.5,0.5331106044831045,0.5946545075945079,0.48686659725659787,imS
0.830817135714418,0.5265122064935306,0.48,0.5,0.5308719483766174,0.5409267610388168,0.38836572857116397,imS
0.645172590312084,0.49275865278401526,0.48,0.5,0.5393103368039962,0.7434480832959084,0.7596548193758321,imS
0.6604932026814497,0.4955442186693545,0.48,0.5,0.5386139453326614,0.7267346879838731,0.7290135946371006,imS
0.7939101793757131,0.5198018507955842,0.48,0.5,0.532549537301104,0.5811888952264949,0.4621796412485738,imS
0.7196875779437806,0.5063068323534147,0.48,0.5,0.5359232919116463,0.6621590058795122,0.6106248441124389,imS
0.6316349915555666,0.4902972711919212,0.48,0.5,0.5399256822020198,0.7582163728484729,0.7867300168888669,imS
0.7083409449450188,0.5042438081718216,0.48,0.5,0.5364390479570447,0.6745371509690705,0.6333181101099625,imS
0.7298955263545225,0.5081628229735495,0.48,0.5,0.5354592942566127,0.6510230621587028,0.590208947290955,imS
0.8306770096285511,0.5264867290233729,0.48,0.5,0.5308783177441568,0.5410796258597624,0.38864598074289775,imS
0.7288045242617726,0.507964458956686,0.48,0.5,0.5355088852608285,0.6522132462598844,0.5923909514764548,imS
0.6499905621324062,0.4936346476604375,0.48,0.5,0.5390913380848906,0.738192114037375,0.7500188757351873,imS
0.6929086954197157,0.5014379446217665,0.48,0.5,0.5371405138445584,0.6913723322694012,0.6641826091605687,imS
0.7608324665206565,0.5137877211855739,0.48,0.5,0.5340530697036066,0.6172736728865565,0.528335066958687,imS
0.7104864789930576,0.504633905271465,0.48,0.5,0.5363415236821337,0.6721965683712099,0.6290270420138848,imS
0.7106435575250181,0.5046624650045487,0.48,0.5,0.5363343837488629,0.6720252099727075,0.6287128849499638,imS
0.804269102530936,0.5216852913692611,0.48,0.5,0.5320786771576848,0.5698882517844335,0.44146179493812804,imS
0.8254347226347135,0.5255335859335843,0.48,0.5,0.531116603516604,0.5467984843984944,0.399130554730573,imS
0.8287369324964277,0.5261339877266232,0.48,0.5,0.5309665030683443,0.5431960736402607,0.39252613500714456,imS
0.8232423611968723,0.5251349747630677,0.48,0.5,0.5312162563092331,0.5491901514215939,0.4035152776062554,imS
0.6734342534490316,0.497897136990733,0.48,0.5,0.5380257157523167,0.7126171780556019,0.7031314931019367,imS
0.7011838365782227,0.5029425157414951,0.48,0.5,0.5367643710646263,0.6823449055510298,0.6476323268435547,imS
0.6321752115290162,0.4903954930052757,0.48,0.5,0.5399011267486811,0.757627041968346,0.7856495769419676,imS
0.7103010671296716,0.5046001940235767,0.48,0.5,0.5363499514941059,0.6723988358585402,0.6293978657406569,imS
0.8078616491093201,0.5223384816562401,0.48,0.5,0.53191537958594,0.5659691100625598,0.4342767017813596,imS
0.7159371154811685,0.5056249300874852,0.48,0.5,0.5360937674781288,0.666250419475089,0.6181257690376631,imS
0.7609332781668756,0.5138060505757955,0.48,0.5,0.5340484873560511,0.6171636965452265,0.5281334436662486,imS
0.7452403432499615,0.5109527896818112,0.48,0.5,0.5347618025795472,0.634283261909133,0.5595193135000771,imS
0.829496081879831,0.5262720148872421,0.48,0.5,0.5309319962781895,0.542367910676548,0.3910078362403379,imS
0.7261159155245087,0.5074756210044561,0.48,0.5,0.535631094748886,0.6551462739732632,0.5977681689509826,imS
0.7013230758274509,0.5029678319686275,0.48,0.5,0.5367580420078432,0.6821930081882354,0.6473538483450981,imS
0.7304863726901399,0.5082702495800254,0.48,0.5,0.5354324376049937,0.6503785025198474,0.5890272546197202,imS
0.7322751694758103,0.5085954853592383,0.48,0.5,0.5353511286601905,0.6484270878445706,0.5854496610483794,imS
0.6464152718542246,0.4929845948825863,0.48,0.5,0.5392538512793534,0.7420924307044822,0.7571694562915506,imS
0.6761007022701021,0.4983819458672913,0.48,0.5,0.5379045135331773,0.7097083247962522,0.6977985954597958,imS
0.6484535416768792,0.4933551893957962,0.48,0.5,0.5391612026510509,0.7398688636252228,0.7530929166462418,imS
0.7589848532544764,0.5134517915008139,0.48,0.5,0.5341370521247966,0.6192892509951167,0.5320302934910472,imS
0.7632244941537305,0.5142226353006782,0.48,0.5,0.5339443411748305,0.6146641881959304,0.523551011692539,imS
0.7744927760337,0.5162714138243091,0.48,0.5,0.5334321465439228,0.6023715170541454,0.5010144479325999,imS
0.8129416003615076,0.5232621091566377,0.48,0.5,0.5316844727108406,0.5604273450601736,0.4241167992769847,imS
0.7063890369019481,0.5038889158003542,0.48,0.5,0.5365277710499115,0.6766665051978747,0.6372219261961036,imS
0.7648370166587932,0.5145158212106897,0.48,0.5,0.5338710446973276,0.612905072735862,0.5203259666824136,imS
0.7997022180467781,0.5208549487357779,0.48,0.5,0.5322862628160556,0.5748703075853331,0.4505955639064439,imS
0.6812037956336929,0.4993097810243078,0.48,0.5,0.5376725547439231,0.7041413138541531,0.6875924087326142,imS
0.8330714398348102,0.5269220799699655,0.48,0.5,0.5307694800075087,0.5384675201802069,0.3838571203303794,imS
0.7118678512692252,0.5048850638671318,0.48,0.5,0.536278734033217,0.6706896167972088,0.6262642974615495,imS
0.7084944353442544,0.5042717155171371,0.48,0.5,0.5364320711207158,0.6743697068971771,0.6330111293114913,imS
0.8241079260168012,0.525292350184873,0.48,0.5,0.5311769124537817,0.5482458988907624,0.4017841479663975,imS
0.7596463281486174,0.513572059663385,0.48,0.5,0.5341069850841538,0.6185676420196902,0.5307073437027652,imS
0.7617827249836329,0.5139604954515696,0.48,0.5,0.5340098761371076,0.6162370272905823,0.5264345500327341,imS
0.6521334273943521,0.49402425952624585,0.48,0.5,0.5389939351184386,0.735854442842525,0.7457331452112959,imS
0.7040445392927734,0.503462643507777,0.48,0.5,0.5366343391230558,0.6792241389533381,0.6419109214144532,imS
0.8219399787661589,0.5248981779574835,0.48,0.5,0.5312754555106292,0.5506109322550994,0.4061200424676822,imS
0.6624744134207412,0.4959044388037711,0.48,0.5,0.5385238902990572,0.7245733671773732,0.7250511731585176,imS
0.767774920757057,0.5150499855921922,0.48,0.5,0.5337375036019519,0.6097000864468469,0.514450158485886,imS
0.7889799607359429,0.5189054474065351,0.48,0.5,0.5327736381483663,0.5865673155607896,0.4720400785281141,imS
0.7034460951126106,0.5033538354750201,0.48,0.5,0.536661541131245,0.6798769871498793,0.6431078097747788,imS
0.6790274194846906,0.4989140762699437,0.48,0.5,0.5377714809325141,0.7065155423803376,0.691945161030619,imS
0.6757768077198278,0.4983230559490596,0.48,0.5,0.5379192360127352,0.7100616643056423,0.6984463845603442,imS
0.6360875847131467,0.4911068335842085,0.48,0.5,0.5397232916039479,0.7533589984947491,0.7778248305737065,imS
0.8117425872742854,0.5230441067771429,0.48,0.5,0.5317389733057143,0.5617353593371432,0.42651482545142927,imS
0.7905452544376235,0.5191900462613861,0.48,0.5,0.5327024884346535,0.5848597224316834,0.4689094911247529,imS
0.7763110088032315,0.5166020016005876,0.48,0.5,0.5333494995998531,0.6003879903964748,0.4973779823935371,imS
0.6516369823913701,0.4939339967984309,0.48,0.5,0.5390165008003923,0.7363960192094144,0.7467260352172599,imS
0.8252188717182344,0.5254943403124063,0.48,0.5,0.5311264149218985,0.5470339581255624,0.3995622565635311,imS
0.7404586092710886,0.5100833835038343,0.48,0.5,0.5349791541240414,0.6394996989769942,0.5690827814578227,imS
0.8172066179111488,0.5240375668929361,0.48,0.5,0.531490608276766,0.5557745986423831,0.41558676417770235,imS
0.8158522348231587,0.5237913154223925,0.48,0.5,0.5315521711444019,0.5572521074656451,0.4182955303536826,imS
0.8382879790594306,0.5278705416471693,0.48,0.5,0.5305323645882077,0.5327767501169848,0.37342404188113865,imS
0.6837376032783418,0.49977047332333485,0.48,0.5,0.5375573816691663,0.7013771600599908,0.6825247934433165,imS
0.8286595184330681,0.526119912442376,0.48,0.5,0.530970021889406,0.543280525345744,0.39268096313386386,imS
0.7983594842532888,0.5206108153187798,0.48,0.5,0.5323472961703051,0.5763351080873211,0.45328103149342214,imS
0.6842478289781658,0.4998632416323938,0.48,0.5,0.5375341895919016,0.7008205502056373,0.6815043420436683,imS
0.821027058612343,0.5247321924749715,0.48,0.5,0.5313169518812572,0.5516068451501712,0.40794588277531385,imS
0.7416249441765033,0.5102954443957278,0.48,0.5,0.5349261389010681,0.6382273336256329,0.5667501116469935,imS
0.6645701863603636,0.496285488429157,0.48,0.5,0.5384286278927107,0.7222870694250579,0.720859627279273,imS
0.7325407586787808,0.5086437743052329,0.48,0.5,0.5353390564236918,0.6481373541686029,0.5849184826424385,imS
0.7411750894330152,0.5102136526241846,0.48,0.5,0.5349465868439539,0.6387180842548924,0.5676498211339694,imS
0.8404914413538822,0.5282711711552514,0.48,0.5,0.5304322072111872,0.5303729730684921,0.3690171172922355,imS
0.675075804189882,0.49819560076179675,0.48,0.5,0.5379510998095508,0.7108263954292197,0.6998483916202359,imS
0.7975526143887899,0.5204641117070528,0.48,0.5,0.5323839720732368,0.5772153297576836,0.45489477122242006,imS
0.8049412155380318,0.5218074937341877,0.48,0.5,0.5320481265664532,0.5691550375948744,0.4401175689239363,imS
0.8437349315485105,0.5288608966451838,0.48,0.5,0.5302847758387041,0.5268346201288976,0.3625301369029789,imS
0.6397932702040605,0.49178059458255646,0.48,0.5,0.5395548513543609,0.7493164325046613,0.7704134595918791,imS
0.6837129196230425,0.49976598538600775,0.48,0.5,0.5375585036534981,0.7014040876839536,0.682574160753915,imS
0.8021895440358247,0.5213071898246954,0.48,0.5,0.5321732025438262,0.5721568610518276,0.4456209119283506,imS
0.6634452067961215,0.4960809466902039,0.48,0.5,0.5384797633274491,0.7235143198587766,0.723109586407757,imS
0.8232149352073883,0.5251299882195252,0.48,0.5,0.5312175029451187,0.5492200706828492,0.4035701295852234,imS
0.6967566103619108,0.5021375655203474,0.48,0.5,0.5369656086199132,0.6871746068779154,0.6564867792761783,imS
0.6319630838196414,0.4903569243308439,0.48,0.5,0.5399107689172891,0.7578584540149367,0.7860738323607173,imS
0.7435765832082294,0.5106502878560417,0.48,0.5,0.5348374280359895,0.6360982728637496,0.562846833583541,imS
0.786321964370962,0.518422175340175,0.48,0.5,0.5328944561649563,0.5894669479589505,0.47735607125807594,imS
0.8281837936686958,0.526033417030672,0.48,0.5,0.530991645742332,0.5437994978159681,0.3936324126626083,imS
0.7690007149896447,0.5152728572708445,0.48,0.5,0.5336817856822889,0.608362856374933,0.5119985700207105,imS
0.7463442800084209,0.5111535054560765,0.48,0.5,0.5347116236359809,0.6330789672635408,0.5573114399831581,imS
0.8355908538153549,0.5273801552391555,0.48,0.5,0.5306549611902112,0.5357190685650673,0.3788182923692901,imS
0.8323636642675227,0.526793393503186,0.48,0.5,0.5308016516242036,0.5392396389808843,0.38527267146495453,imS
0.8407254332794362,0.5283137151417157,0.48,0.5,0.5304215712145711,0.530117709149706,0.36854913344112766,imS
0.7681618726509258,0.5151203404819865,0.48,0.5,0.5337199148795034,0.6092779571080809,0.5136762546981484,imS
0.6994738165779391,0.5187082302385011,1.0,0.5,0.4789950107431851,0.5528229424403748,0.23440149270655755,omL
0.6608150428243098,0.4948902569458586,1.0,0.5,0.5497805138917172,0.5616300856486196,0.34369914351380465,omL
0.662131839953469,0.49155042905706836,1.0,0.5,0.5367053382537298,0.5596123927357329,0.3532168728753259,omL
0.6663656087056051,0.5281936522336307,1.0,0.5,0.6163873044672614,0.5727312174112102,0.23268782588789771,omL
0.70369746097616,0.463781523414304,1.0,0.5,0.522521015609536,0.586218476585696,0.3075630468286079,omL
0.7626506636730865,0.5646550281258811,1.0,0.5,0.3813580652325026,0.5413362429685298,0.03338425194927014,omL
0.668049637890524,0.5382978273431435,1.0,0.5,0.636595654686287,0.5760992757810478,0.1990072421895218,omL
0.6669578250475334,0.49506023639820607,1.0,0.5,0.5292469976538121,0.5587349409004485,0.3378614657578483,omL
0.665276172492153,0.5216570349529178,1.0,0.5,0.6033140699058357,0.570552344984306,0.25447655015694054,omL
0.6645992440412833,0.49,1.0,0.5,0.5583969761651334,0.5577003779793583,0.3416030238348666,omL
0.6780513783113692,0.49,1.0,0.5,0.6122055132454765,0.5509743108443155,0.2877944867545235,omL
0.6661917924517218,0.5271507547103301,1.0,0.5,0.6143015094206602,0.5723835849034433,0.2361641509655663,omL
0.6669434692858418,0.49,1.0,0.5,0.567773877143367,0.5565282653570792,0.332226122856633,omL
0.6933063105355782,0.47001621367865304,1.0,0.5,0.5266774757857687,0.579983786321347,0.3200324273573061,omL
0.6647861289723911,0.49,1.0,0.5,0.559144515889564,0.5576069355138046,0.3408554841104359,omL
0.7064450810255648,0.46213295138466115,1.0,0.5,0.5214219675897741,0.5878670486153389,0.3042659027693222,omL
0.673849457490894,0.49,1.0,0.5,0.5953978299635758,0.553075271254553,0.3046021700364242,omL
0.6892038667819033,0.5112391758413842,1.0,0.5,0.4948667513370586,0.554690206039654,0.26707860569394415,omL
0.739799266419353,0.5480358301231658,1.0,0.5,0.4166738609882726,0.5454910424692085,0.10609324321114944,omL
0.6628428688459037,0.49,1.0,0.5,0.5513714753836149,0.5585785655770482,0.34862852461638516,omL
0.6610083586280059,0.49,1.0,0.5,0.5440334345120232,0.5594958206859971,0.3559665654879768,omL
0.6636935952093934,0.49,1.0,0.5,0.5547743808375737,0.5581532023953033,0.3452256191624264,omL
0.6765760785416524,0.49,1.0,0.5,0.606304314166609,0.551711960729174,0.293695685833391,omL
0.6648855039329484,0.5193130235976907,1.0,0.5,0.5986260471953814,0.5697710078658969,0.262289921341031,omL
0.6799261967418173,0.49,1.0,0.5,0.6197047869672692,0.5500369016290914,0.28029521303273086,omL
0.6845958509569549,0.47524248942582714,1.0,0.5,0.5301616596172181,0.5747575105741729,0.33048497885165423,omL
0.6718563012412023,0.49,1.0,0.5,0.5874252049648092,0.5540718493793989,0.31257479503519076,omL
0.6744568167650379,0.49,1.0,0.5,0.5978272670601511,0.5527715916174811,0.30217273293984886,omL
0.6809752399543765,0.4774148560273741,1.0,0.5,0.5316099040182494,0.5725851439726259,0.33482971205474815,omL
0.7062048694346263,0.4622770783392242,1.0,0.5,0.5215180522261494,0.5877229216607758,0.3045541566784484,omL
0.768614006406207,0.5689920046590595,1.0,0.5,0.37214199009949833,0.5402519988352351,0.014409979616614221,omL
0.7000409472251635,0.4659754316649019,1.0,0.5,0.5239836211099346,0.5840245683350981,0.31195086332980376,omL
0.6887029575039059,0.47277822549765647,1.0,0.5,0.5285188169984377,0.5772217745023436,0.32555645099531294,omL
0.6681915587600906,0.5391493525605436,1.0,0.5,0.6382987051210873,0.5763831175201812,0.19616882479818784,omL
0.6641359969543199,0.5148159817259191,1.0,0.5,0.5896319634518382,0.5682719939086397,0.2772800609136031,omL
0.7685503363741684,0.5689456991812133,1.0,0.5,0.37224038923992153,0.5402635752046967,0.014612566082191414,omL
0.7010677794315965,0.519867475950252,1.0,0.5,0.47653161360571455,0.5525331310124371,0.22932979271764756,omL
0.6946993903862226,0.5152359202808892,1.0,0.5,0.48637366940311044,0.5536910199297778,0.2495928487711097,omL
0.6737213879320859,0.49,1.0,0.5,0.5948855517283436,0.5531393060339571,0.3051144482716564,omL
0.7443473563606596,0.5513435318986615,1.0,0.5,0.4096449947153442,0.5446641170253347,0.09162204794335582,omL
0.6732222856775425,0.49961620776548543,1.0,0.5,0.5195655584983435,0.5575959480586287,0.3179290910260013,omL
0.6639698517625078,0.4876180889424953,1.0,0.5,0.5384120592949969,0.5623819110575047,0.3552361778849907,omL
0.663456925453735,0.5107415527224102,1.0,0.5,0.5814831054448203,0.56691385090747,0.29086149092529956,omL
0.6987207370448612,0.5181605360326262,1.0,0.5,0.48015886093066923,0.5529598659918434,0.23679765485726018,omL
0.7611699252435391,0.5635781274498466,1.0,0.5,0.383646479169076,0.5416054681375384,0.03809569240692118,omL
0.7051541177594034,0.5228393583704751,1.0,0.5,0.47021636346274026,0.5517901604073813,0.21632780712917105,omL
0.6897882008631642,0.47212707948210153,1.0,0.5,0.5280847196547344,0.5778729205178985,0.324254158964203,omL
0.6728976380733827,0.49,1.0,0.5,0.5915905522935303,0.5535511809633088,0.3084094477064697,omL
0.6678287782273599,0.49,1.0,0.5,0.5713151129094395,0.5560856108863201,0.3286848870905605,omL
0.6669192816670735,0.5315156900024406,1.0,0.5,0.6230313800048812,0.5738385633341468,0.22161436665853135,omL
0.6646469046855328,0.5178814281131963,1.0,0.5,0.5957628562263926,0.5692938093710654,0.2670619062893458,omL
0.66619458618261,0.48628324829043407,1.0,0.5,0.5375221655269561,0.563716751709566,0.3525664965808681,omL
0.6956322595208397,0.5159143705606107,1.0,0.5,0.4849319625587022,0.5535214073598473,0.246624628797328,omL
0.667027331082909,0.532163986497454,1.0,0.5,0.6243279729949079,0.574054662165818,0.21945337834182008,omL
0.6844602875025207,0.5077893000018332,1.0,0.5,0.5021977374961044,0.5555526749995418,0.28217181249197965,omL
0.7377082272713527,0.5465150743791656,1.0,0.5,0.41990546694427316,0.5458712314052087,0.11274654959115063,omL
0.6685475071936379,0.5412850431618272,1.0,0.5,0.6425700863236544,0.5770950143872757,0.18904985612724268,omL
0.7587855556234856,0.5618440404534439,1.0,0.5,0.3873314140364314,0.542038989886639,0.0456823230161823,omL
0.6783741031871796,0.49,1.0,0.5,0.6134964127487181,0.5508129484064103,0.28650358725128183,omL
0.705789409763223,0.46252635414206617,1.0,0.5,0.5216842360947108,0.5874736458579338,0.3050527082841323,omL
0.6859563749905969,0.508877363629525,1.0,0.5,0.49988560228725937,0.5552806590926188,0.2774115341208281,omL
0.6673524533066862,0.49534723876849907,1.0,0.5,0.5286371176169394,0.5586631903078753,0.33660583038781644,omL
0.6605536717465529,0.48966779695206825,1.0,0.5,0.5397785313013789,0.5603322030479317,0.3593355939041365,omL
0.6727305527969214,0.49,1.0,0.5,0.5909222111876854,0.5536347236015394,0.3090777888123146,omL
0.6640069575976446,0.4875958254414133,1.0,0.5,0.5383972169609422,0.5624041745585868,0.35519165088282656,omL
0.668603811770055,0.5416228706203295,1.0,0.5,0.6432457412406591,0.5772076235401098,0.1879237645989016,omL
0.6770012494418769,0.49,1.0,0.5,0.6080049977675075,0.5514993752790616,0.2919950022324926,omL
0.6688945179886496,0.5433671079318974,1.0,0.5,0.6467342158637948,0.577789035977299,0.18210964022700887,omL
0.6612979264264837,0.497787558558902,1.0,0.5,0.555575117117804,0.5625958528529674,0.33404147147032665,omL
0.6996096942033773,0.5188070503297288,1.0,0.5,0.4787850180493261,0.5527982374175678,0.23396915480743602,omL
0.6938479072919863,0.46969125562480823,1.0,0.5,0.5264608370832055,0.5803087443751918,0.3193825112496164,omL
0.6732545861207272,0.49,1.0,0.5,0.5930183444829085,0.5533727069396365,0.3069816555170915,omL
0.6673206927030193,0.5339241562181157,1.0,0.5,0.6278483124362315,0.5746413854060386,0.2135861459396142,omL
0.6797511794938936,0.49,1.0,0.5,0.6190047179755742,0.5501244102530533,0.2809952820244258,omL
0.6677843231659838,0.5367059389959027,1.0,0.5,0.6334118779918053,0.5755686463319676,0.20431353668032448,omL
0.6622485627406919,0.49,1.0,0.5,0.5489942509627677,0.5588757186296541,0.35100574903723236,omL
0.6983323409784018,0.4670005954129589,1.0,0.5,0.5246670636086392,0.5829994045870411,0.31400119082591776,omL
0.7246733626885525,0.5370351728644018,1.0,0.5,0.4400502576631461,0.5482412067838995,0.15422111871824198,omL
0.7042012289014421,0.46347926265913475,1.0,0.5,0.5223195084394232,0.5865207373408653,0.30695852531826945,omL
0.7012322705301395,0.4652606376819163,1.0,0.5,0.5235070917879442,0.5847393623180837,0.31052127536383256,omL
0.6627185280112473,0.5063111680674837,1.0,0.5,0.5726223361349673,0.5654370560224946,0.3056294397750545,omL
0.6632723009032963,0.5096338054197772,1.0,0.5,0.5792676108395546,0.5665446018065924,0.29455398193407584,omL
0.6794950286066765,0.5041782026230375,1.0,0.5,0.5098713194260455,0.5564554493442407,0.29797036352421113,omL
0.6619802470382469,0.5018814822294808,1.0,0.5,0.5637629644589617,0.5639604940764936,0.3203950592350639,omL
0.765821772169008,0.5669612888501876,1.0,0.5,0.3764572611933512,0.5407596777874532,0.023294361280429,omL
0.699255640215261,0.5185495565201899,1.0,0.5,0.4793321923945966,0.5528626108699526,0.23509569022416948,omL
0.6836848012044711,0.507225309966888,1.0,0.5,0.503396216320363,0.5556936725082781,0.28463926889486496,omL
0.6685911410441507,0.4848453153735096,1.0,0.5,0.5365635435823397,0.5651546846264904,0.34969063074701917,omL
0.7458962187287598,0.5524699772572799,1.0,0.5,0.40725129832828033,0.54438250568568,0.08669384949940068,omL
0.6609443373503114,0.4906867908002265,1.0,0.5,0.5385405695495187,0.5598283022999434,0.356995290249009,omL
0.6695449687871058,0.5472698127226343,1.0,0.5,0.6545396254452687,0.5790899375742113,0.16910062425788566,omL
0.6695685660708526,0.547411396425115,1.0,0.5,0.65482279285023,0.5791371321417049,0.16862867858294997,omL
0.6600418397270331,0.49025103836219824,1.0,0.5,0.5405020767243965,0.5600836794540661,0.35916320545933905,omL
0.6732926682117056,0.49966739506305863,1.0,0.5,0.5194567854910005,0.5575831512342354,0.3177051465991185,omL
0.7098046007245554,0.46011723956526673,1.0,0.5,0.5200781597101778,0.5898827604347332,0.30023447913053347,omL
0.7215653095920623,0.534774770612409,1.0,0.5,0.4448536124486309,0.5488063073468978,0.1641103785707107,omL
0.6683139378889252,0.539883627333551,1.0,0.5,0.6397672546671018,0.5766278757778502,0.19372124222149692,omL
0.6638220447323084,0.4927796688962243,1.0,0.5,0.5340932035955234,0.5593050827759439,0.34783894857901854,omL
0.6686596533013482,0.5419579198080894,1.0,0.5,0.6439158396161787,0.5773193066026964,0.1868069339730356,omL
0.6671405176589817,0.5328431059538903,1.0,0.5,0.6256862119077806,0.5742810353179634,0.21718964682036568,omL
0.661395874866028,0.48916247508038324,1.0,0.5,0.5394416500535889,0.5608375249196168,0.35832495016076643,omL
0.6662140255055665,0.5272841530333987,1.0,0.5,0.6145683060667974,0.5724280510111329,0.2357194898886712,omL
0.6622771205811422,0.4886337276513147,1.0,0.5,0.5390891517675431,0.5613662723486854,0.3572674553026294,omL
0.6790804633733385,0.47855172197599694,1.0,0.5,0.5323678146506646,0.5714482780240031,0.3371034439519938,omL
0.7487353575627863,0.5545348055002082,1.0,0.5,0.40286353831205757,0.543866298624948,0.07766022593658911,omL
0.6696955941426614,0.48418264351440315,1.0,0.5,0.5361217623429355,0.5658173564855968,0.3483652870288063,omL
0.6733914987187772,0.49,1.0,0.5,0.5935659948751089,0.5533042506406114,0.3064340051248911,omL
0.7306799446192119,0.5414035960866995,1.0,0.5,0.4307673583157634,0.5471491009783251,0.1351092671206894,omL
0.7067083965454721,0.46197496207271677,1.0,0.5,0.5213166413818112,0.5880250379272832,0.3039499241454334,omL
0.6669056335205578,0.5314338011233467,1.0,0.5,0.6228676022466934,0.5738112670411155,0.2218873295888445,omL
0.6666066304626506,0.5296397827759034,1.0,0.5,0.6192795655518066,0.5732132609253011,0.22786739074698892,omL
0.6651287172198139,0.5207723033188835,1.0,0.5,0.601544606637767,0.5702574344396278,0.25742565560372166,omL
0.6997815349798403,0.46613107901209583,1.0,0.5,0.5240873860080639,0.5838689209879042,0.3122621580241916,omL
0.6619310275064709,0.5015861650388255,1.0,0.5,0.5631723300776509,0.5638620550129418,0.32137944987058187,omL
0.6747177329961968,0.48116936020228196,1.0,0.5,0.5341129068015213,0.5688306397977181,0.3423387204045639,omL
0.7080632204105237,0.4611620677536858,1.0,0.5,0.5207747118357905,0.5888379322463142,0.3023241355073715,omL
0.6661705145741936,0.49,1.0,0.5,0.5646820582967746,0.5569147427129032,0.33531794170322543,omL
0.6729653457604772,0.49,1.0,0.5,0.5918613830419087,0.5535173271197614,0.3081386169580913,omL
0.6628187509283646,0.5069125055701873,1.0,0.5,0.5738250111403747,0.5656375018567291,0.3036249814327089,omL
0.7546142190474451,0.5588103411254146,1.0,0.5,0.3937780251084939,0.5427974147186464,0.05895475757631102,omL
0.6702595784074514,0.49,1.0,0.5,0.5810383136298054,0.5548702107962744,0.3189616863701946,omL
0.6736595828334843,0.49,1.0,0.5,0.5946383313339371,0.5531702085832579,0.30536166866606296,omL
0.6667433933654262,0.5304603601925567,1.0,0.5,0.6209207203851135,0.5734867867308522,0.2251321326914777,omL
0.6627572388569711,0.5065434331418268,1.0,0.5,0.5730868662836537,0.5655144777139423,0.30485522286057726,omL
0.6646570980051539,0.49,1.0,0.5,0.5586283920206154,0.5576714509974231,0.3413716079793846,omL
0.7099622268444971,0.4600226638933017,1.0,0.5,0.5200151092622012,0.5899773361066982,0.3000453277866034,omL
0.6752016667086664,0.49,1.0,0.5,0.6008066668346654,0.5523991666456669,0.2991933331653346,omL
0.7271925578396884,0.5388673147925006,1.0,0.5,0.4361569560659361,0.5477831713018749,0.14620549778280958,omL
0.7132011625918122,0.5286917546122271,1.0,0.5,0.45778002144901747,0.5503270613469433,0.19072357357150654,omL
0.6661451540037171,0.5268709240223024,1.0,0.5,0.6137418480446047,0.5722903080074341,0.2370969199256588,omL
0.722871720948787,0.5357248879627542,1.0,0.5,0.4428346130791474,0.5485687780093115,0.15995361516295045,omL
0.6790069118306516,0.47859585290160905,1.0,0.5,0.5323972352677394,0.571404147098391,0.33719170580321806,omL
0.6750029341758488,0.49,1.0,0.5,0.6000117367033951,0.5524985329120756,0.2999882632966049,omL
0.695661550102197,0.4686030699386818,1.0,0.5,0.5257353799591212,0.5813969300613182,0.31720613987736357,omL
0.7277504644852317,0.5392730650801685,1.0,0.5,0.43529473670464186,0.5476817337299579,0.14443034027426266,omL
0.6628946136434124,0.5073676818604741,1.0,0.5,0.5747353637209481,0.5657892272868247,0.3021077271317531,omL
0.6749551823381355,0.49,1.0,0.5,0.5998207293525418,0.5525224088309323,0.3001792706474582,omL
0.6962039059085218,0.5163301133880158,1.0,0.5,0.4840485090504664,0.553417471652996,0.24480575392743076,omL
0.7571132533207362,0.6914433733396319,0.48,0.5,0.820317145635696,0.39823948102467205,0.2979223353889759,om
0.6062681293175849,0.68,0.48,0.5,0.7826185807229777,0.36841238714865177,0.41635045140539284,om
0.6726522089811555,0.6534409637304381,0.48,0.5,0.7200714861833268,0.44655903626956184,0.25562730915362547,om
0.6181565318986264,0.7255304043041206,0.48,0.5,0.5670957232903853,0.36262612759450585,0.30960867025343386,om
0.7371602716474563,0.7525101584610162,0.48,0.5,0.8107404074711846,0.5528803621966085,0.29786004527457605,om
0.6311989772188286,0.6902997443047071,0.48,0.5,0.6504496164570607,0.4102997443047071,0.2811989772188286,om
0.5845540329049943,0.6835077189864278,0.48,0.5,0.727907372162867,0.3775385949321387,0.3903687772307283,om
0.6170412493954336,0.6881487499136333,0.48,0.5,0.6722150010363996,0.4007437495681668,0.31147125146823285,om
0.7559035471821247,0.7238117323961369,0.48,0.5,0.8080941338019315,0.42190586619806847,0.2812376535207726,om
0.6650991207829627,0.7893337344848098,0.48,0.5,0.7128469227403694,0.5098017584340746,0.2696035168681492,om
0.6614669299887398,0.7221382047916863,0.48,0.5,0.7001342549605893,0.5170661400225204,0.2841322800450408,om
0.6580284393187501,0.8231350867640629,0.48,0.5,0.7060568786375002,0.4730639884671877,0.2589786705109374,om
0.5893676893333821,0.7333957987879675,0.48,0.5,0.7593208402424065,0.39737705915157717,0.39660420121203266,om
0.6339814951443257,0.6061110291340461,0.48,0.5,0.5999306067912212,0.45590284950770965,0.33,om
0.6634864947311003,0.6898276934275122,0.48,0.5,0.6336875190656696,0.3968581184138754,0.286542223030981,om
0.6065434917583186,0.7534565082416814,0.6597384285674319,0.5,0.599869214283716,0.41986921428371593,0.3956736565919463,om
0.6794981403027064,0.6110037193945872,0.48,0.5,0.7358689559837959,0.3821236052270298,0.22575278954594036,om
0.6101088456599592,0.7500155493799942,0.48,0.5,0.5105131295398077,0.3301865925599301,0.329906703720035,om
0.6278374248018518,0.6964877255944446,0.48,0.5,0.6348619736129626,0.40134969920740715,0.2854064379953706,om
0.6437173920576283,0.7548167702939469,0.48,0.5,0.6689534197002478,0.38780124352736284,0.3010993782363186,om
0.7338671843227187,0.8929236742185216,0.48,0.5,0.5671694696874086,0.5205648989580287,0.29188702020839424,om
0.6740098511607743,0.6219802976784514,0.48,0.5,0.7180320162725164,0.37800738837058073,0.23398522325883853,om
0.6348372739491516,0.803814093556495,0.48,0.5,0.6010700044802224,0.4003722761892628,0.29688363473446455,om
0.6155101408322083,0.7541326056241563,0.48,0.5,0.526071244093941,0.3414794600671007,0.3281632863892639,om
0.6702904455889638,0.7258838217644145,0.48,0.5,0.6124937575012386,0.39029044558896386,0.34808713367668914,om
0.6199216734556782,0.690469959265931,0.48,0.5,0.572837265219295,0.33,0.30684942860341763,om
0.6486619721694931,0.6479577495254369,0.48,0.5,0.7115492962259906,0.39063380518645097,0.2917605646214743,om
0.6679869105409888,0.8324509145287079,0.48,0.5,0.7354705487172247,0.5334574592582135,0.36547054871722473,om
0.6855971754475952,0.8266309924734898,0.48,0.5,0.742228167921085,0.54,0.32098030573612923,om
0.6506917968289789,0.5214146476781527,0.48,0.5,0.6627671873159158,0.54,0.3313835936579579,om
0.6650348251030798,0.7580746142008156,0.48,0.5,0.7201393004123189,0.54,0.36006965020615944,om
0.6935333112497254,0.6986443487488101,0.48,0.5,0.6164666887502745,0.5351629654166972,0.3106518616667887,om
0.610448462457187,0.7416592318921174,0.48,0.5,0.7139461528253479,0.40764577009845426,0.40515692226027833,om
0.7581071782206974,0.700821039572328,0.48,0.5,0.7571075082805403,0.53,0.23567846533790765,om
0.709547175193167,0.8738975787370002,0.48,0.5,0.643956860245166,0.5343504035438333,0.32480322835066633,om
0.7126445256525547,0.7814596111610702,0.48,0.5,0.5973554743474453,0.5330394971497162,0.30215798859886456,om
0.7108380629560338,0.7913055073815806,0.48,0.5,0.6283238740879323,0.5087913185134791,0.2873489148141849,om
0.7563264491435453,0.810204529710501,0.48,0.5,0.6761219194330441,0.47693904028347794,0.29,om
0.6451893787198533,0.7906031292921384,0.48,0.5,0.5262412517168553,0.3841375057228512,0.31917249885542975,om
0.5305064696601475,0.8142981012246058,0.48,0.5,0.7128364979589904,0.3871635020410096,0.3757018987753942,om
0.7305175807131314,0.8399446778498323,0.48,0.5,0.6047688707185181,0.49839193571043805,0.31212564500269335,om
0.6901472329881444,0.885756352282327,0.48,0.5,0.6839491817413843,0.5086345284234904,0.2615127045646539,om
0.6537106259697267,0.7827829694772951,0.48,0.5,0.6374893257450364,0.4210638041035974,0.3154297913434244,om
0.7196935431502209,0.846870971233186,0.48,0.5,0.8376693434921453,0.5662580575336278,0.2831290287668139,om
0.7315562272887246,0.8306626362676522,0.48,0.5,0.842881499824029,0.5737750908451015,0.2682128179578551,om
0.6775513161227381,0.6348613642120021,0.48,0.5,0.7443788281450541,0.41193014426779223,0.27365502404463204,om
0.6617321372790743,0.7536951526627911,0.48,0.5,0.6282448852093128,0.4186836639069846,0.31891454201162694,om
0.6950049657464867,0.7368441961037839,0.48,0.5,0.8126331470778378,0.5092160147724326,0.3434171323054052,om
0.713298999069648,0.6337886260466459,0.48,0.5,0.7488789353485611,0.4591237488370601,0.246069563255911,om
0.6867805712838884,0.5224460407336505,0.48,0.5,0.8265017958253569,0.48244604073365055,0.2475539592663495,om
0.698817936973333,0.7906643953826678,0.48,0.5,0.7732269054599995,0.5086453810919999,0.2355910315133335,om
0.6879142346150615,0.6617429142537546,0.7310858705892234,0.5,0.8268856812215104,0.5589714466064488,0.35451438190106055,om
0.6928180215581894,0.6556111477443175,0.48,0.5,0.7671570830697493,0.501396563093064,0.2057605199766853,om
0.6986616465665771,0.6559849396997314,0.48,0.5,0.7086616465665772,0.54,0.23267670686684577,om
0.6945897915763292,0.6846385623102913,0.48,0.5,0.7272948957881645,0.4446385623102913,0.19995122926603792,om
0.6522314506690466,0.5166943520071399,0.48,0.5,0.6622314506690467,0.54,0.32553709866190683,om
0.6546571073625203,0.6396212599719711,0.48,0.5,0.7512998757688207,0.3739713220875607,0.2636642768406301,om
0.6936794052645787,0.7818870484233259,0.48,0.5,0.8454717621058314,0.48556645368790463,0.27547176210583146,om
0.6958529637796159,0.7969902488191037,0.48,0.5,0.7686616629917286,0.4711372850394878,0.27528432125987196,om
0.7203224655219644,0.8308917322559665,0.48,0.5,0.8548765993939811,0.5674761318519539,0.2991082677440335,om
0.768104732085256,0.68,0.48,0.5,0.8267558360232516,0.3978372240155011,0.29865110393799565,om
0.6469790908223418,0.8065150411961335,0.48,0.5,0.746278429775725,0.5023294213456502,0.38674247940193324,om
0.6169764158046475,0.7336248619337858,0.48,0.5,0.8001639848377545,0.4337341851589555,0.39637513806621416,om
0.7177801769316499,0.746433758708063,0.48,0.5,0.8198253190310473,0.5343886166086655,0.3254367024223817,om
0.6363329405556002,0.5415393679486151,0.48,0.5,0.6663078735897231,0.5231790037607387,0.3352565613247692,om
0.6940285796277406,0.5675758348978145,0.48,0.5,0.7175758348978145,0.492584606554741,0.316452744729926,om
0.6631514449872441,0.6195953748937006,0.48,0.5,0.7389086699234645,0.5005456650382678,0.30369711002551186,om
0.6471227458072568,0.5272635251564595,0.48,0.5,0.671509016770973,0.479577661952392,0.30985922065079735,om
0.6750089774937552,0.61316203216174,0.48,0.5,0.7225224437343879,0.5525044887468776,0.3174955112531224,om
0.7735366687850815,0.6715479514881836,0.48,0.5,0.8215479514881835,0.40696051053914295,0.29198871729689796,om
0.6954128633942674,0.6613762113142247,0.48,0.5,0.6751376211314225,0.4567430837771764,0.3527064316971337,om
0.6653997765849909,0.6383314715415911,0.48,0.5,0.7523986595099456,0.4938006702450273,0.2992004468300182,om
0.6684306247871487,0.5560765619678716,0.48,0.5,0.6913320621381527,0.5455291874361446,0.3244708125638554,om
0.651153613253239,0.5196134437769909,0.48,0.5,0.6669216795194335,0.5365391602402834,0.3276927734935222,om
0.6528176208026006,0.5212704832104024,0.48,0.5,0.6665744485394014,0.5268511029211973,0.32718237919739945,om
0.5481131736595178,0.7912578842269882,0.48,0.5,0.6544025947944583,0.36438157018915673,0.36438157018915673,om
0.5674811104095736,0.7783459263936177,0.48,0.5,0.6092107423776617,0.3536216053280147,0.3536216053280147,om
0.6125707342365647,0.7973767180586503,0.48,0.5,0.7326232819413497,0.44732417035386524,0.2832215051163188,om
0.6691337355659136,0.8398267471131827,0.48,0.5,0.7398844980754551,0.5390759846036411,0.37005775096227245,om
0.5686269684936498,0.7796081446914689,0.7960752952087236,0.5,0.7503918553085311,0.5076457922958306,0.4650971948638871,om
0.6014904161621678,0.704541814378371,0.48,0.5,0.7439677694594611,0.38479355389189224,0.2985095838378321,om
0.6312682654788767,0.5001461238310136,0.48,0.5,0.7785856106901096,0.4347808142534794,0.2774634690422466,om
0.732222579148813,0.6424605979026388,0.48,0.5,0.7856352520667548,0.3761112895744065,0.2797619812461742,om
0.7181929429250701,0.8045788287752103,0.48,0.5,0.8390096763112357,0.5472026192363058,0.28606431430835666,om
0.6619137965402557,0.5787655186161023,0.48,0.5,0.7306793151563581,0.35629655584830694,0.23808620345974424,om
0.5904764047729459,0.6690471904541081,0.48,0.5,0.7082539325378423,0.3506348313446059,0.3095235952270541,om
0.632864300668331,0.603894571825428,0.5727640913116979,0.5,0.7124874738304209,0.376382045655849,0.306382045655849,om
0.6489641593645136,0.8089641593645136,0.8181331223603782,0.5,0.7000512009078378,0.5690153602723513,0.4395588810440134,om
0.5719294900944943,0.7775440686909411,0.8175416856142129,0.5,0.752455931309059,0.5163149114980475,0.47087660766536504,om
0.6771465859018566,0.7710209408431223,0.7134555380788183,0.5,0.7589790591568777,0.562447647892194,0.3161125944022361,om
0.6017859998203153,0.762041142651789,0.9867325727633715,0.5,0.7692345715055792,0.5887242858426318,0.5161728575278957,om
0.6042017417797776,0.7606002488256826,0.9843935305322544,0.5,0.7693997511743175,0.5884993779357937,0.5088953967248734,om
0.7130049212526988,0.6337003821293367,0.6543378879329216,0.5,0.8431208313988051,0.5501159101461064,0.3072848541125671,om
0.7059520098385328,0.8252012368237125,0.5761919606458688,0.5,0.8433513914266766,0.5818498453970359,0.33254644413182655,om
0.6115558993366642,0.7616508427623806,0.9570780881781045,0.5,0.7683491572376194,0.5858728930940484,0.48945940889595896,om
0.6709073835395541,0.76,0.5391020069928981,0.5,0.8320439605971098,0.4659120788057803,0.2984144264388934,om
0.5673396634194324,0.6946793268388647,0.5754156244526204,0.5,0.77,0.40220306466173594,0.4628444109840066,om
0.5705316405330532,0.7010632810661063,0.6169113269296902,0.5,0.77,0.42055693306505526,0.4684303709328429,om
0.6205620475927321,0.6623302739345224,0.7326933812944822,0.5,0.7340164167127188,0.4563466906472411,0.38634669064724114,om
0.6670668975265613,0.8749718243312479,0.5017887612312592,0.5,0.7316760585562507,0.5037711317515641,0.26131339525469227,om
0.6583181425096907,0.859973958588041,0.5667795127851554,0.5,0.7366753471373196,0.5150195310589692,0.29505859317690764,om
0.676301034618219,0.5845204138472876,0.48,0.5,0.7508214484655066,0.3735612415418628,0.223698965381781,om
0.5301850848499469,0.7968193019588924,0.48,0.5,0.7229956131911608,0.38059912263823215,0.36981491515005316,om
0.7190802477463893,0.7005049414362798,0.48,0.5,0.7583679009014442,0.47724074323916826,0.1751037027043327,om
0.733634337431142,0.5790914156422144,0.48,0.5,0.8299972139678203,0.46636009050449856,0.20454570782110726,om
0.6808372361201052,0.7045345484986855,0.48,0.5,0.7562558541801577,0.45872072909921136,0.2833021110391587,om
0.6577082487604182,0.7324471766536592,0.48,0.5,0.7553646890494773,0.5123435597109409,0.34234355971094094,om
0.6377867419191692,0.4977867419191691,0.48,0.5,0.7393861775254008,0.485040338636261,0.2994668547979228,om
0.6567080482366473,0.6342234604778954,0.48,0.5,0.8167080482366473,0.45,0.2746583903526706,om
0.6216683998691089,0.5983108017015837,0.48,0.5,0.6733575981675253,0.4000103992146537,0.30082900032722765,om
0.6820825690342057,0.5768042817236763,0.48,0.5,0.7726391436552648,0.39791743096579424,0.21923700279342662,om
0.6474724017679399,0.5389227249502315,0.48,0.5,0.7690331178784723,0.4325275982320602,0.28698896070717594,om
0.7366876215272603,0.7722711168969408,0.48,0.5,0.7422711168969408,0.5278546122666213,0.1731866493091776,om
0.6926363343918475,0.7664319132264956,0.48,0.5,0.7060454984122287,0.4777500804224194,0.36434091640203814,om
0.6429515526026156,0.6932378881506539,0.48,0.5,0.6548568322259809,0.4132378881506539,0.29295155260261563,om
0.7415563835162484,0.7494454793953106,0.48,0.5,0.7983364381859316,0.5404473423068695,0.3126654247256273,om
0.6939004520619032,0.736832579896828,0.48,0.5,0.7658642556698498,0.44073303195873126,0.31170135618570943,om
0.7686918570556349,0.6848463469761564,0.48,0.5,0.8057682651192177,0.40484634697615646,0.30130814294436503,om
0.6764209223064459,0.719476942338853,0.48,0.5,0.73,0.4357907769355412,0.28210461153222943,om
0.6599252825963078,0.5737907912696617,0.48,0.5,0.7540896608844307,0.4200747174036923,0.2919701130385231,om
0.7435780631874264,0.7480735459195061,0.48,0.5,0.8208258045534662,0.5544038677408926,0.3,om
0.7150060587426967,0.6950112519507224,0.48,0.5,0.7800086553467095,0.4850147140894062,0.3,om
0.6815995793065629,0.6342655448175009,0.48,0.5,0.727334034489062,0.40159957930656287,0.30319915861312563,om
0.7758573177008646,0.4882700549677234,0.48,0.5,0.6003490509325647,0.832063686334294,0.8458573177008646,imU
0.7409595633844164,0.455930680087571,0.48,0.5,0.6050866498905363,0.73706354325306,0.75706354325306,imU
0.6112561797177202,0.3112561797177202,0.48,0.5,0.6416350907475169,0.7532701814950339,0.7732701814950339,imU
0.7902439039063495,0.4114634234380966,0.48,0.5,0.6589024324214275,0.8107317117190483,0.8306097597658736,imU
0.867746870916836,0.487746870916836,0.48,0.5,0.6114082056769775,0.7614082056769775,0.791126564541582,imU
0.8303682424744723,0.48036824247447235,0.48,0.5,0.6463175752552764,0.7607364849489447,0.7881587876276382,imU
0.7731578253664685,0.4489951774726192,0.48,0.5,0.65,0.7651674704212301,0.79,imU
0.6987626319458251,0.5176263194582515,0.48,0.5,0.6863889514040766,0.8451515833499019,0.8576263194582515,imU
0.5928394001910107,0.5801572906138924,0.48,0.5,0.59,0.7311672181991827,0.7611672181991828,imU
0.6797629598724361,0.39928887961730836,0.48,0.5,0.5644073996810903,0.6888147993621806,0.7239333194259625,imU
0.531234620608936,0.5728888414519576,0.8927899864167664,0.5,0.5661851930913404,0.7161851930913403,0.7461851930913403,imU
0.4931830880181595,0.45275528499432516,0.48,0.5,0.6084084559909202,0.7457957720045398,0.7649286994960276,imU
0.8594763315585613,0.47289903878266204,0.48,0.5,0.5902681216723024,0.767892751331079,0.7781608730033814,imU
0.7738516570119567,0.3869139049800721,0.48,0.5,0.48153112398405773,0.6961960370916681,0.6569377520318845,imU
0.6925819098825818,0.3824508540704509,0.48,0.5,0.517549145929549,0.77,0.7958278726744946,imU
0.6606308727920525,0.4911483217307292,0.48,0.5,0.5819369127207947,0.7461261745584105,0.7720946309188079,imU
0.8230621672017959,0.46741622293572793,0.48,0.5,0.5669378327982041,0.7649441486238187,0.74,imU
0.6224759256536858,0.3062379628268429,0.48,0.5,0.64,0.7398512732332232,0.763910763939934,imU
0.6684353057140261,0.3745313719047763,0.48,0.5,0.377180429522973,0.604841189999697,0.5542137519041705,imU
0.6007517448061124,0.29398212770596754,0.48,0.5,0.6380089361470163,0.7555749787883546,0.7751767660177579,imU
0.6785922680228347,0.3431553608137008,0.48,0.5,0.6488592268022835,0.7765776804068504,0.7965776804068504,imU
0.649334241115605,0.36416780139450633,0.48,0.5,0.5984660312190765,0.7232995914979777,0.7432995914979778,imU
0.5957157829915646,0.37742842170084356,0.48,0.5,0.1834357583595101,0.5285736744873469,0.42000524047047616,imU
0.6811789073103593,0.37372630243678645,0.48,0.5,0.5511789073103593,0.6558367853563424,0.6939736341379492,imU
0.77322872130409,0.40440957376803,0.48,0.5,0.64322872130409,0.7862406885141275,0.8090359016301124,imU
0.73954178879675,0.37,0.48,0.5,0.6269272359959375,0.6921563415975625,0.7321563415975625,imU
0.6436987737013654,0.45554816055204816,0.48,0.5,0.6459579709411248,0.6266444816561444,0.6747950948054617,imU
0.5759864985470048,0.38665166505222764,0.48,0.5,0.09192799225069259,0.503968496609678,0.35727182671413327,imU
0.7434591254833618,0.43506047089357447,0.48,0.5,0.6170391927538723,0.770619260024383,0.7977793945654043,imU
0.6674800142968567,0.47795999610085727,0.48,0.5,0.5393199987002858,0.7010200019495714,0.7403400006498572,imU
0.778044056721526,0.443759522738644,0.48,0.5,0.431278568215932,0.681278568215932,0.695038090954576,imU
0.668069604920915,0.49274787240773427,0.48,0.5,0.5829218847100219,0.7908174773286494,0.811460942355011,imU
0.8074131436624582,0.5190869918808676,0.48,0.5,0.5686304878213013,0.779239159900723,0.7993913279205784,imU
0.674236618690318,0.499942721805371,0.48,0.5,0.605534268531166,0.804179340495689,0.822767134265583,imU
0.7776671633745134,0.6145973177776279,0.48,0.5,0.47173253860077863,0.6958662693003893,0.7252659712756814,imU
0.7472530315265625,0.6815644549438703,0.48,0.5,0.4980389279271635,0.7158832162185096,0.7549026801820913,imU
0.7346467752281745,0.6085871009126979,0.48,0.5,0.5325970032780614,0.7208656677593538,0.7572437785062359,imU
0.7600969756945125,0.7086908281240805,0.48,0.5,0.49975756076371863,0.7100969756945125,0.7496605850692061,imU
0.6589357861943866,0.34514862895550935,0.48,0.5,0.6151831169700208,0.7582722943433264,0.7617277056566736,imU
0.8266405892697452,0.5033594107302548,0.48,0.5,0.5589062738201699,0.78,0.7667188214605097,imU
0.7776112943325102,0.3825515246847754,0.48,0.5,0.5556677659950612,0.7723887056674898,0.7780564716625511,imU
0.688630207657737,0.5267514879022106,0.48,0.5,0.5855576643178158,0.7451272318533159,0.7516242560488947,imU
0.7339364112144681,0.5250329000715549,0.48,0.5,0.501677633357185,0.7661293889286416,0.7455482444285434,imU
0.5939510204477753,0.40035836738060904,0.48,0.5,0.11388979600749449,0.5247289796492742,0.37909959191793946,imU
0.81,0.47314358221071323,0.48,0.5,0.4821442166450872,0.7155724255397307,0.7297153733160698,imU
0.8203903984694689,0.45731733078244813,0.48,0.5,0.46502506003436517,0.7080981277213859,0.7007807969389378,imU
0.5005955881399673,0.6043710938006424,0.9827821692725532,0.5,0.5553644301887644,0.708675551482504,0.7380133272237561,imU
0.6191655928111083,0.576500644313335,0.48,0.5,0.5808613616774081,0.73,0.7586944802396297,imU
0.6628029711816054,0.5649679737308593,0.48,0.5,0.5772610813566761,0.7459236483041549,0.753630540678338,imU
0.5793618004623748,0.5859596101722463,0.48,0.5,0.5561754245058661,0.714683211096996,0.7325574198821178,imU
0.5836137980818312,0.48797225946323197,0.48,0.5,0.6080689904091561,0.7372275961636624,0.7636137980818313,imU
0.7622508415625333,0.5191881311719,0.48,0.5,0.49653135519531666,0.6790775464257585,0.7008118688281001,imU
0.6887019203614837,0.45587339577646224,0.48,0.5,0.5093509601807418,0.8026121779786021,0.8260897423828817,imU
0.7312087202044935,0.42,0.48,0.5,0.49619339523271894,0.753806604767281,0.7797582559591013,imU
0.6112596409231585,0.4874652926766291,0.48,0.5,0.5212287899690511,0.7550077127385268,0.7850077127385269,imU
0.8475789263926046,0.5432719184626609,0.48,0.5,0.6274122763317926,0.8089649105327171,0.828964910532717,imU
0.6437558869979249,0.46920862306713007,0.48,0.5,0.5664252074297572,0.7764252074297573,0.7998189055723179,imU
0.7509720642477321,0.4036284919690335,0.48,0.5,0.5854571693436554,0.844571693436555,0.8591145240928996,imU
0.77646068371524,0.657325812111232,0.48,0.5,0.514814615343716,0.739629230687432,0.7746910255728601,imU
0.86,0.43868783364645264,0.48,0.5,0.6021719584116131,0.8656560831767737,0.878699072779677,imU
0.7221378862402257,0.45678157186685475,0.48,0.5,0.584643685626629,0.7748160434269111,0.7994597290535402,imU
0.748485880769721,0.45481607649632566,0.48,0.5,0.6246792170935813,0.8016509786330234,0.8184858807697211,imU
0.8062596316503031,0.5434653260589087,0.48,0.5,0.5647634843104243,0.85803082128097,0.8702750422907881,imU
0.7513088987052793,0.4504362995684264,0.48,0.5,0.5968120998561421,0.7468120998561422,0.7768120998561422,imU
0.8478715246301309,0.48354586135045485,0.48,0.5,0.5980137425079876,0.7609220198070779,0.7909220198070779,imU
0.5092199343986331,0.45769294503537455,0.48,0.5,0.6315352748231274,0.7100082854598688,0.7446223953891198,imU
0.5810623840097721,0.4252930049969462,0.48,0.5,0.564468807995114,0.767765596002443,0.7457051034978623,imU
0.4857530832761975,0.5781481245714811,0.8895801651811348,0.5,0.5727407501714076,0.7163703750857038,0.7463703750857038,imU
0.4735629472043769,0.4597701324384273,0.48,0.5,0.618046125726632,0.7398850662192137,0.7689655959729228,imU
0.6179852397640152,0.30975428689224604,0.48,0.5,0.6169533319590462,0.7236609508103385,0.7453071413846925,imU
0.6898662879294529,0.37882946130197903,0.48,0.5,0.531170538698021,0.6289631733725262,0.6667558080470315,imU
0.730296269948318,0.3890326611399891,0.48,0.5,0.5244618953366793,0.6179564518133478,0.6462091735750136,imU
0.7159716699972389,0.4225795228579317,0.48,0.5,0.5566078528606927,0.6843464214344879,0.7143464214344879,imU
0.6889938256659419,0.5127045831893374,0.48,0.5,0.6654091663786748,0.8458492044276397,0.858993825665942,imU
0.7367701586020841,0.5345962698252605,0.48,0.5,0.6839130556115882,0.8485093254368488,0.860807460349479,imU
0.7246985407131724,0.5083887768759742,0.48,0.5,0.6830197532596939,0.8646309763837198,0.8746309763837198,imU
0.6592861527648635,0.39857025929369755,0.48,0.5,0.5864266713522586,0.6292861527648634,0.6728574351765757,imU
0.7102681164626792,0.46109496575726516,0.48,0.5,0.6626033561618233,0.6654748287863257,0.708078184948149,imU
0.6647935320589281,0.469071947737637,0.48,0.5,0.6394848836197808,0.6424223111539829,0.6752575581901096,imU
0.7476540608579921,0.3717061375578239,0.48,0.5,0.640639801584184,0.698080595247448,0.7382938624421761,imU
0.7293489359853709,0.5273319149104209,0.48,0.5,0.6653148938354707,0.8386553192833667,0.8513234043729458,imU
0.81,0.5153112037941825,0.48,0.5,0.5612085071140921,0.7735529052170009,0.7929668056912738,imU
0.7991019373508446,0.520990732968105,0.48,0.5,0.5828795285853655,0.7879258637448403,0.8069351307767353,imU
0.6674225994928406,0.27340944296581987,0.48,0.5,0.6012887002535796,0.75,0.7755301856780601,imU
0.6901130274486718,0.2899152294134962,0.48,0.5,0.4428602749926413,0.6851836696040917,0.6678178896993895,imU
0.7279662846599323,0.5544745335793492,0.5875251065894507,0.5,0.5124067430680136,0.670338952556678,0.6924067430680135,imU
0.7257049538120901,0.5437079817403496,0.6169794500553536,0.5,0.5673657798066278,0.7615604586463948,0.7841946788397669,imU
0.7151424694859098,0.45990502034272684,0.6097530528910898,0.5,0.6350474898286366,0.7850474898286366,0.8075427408457729,imU
0.6766779124902671,0.4376819269320611,0.6266441750194657,0.5,0.617439357689313,0.7028200802888358,0.74,imU
0.8755552223266209,0.425252919068539,0.48,0.5,0.51959592930242,0.7320203534878996,0.74959592930242,imU
0.8384122267714385,0.39227481784762563,0.48,0.5,0.49227481784762567,0.7715877732285615,0.726895681539688,imU
0.8415634770891328,0.5282739218315037,0.48,0.5,0.7374921832869372,0.9176547843663008,0.7156347708913284,imU
0.8491583479772459,0.544579173988623,0.48,0.5,0.6950499121365249,0.8696290861251479,0.759529261852098,imU
0.8060055013855536,0.4466380195012007,0.48,0.5,0.5555173593349343,0.7270402200554221,0.7529597799445779,imU
0.6318149482269643,0.5054626294325893,0.48,0.5,0.638729536241125,0.7205444844680893,0.7603629896453928,imU
0.7245728818986366,0.4658659884473029,0.48,0.5,0.5202076829283937,0.7263048587932425,0.7095611296540605,imU
0.6316938380247914,0.510483953721369,0.48,0.5,0.641451861164107,0.7233876760495829,0.7626617454675294,imU
0.8015622295027918,0.4543745573682047,0.48,0.5,0.6353125245906553,0.7515622295027917,0.7821872786841023,imU
0.8324692134473984,0.4857614980439297,0.48,0.5,0.6483538577017344,0.7641153557456641,0.7932922845965313,imU
0.8339424372169395,0.5125359767394128,0.48,0.5,0.5604208511732919,0.7149280465211745,0.7404208511732919,imU
0.7968482889073657,0.5057585554631718,0.48,0.5,0.47260684437053746,0.6634241444536828,0.68,imU
0.7340588155695904,0.4784646971265495,0.48,0.5,0.5503470659873686,0.7047529475443276,0.7303470659873686,imU
0.7043836133025895,0.4943379270947144,0.48,0.5,0.4885844817736786,0.6999543137921249,0.7256620729052856,imU
0.6062518231476682,0.3890629557869171,0.48,0.5,0.1143777347215024,0.5171888673607512,0.38286724209034956,imU
0.6634198988486464,0.3099350758635152,0.48,0.5,0.3577759275800603,0.6418073356290503,0.592743465511818,imU
0.585755083600548,0.3091021237975339,0.48,0.5,0.5168974244158926,0.6948160868071243,0.6766118392120564,imU
0.818432029742157,0.4755507806700604,0.48,0.5,0.6237496059533565,0.7479871078091631,0.7695335910822778,imU
0.731955536161862,0.49405002181790514,0.48,0.5,0.6001389494941809,0.8080722537369741,0.7941056016155775,imU
0.7841048114285456,0.44342067619045467,0.48,0.5,0.45684135238090934,0.7334206761904546,0.6841048114285456,imU
0.7836493708166176,0.4108050334670598,0.48,0.5,0.45364937081661755,0.7628443373495577,0.687298741633235,imU
0.7555270716814687,0.6763248601776242,0.48,0.5,0.4355270716814687,0.4235469623889849,0.383290607522203,pp
0.6685349001590275,0.6914016450063771,0.48,0.5,0.4459873090330809,0.39057297305978467,0.3145222091921084,pp
0.6420691406371658,0.5683446874902673,0.48,0.5,0.42,0.4616553125097327,0.3665287239575223,pp
0.6841753027298384,0.744509926796374,0.48,0.5,0.4571394677439494,0.45670121091935345,0.42208765136491916,pp
0.6918668095323248,0.6390471088131253,0.48,0.5,0.5402479660070748,0.5141905782373749,0.4195430408272749,pp
0.7062021398112958,0.6875267476411973,0.48,0.5,0.4390582736797324,0.5293032097169437,0.36177646207574643,pp
0.6540533987970604,0.8877508056137184,0.48,0.5,0.3419822004009799,0.42982200400979886,0.38576860521273854,pp
0.5955635732599477,0.5902073975434555,0.48,0.5,0.46137962346465966,0.3992876485670157,0.30209197489764394,pp
0.721363578189076,0.7839256462776927,0.48,0.5,0.5705784489335375,0.49822306116692194,0.3170661632998468,pp
0.7048676591466362,0.7548676591466362,0.48,0.5,0.5189643150704021,0.5064096655923767,0.32436133763049363,pp
0.669997259613324,0.6999821874866059,0.48,0.5,0.46000137019333803,0.45000274038667604,0.3300246634800841,pp
0.6514766261459543,0.5951026444812209,0.48,0.5,0.4463739816647332,0.4567103646864124,0.4981869908323666,pp
0.6436820418457672,0.7216309957015885,0.48,0.5,0.4068204184576715,0.41945633476613714,0.46577429292037004,pp
0.677301508623906,0.845767169541302,0.48,0.5,0.2791183668500179,0.4740915708869441,0.200511446360868,pp
0.6485226725850327,0.7536933185374182,0.48,0.5,0.46,0.3748293540476145,0.30852267258503274,pp
0.664637443438491,0.8153625565615091,0.48,0.5,0.5096121794847818,0.48284992458465453,0.26038782051521825,pp
0.7095872111268494,0.7110319721828763,0.48,0.5,0.40144476105602683,0.5394840139085619,0.38834884450739793,pp
0.697531080497398,0.6611291494951678,0.48,0.5,0.4313397700074343,0.4329281839940526,0.43506216099479605,pp
0.6714485918002019,0.6085514081997981,0.48,0.5,0.5063785204994954,0.3750700713007064,0.39014014260141283,pp
0.488731106315848,0.7103987679474884,0.48,0.5,0.4700785596315292,0.4958731106315848,0.5394441127894533,pp
0.6475068747432143,0.6948622422996429,0.48,0.5,0.4355922792607143,0.47911845585214285,0.36647382340857143,pp
0.6175870536921035,0.6083027129585014,0.48,0.5,0.4192843407336022,0.4846421703668011,0.38124759628380384,pp
0.6879593662412515,0.6911080282067871,0.48,0.5,0.39842566901723225,0.5289796831206258,0.38055401410339357,pp
0.6642547580172157,0.7286539786207583,0.48,0.5,0.32418252672405207,0.39701903206886247,0.4044714518967063,pp
0.692942095205636,0.7870579047943641,0.48,0.5,0.26966465303340226,0.45605186389457075,0.33849093865031005,pp
0.6662640218849804,0.725252804376996,0.48,0.5,0.4427247606070353,0.4488904240734784,0.27667127222043525,pp
0.6336326374342589,0.7134336573540795,0.48,0.5,0.4907959203207176,0.41721427887748824,0.19378062152340877,pp
0.734972459101819,0.4993273219060559,0.48,0.5,0.48994491820363795,0.5767033878642414,0.43173092876242236,pp
0.685072798227925,0.82,0.48,0.5,0.38930013008452896,0.6364725380588669,0.5473180044301877,pp
0.4767286357558785,0.5043695450110465,0.48,0.5,0.4791690911062016,0.3731899996386305,0.3249331820317184,pp
0.46949683205210047,0.5118122335239337,0.48,0.5,0.46909388323803314,0.35751687587886694,0.37446308029436665,pp
0.3274480337934161,0.3956363498977203,0.48,0.5,0.5253701411554441,0.28221428031696155,0.37718182505113984,pp
0.7037971889501323,0.6817690784514555,0.48,0.5,0.41304216574801517,0.5175943779002646,0.4206365436482798,pp
0.6579862779234024,0.7380320181787279,0.48,0.5,0.4910068610382988,0.40496569480850586,0.40697941688510353,pp
0.621931099958721,0.5653148322340961,0.48,0.5,0.4910411483924231,0.6890679418795574,0.20468516776590392,pp
0.609978962055168,0.576673679314944,0.48,0.5,0.4566316034252799,0.6232526878781438,0.24337891554713612,pp
0.7072090922058814,0.6650265750226232,0.48,0.5,0.46030419530543026,0.5158860108936676,0.3128440578393651,pp
0.7314017641376452,0.8371964717247093,0.48,0.5,0.3524282262023246,0.5157947075870641,0.32401764137645284,pp
0.63,0.7531696526118962,0.48,0.5,0.5395624863433454,0.42014583788555154,0.37561011579603465,pp
0.6260780828466017,0.8103904142330086,0.48,0.5,0.4274534200737879,0.4292191715339827,0.32726710036893947,pp
0.6788407082001593,0.6402275597140581,0.48,0.5,0.5720910238856233,0.48372692834313025,0.4179089761143767,pp
0.6594104666730782,0.6511790666538434,0.48,0.5,0.5313755777628173,0.4196069777820522,0.45372267779166964,pp
0.676143179606406,0.7965184617620112,0.48,0.5,0.48464205098398494,0.48075056431121055,0.34962471784439475,pp
0.7011171013458489,0.7667295641314136,0.48,0.5,0.5021533345227375,0.5133513040375468,0.35997304394367985,pp
0.7055147647336868,0.7629901568442088,0.48,0.5,0.3789704705326264,0.47827214710053023,0.462524607889478,pp
0.685571330120225,0.612143349398875,0.48,0.5,0.452028394216405,0.440885733975955,0.50937119228854,pp
0.7388037310036594,0.47084442517388747,0.48,0.5,0.4992259435906031,0.5692963123550937,0.41936668111958436,pp
0.7452120204017837,0.6628447548659961,0.48,0.5,0.42181969397324476,0.5439398979910816,0.37309181638394684,pp
0.7234651974023728,0.6022784207810171,0.48,0.5,0.4448839913412429,0.5534651974023729,0.40346519740237285,pp
0.6254124984080592,0.782498076188335,0.48,0.5,0.46500384762332997,0.4912490380941675,0.5312567333408275,pp
0.63,0.8005632688133211,0.48,0.5,0.39,0.461509038401903,0.342830320532699,pp
0.6880551671354326,0.6651379178385816,0.48,0.5,0.30826553967441145,0.3938896657291348,0.25312762183582993,pp
0.6435834851665108,0.8322357821392266,0.48,0.5,0.372986237638759,0.47329265358232014,0.42687613874883096,pp
0.6936671122252318,0.6973342244504637,0.48,0.5,0.44216510721168856,0.7006764689551005,0.688511361743412,pp
0.6821455540447193,0.6742911080894387,0.48,0.5,0.4378544459552806,0.8042911080894387,0.6842087161295369,pp
0.6702696334136279,0.8394607331727443,0.48,0.5,0.38107853365451144,0.46477137820601516,0.3257678886212405,pp
0.6809033273468467,0.7854453237549548,0.48,0.5,0.465458003591892,0.5427099820405401,0.2472646582855854,pp
0.6967170033398565,0.7528096418288562,0.48,0.5,0.37906345272371456,0.45702918576528506,0.26702918576528506,pp
0.6616461156105458,0.7090174176196808,0.48,0.5,0.46791152890263643,0.3258230578052729,0.3018672933539547,pp
0.6651451881475577,0.700995920741774,0.48,0.5,0.4177177822213366,0.5012862970368894,0.36543556444267317,pp
0.6291956824351053,0.5666137240135021,0.48,0.5,0.44596823440810124,0.4072592136189029,0.417100385659409,pp
0.7058412064984216,0.6652457308675032,0.48,0.5,0.5075236194952651,0.467722111372238,0.4368336658832859,pp
0.6726123756359723,0.7734267410963882,0.48,0.5,0.5269381218201387,0.4664886192762495,0.25873613199569506,pp
0.6528488037851828,0.6917209569718538,0.48,0.5,0.5497326316725979,0.4,0.36715119621481723,pp
0.7133563430113629,0.78,0.48,0.5,0.5652056382323225,0.48226057168560477,0.3229450665467178,pp
0.6809234356772133,0.826769640773958,0.48,0.5,0.44153794903255256,0.46523169174140544,0.34492276941953154,pp
0.651742501604041,0.748257498395959,0.48,0.5,0.3430299935838362,0.4027081205888874,0.4527081205888874,pp
0.7373263933795664,0.7129947950346748,0.48,0.5,0.45417100413777095,0.3928342008275542,0.37582899586222906,pp
0.6377790034487949,0.7744640551807179,0.48,0.5,0.3744419931024103,0.4011049827560257,0.4200110310391538,pp
0.39334425480553686,0.46578578685739375,0.48,0.5,0.48555191506482104,0.4068896169870358,0.44210710657130314,pp
0.40861846383325473,0.4867676941797604,0.48,0.5,0.5012707688684335,0.4156076926096388,0.43317692217108367,pp
0.46482298556503177,0.5548331006756013,0.48,0.5,0.5050151726658544,0.4099898848894304,0.3351466691032594,pp
0.6173868796537603,0.8108371174609087,0.48,0.5,0.45651583953834707,0.36522624069247944,0.3973868796537603,pp
0.5913129328622585,0.6026258657245169,0.48,0.5,0.39242448056528983,0.37313129328622585,0.340706812720936,pp
0.5725732671549695,0.5462866335774847,0.48,0.5,0.4416751766439002,0.3834713576660387,0.3116751766439002,pp
0.6726136181194794,0.7903978641039049,0.48,0.5,0.5230114822233842,0.49130680905973967,0.23261361811947937,pp
0.6707691080370589,0.6337277068005883,0.48,0.5,0.600414012364706,0.4637277068005883,0.3937277068005883,pp
0.6298779171105924,0.6124236981941202,0.48,0.5,0.4872100531376569,0.4123626567494164,0.38745421891647214,pp
0.6513204093847392,0.65,0.48,0.5,0.4752816375389569,0.4542136062564928,0.3713204093847392,pp
0.6483668803277004,0.7039305462579306,0.48,0.5,0.41556366593023025,0.49949421218816087,0.3606215440486214,pp
0.5861514481101252,0.7461514481101252,0.48,0.5,0.4789075136552302,0.49,0.5435630054620921,pp
0.44264088354182285,0.5937922650625468,0.48,0.5,0.5117834256978152,0.4868397791145443,0.5467270722810861,pp
0.6690080419635593,0.6568072155042373,0.48,0.5,0.553899586770339,0.49929319772542374,0.3580843293025424,pp
0.7157517600171375,0.6036468319691526,0.48,0.5,0.5475943679451601,0.5830070400685499,0.3533461279622976,pp
0.720403840249664,0.6031115514507394,0.48,0.5,0.47587884792510077,0.6172922887989247,0.3156769278002688,pp
0.7256824187444298,0.7346653968165142,0.48,0.5,0.5584120937221495,0.47545934995543937,0.31215879062778507,pp
0.7036866684524073,0.6015666577379633,0.48,0.5,0.42318001607166617,0.36262666309518526,0.29474667380962943,pp
0.6344461291603342,0.7466767749620049,0.48,0.5,0.4888922583206683,0.36555387083966584,0.38,pp
0.5083804695228684,0.5333121831243823,0.48,0.5,0.4654048826192829,0.3931756103274104,0.4117561032741036,pp
0.7360325163761857,0.7365615141926942,0.48,0.5,0.31290948799079715,0.5270905120092029,0.5160325163761857,pp
0.7238592490563115,0.7238592490563115,0.48,0.5,0.35842225283106555,0.5353802503145628,0.4500567459106831,pp
0.4859339514544579,0.513196829214896,0.48,0.5,0.5029070894380139,0.7522078373058196,0.5829669757272289,im
0.2877166293096667,0.514561308189631,0.48,0.5,0.37561308189630954,0.4264904655170476,0.5073678491377858,im
0.47752026089238275,0.43188006522309563,0.48,0.5,0.5163533224628174,0.756466775371826,0.7828200978346435,im
0.3115079563143243,0.5022294426311793,0.48,0.5,0.6492785136831449,0.8948196284207862,0.8974098142103931,im
0.41387811761472976,0.5240975927452599,0.48,0.5,0.58,0.7704389502610602,0.7715853393789501,im
0.4294952924811966,0.4015141225564101,0.48,0.5,0.5796635283207977,0.7500560786132003,0.7800560786132004,im
0.41538010109534157,0.4825145745581187,0.48,0.5,0.5054970850883762,0.7707602021906831,0.7935087447348712,im
0.522013150287072,0.4389458177483783,0.48,0.5,0.13198027456939204,0.7922364544370947,0.4416288804855181,im
0.5118710568191113,0.3957380775394509,0.48,0.5,0.6480873074868497,0.71,0.7304781731282876,im
0.4492523040858679,0.614085417982452,0.48,0.5,0.40666227793168014,0.854752962396116,0.8644191901892839,im
0.4735363708640452,0.48529272582719096,0.48,0.5,0.6107806022058425,0.8003903011029213,0.8203903011029213,im
0.5349905678742056,0.5374335685957399,0.48,0.5,0.5901422949343146,0.6549288525328426,0.6934013367585592,im
0.44758455062671626,0.4048308987465675,0.48,0.5,0.611932359498627,0.743864718997254,0.7733816291225973,im
0.7276148374242177,0.3617888719318367,0.48,0.5,0.5323851625757823,0.9010556403408165,0.9122482216287077,im
0.7021212471822793,0.4944258234806792,0.48,0.5,0.4364593412154566,0.7281419411602263,0.5549522001656906,im
0.504162238357108,0.45724867150713244,0.48,0.5,0.6132892310964094,0.7763756642464338,0.7975837761642892,im
0.54,0.5515433642848829,0.48,0.5,0.523086728569766,0.8238424767863378,0.8415353973219482,im
0.5070459067367541,0.471304055269976,0.48,0.5,0.5334397858385203,0.869347972365012,0.8403326701194274,im
0.45167782300653436,0.579463038344224,0.48,0.5,0.42812087709513824,0.8287247767901205,0.8448321691212757,im
0.643262525455488,0.44229135202818953,0.48,0.5,0.5001618622378831,0.6580323724475766,0.6980323724475765,im
0.3403583782725171,0.5094869932101616,0.48,0.5,0.5718973986420323,0.8153338176535798,0.8310260135796768,im
0.3657243753084406,0.5280360852503427,0.48,0.5,0.3901673689405315,0.7668383880442587,0.7868383880442588,im
0.8293290271312194,0.44746968100814644,0.48,0.5,0.48,0.7137348405040732,0.739466451356561,im
0.47777545352695483,0.5877784418494414,0.48,0.5,0.5244431163011171,0.7655538953763963,0.7944431163011171,im
0.519412999588348,0.5476460003528446,0.48,0.5,0.33646600152899325,0.7741179998823852,0.6241135013819747,im
0.5636932843900062,0.5022864384693101,0.48,0.5,0.608291507754481,0.8614321923465507,0.8691457538772405,im
0.41241673627002795,0.48896290109330853,0.48,0.5,0.6334443516399628,0.8158610879099907,0.8358610879099907,im
0.31457656397042955,0.49542343602957045,0.48,0.5,0.5526090569123677,0.8354234360295705,0.7877587300021582,im
0.5063472113916516,0.4771720345513282,0.48,0.5,0.48096622154753343,0.736622152444877,0.5979340142395645,im
0.17112730523339503,0.5060727157999783,0.48,0.5,0.3378545684000436,0.42207282096684445,0.5068364420334821,im
0.4733633786610476,0.4327087301254666,0.48,0.5,0.5990970899581778,0.7290970899581778,0.760654648535581,im
0.71,0.44299536038465726,0.48,0.5,0.6849193731089499,0.8074884009616431,0.829573667468036,im
0.30749778820950024,0.44926561661961756,0.48,0.5,0.4731596179680444,0.49845425603639726,0.5711015750705737,im
0.6237343129958728,0.5270987450396698,0.48,0.5,0.5812962351190094,0.6730556473214858,0.6774075297619812,im
0.6035193305691794,0.5607293720314885,0.48,0.5,0.3499561492643132,0.7157512973993321,0.572746107802004,im
0.7963653946315122,0.407175090144118,0.48,0.5,0.5869868489584031,0.7223916967147059,0.7382297576121849,im
0.3486439467580365,0.5106286506733118,0.48,0.5,0.667485397306753,0.8971710719700972,0.8977997226434089,im
0.619730759675915,0.5040576588657023,0.48,0.5,0.3162496894672357,0.7951346201620426,0.5584036120599162,im
0.7198604645687283,0.459581393706185,0.48,0.5,0.5103488385781793,0.6613953543127169,0.7009069803032659,im
0.6061548787136033,0.48153536385919016,0.6799463068926297,0.5,0.2076365494654232,0.7884646361408099,0.5045658217470428,im
0.4589733838616755,0.51,0.48,0.5,0.5484805497450707,0.5969815734426984,0.6524846445355821,im
0.6668161328889689,0.6659609920413808,0.48,0.5,0.6446824464186214,0.6823370575606882,0.7172312063668952,im
0.1823211034918611,0.46785728733695064,0.48,0.5,0.5719643218342376,0.7682140689945741,0.7844638161549106,im
0.7770931640572081,0.5401820142658442,0.48,0.5,0.5492719429366233,0.6905460427975325,0.7109100713292209,im
0.6778810857108328,0.4725019950330075,0.48,0.5,0.5561532322975362,0.7780766161487681,0.7357701515536957,im
0.4001801254183451,0.47085960162350865,0.7835284692032072,0.5,0.5774662264840603,0.7408596016235086,0.7750225156772932,im
0.5433509142130508,0.5155567276142033,0.48,0.5,0.546664908578695,0.7077678152792712,0.5933139943656441,im
0.6785880222650278,0.4178454148206901,0.48,0.5,0.47367011852019714,0.6910103555605915,0.7241752963004929,im
0.6855594083051292,0.47637684904647115,0.48,0.5,0.6947246301907057,0.6908347781144234,0.7308347781144234,im
0.35125406478575577,0.4937942247684844,0.48,0.5,0.5502572190393946,0.7398713904803027,0.7718971123842422,im
0.4137299346331108,0.575204369757429,0.48,0.5,0.52,0.7652664239023651,0.7478686087810795,im
0.58,0.37051354696997146,0.48,0.5,0.5614530260461892,0.845298557214785,0.7998288176766762,im
0.3326547878600554,0.4827964363580166,0.48,0.5,0.6872507798079704,0.6713273939300277,0.708483741406024,im
0.5665409484634911,0.5130818969269823,0.48,0.5,0.5558647628841272,0.7472171340428551,0.7760142783690458,im
0.354311407281791,0.5262934221845373,0.48,0.5,0.498751540558597,0.61,0.4268982516508657,im
0.4338329869260383,0.4653602262281923,0.48,0.5,0.5893658819330001,0.724236380348923,0.7549568328053076,im
0.190995619513262,0.48325958373975836,0.48,0.5,0.40325958373975834,0.7003318731710874,0.40547207154700726,im
0.6030195969444699,0.5212255038194126,0.48,0.5,0.5680817002546275,0.7306927959259599,0.7572646977083525,im
0.41361456670293106,0.5057430444686207,0.48,0.5,0.5397858703905173,0.6860285506145977,0.7180142753072988,im
0.5653947678220967,0.49769738391104834,0.48,0.5,0.5359449788929179,0.6801375527677054,0.5666327427314444,im
0.6648770060060947,0.4181608732482224,0.48,0.5,0.61,0.71,0.74,im
0.4778863169368992,0.5415126567525437,0.48,0.5,0.5624693272323347,0.7353393386717073,0.7692436716237281,im
0.6065134976635844,0.6228106417449009,0.48,0.5,0.4716216744547185,0.87,0.8718648278816971,im
0.5505671220536728,0.49470447480357815,0.48,0.5,0.5529313236250473,0.8076357984286254,0.7805671220536727,im
0.2676502534744243,0.4818095861375664,0.48,0.5,0.4647940455379207,0.7442538851499114,0.7466981841622564,im
0.326576078833875,0.3718400563099107,0.48,0.5,0.5782239915535133,0.9317119605830625,0.9328959662140535,im
0.35404927976577477,0.5625726968119718,0.48,0.5,0.594340067013662,0.839373584580352,0.5644519430709156,im
0.6712528982846927,0.3980344721637031,0.48,0.5,0.567321842612099,0.7593304606530248,0.7893304606530248,im
0.400892867029633,0.5189810941816999,0.48,0.5,0.6129936980605666,0.7249684903028332,0.7549684903028332,im
0.2348525154948068,0.48404824258579143,0.48,0.5,0.5387935906364769,0.7202680909696717,0.5677212267577898,im
0.45139407855289815,0.4157272205426632,0.48,0.5,0.5342275075580156,0.744302960723551,0.4898792749351434,im
0.03656165348591217,0.5117410311183768,0.48,0.5,0.36741031118376766,0.6769641244735071,0.46147271712664684,im
0.3937739461953018,0.5109838532996644,0.48,0.5,0.5044273398484899,0.6647540366750839,0.44606834962122466,im
0.28618512736624896,0.43632067928666096,0.48,0.5,0.4614446179012532,0.683679320713339,0.5472230895062661,im
0.2900547425202087,0.551440610994856,0.48,0.5,0.28504213848199583,0.8698062379955909,0.34908593249816283,im
0.49085257805928684,0.5953917533992077,0.48,0.5,0.5060061862793133,0.7609216493201585,0.40747319721870584,im
0.6447343406088425,0.52,0.48,0.5,0.5747343406088425,0.7846233240091804,0.68325140086156,im
