mcg,gvh,lip,chg,aac,alm1,alm2,class
0.49,0.29,0.48,0.5,0.56,0.24,0.35,cp
0.07,0.4,0.48,0.5,0.54,0.35,0.44,cp
0.56,0.4,0.48,0.5,0.49,0.37,0.46,cp
0.59,0.49,0.48,0.5,0.52,0.45,0.36,cp
0.23,0.32,0.48,0.5,0.55,0.25,0.35,cp
0.67,0.39,0.48,0.5,0.36,0.38,0.46,cp
0.29,0.28,0.48,0.5,0.44,0.23,0.34,cp
0.21,0.34,0.48,0.5,0.51,0.28,0.39,cp
0.2,0.44,0.48,0.5,0.46,0.51,0.57,cp
0.42,0.4,0.48,0.5,0.56,0.18,0.3,cp
0.42,0.24,0.48,0.5,0.57,0.27,0.37,cp
0.25,0.48,0.48,0.5,0.44,0.17,0.29,cp
0.39,0.32,0.48,0.5,0.46,0.24,0.35,cp
0.51,0.5,0.48,0.5,0.46,0.32,0.35,cp
0.22,0.43,0.48,0.5,0.48,0.16,0.28,cp
0.25,0.4,0.48,0.5,0.46,0.44,0.52,cp
0.34,0.45,0.48,0.5,0.38,0.24,0.35,cp
0.44,0.27,0.48,0.5,0.55,0.52,0.58,cp
0.23,0.4,0.48,0.5,0.39,0.28,0.38,cp
0.41,0.57,0.48,0.5,0.39,0.21,0.32,cp
0.4,0.45,0.48,0.5,0.38,0.22,0.0,cp
0.31,0.23,0.48,0.5,0.73,0.05,0.14,cp
0.51,0.54,0.48,0.5,0.41,0.34,0.43,cp
0.3,0.16,0.48,0.5,0.56,0.11,0.23,cp
0.36,0.39,0.48,0.5,0.48,0.22,0.23,cp
0.29,0.37,0.48,0.5,0.48,0.44,0.52,cp
0.25,0.4,0.48,0.5,0.47,0.33,0.42,cp
0.21,0.51,0.48,0.5,0.5,0.32,0.41,cp
0.43,0.37,0.48,0.5,0.53,0.35,0.44,cp
0.43,0.39,0.48,0.5,0.47,0.31,0.41,cp
0.53,0.38,0.48,0.5,0.44,0.26,0.36,cp
0.34,0.33,0.48,0.5,0.38,0.35,0.44,cp
0.56,0.51,0.48,0.5,0.34,0.37,0.46,cp
0.4,0.29,0.48,0.5,0.42,0.35,0.44,cp
0.24,0.35,0.48,0.5,0.31,0.19,0.31,cp
0.36,0.54,0.48,0.5,0.41,0.38,0.46,cp
0.29,0.52,0.48,0.5,0.42,0.29,0.39,cp
0.65,0.47,0.48,0.5,0.59,0.3,0.4,cp
0.32,0.42,0.48,0.5,0.35,0.28,0.38,cp
0.38,0.46,0.48,0.5,0.48,0.22,0.29,cp
0.33,0.45,0.48,0.5,0.52,0.32,0.41,cp
0.3,0.37,0.48,0.5,0.59,0.41,0.49,cp
0.4,0.5,0.48,0.5,0.45,0.39,0.47,cp
0.28,0.38,0.48,0.5,0.5,0.33,0.42,cp
0.61,0.45,0.48,0.5,0.48,0.35,0.41,cp
0.17,0.38,0.48,0.5,0.45,0.42,0.5,cp
0.44,0.35,0.48,0.5,0.55,0.55,0.61,cp
0.43,0.4,0.48,0.5,0.39,0.28,0.39,cp
0.42,0.35,0.48,0.5,0.58,0.15,0.27,cp
0.23,0.33,0.48,0.5,0.43,0.33,0.43,cp
0.37,0.52,0.48,0.5,0.42,0.42,0.36,cp
0.29,0.3,0.48,0.5,0.45,0.03,0.17,cp
0.22,0.36,0.48,0.5,0.35,0.39,0.47,cp
0.23,0.58,0.48,0.5,0.37,0.53,0.59,cp
0.47,0.47,0.48,0.5,0.22,0.16,0.26,cp
0.54,0.47,0.48,0.5,0.28,0.33,0.42,cp
0.51,0.37,0.48,0.5,0.35,0.36,0.45,cp
0.4,0.35,0.48,0.5,0.45,0.33,0.42,cp
0.44,0.34,0.48,0.5,0.3,0.33,0.43,cp
0.42,0.38,0.48,0.5,0.54,0.34,0.43,cp
0.44,0.56,0.48,0.5,0.5,0.46,0.54,cp
0.52,0.36,0.48,0.5,0.41,0.28,0.38,cp
0.36,0.41,0.48,0.5,0.48,0.47,0.54,cp
0.18,0.3,0.48,0.5,0.46,0.24,0.35,cp
0.47,0.29,0.48,0.5,0.51,0.33,0.43,cp
0.24,0.43,0.48,0.5,0.54,0.52,0.59,cp
0.25,0.37,0.48,0.5,0.41,0.33,0.42,cp
0.52,0.57,0.48,0.5,0.42,0.47,0.54,cp
0.25,0.37,0.48,0.5,0.43,0.26,0.36,cp
0.35,0.48,0.48,0.5,0.56,0.4,0.48,cp
0.26,0.26,0.48,0.5,0.34,0.25,0.35,cp
0.44,0.51,0.48,0.5,0.47,0.26,0.36,cp
0.37,0.5,0.48,0.5,0.42,0.36,0.45,cp
0.44,0.42,0.48,0.5,0.42,0.25,0.2,cp
0.24,0.43,0.48,0.5,0.37,0.28,0.38,cp
0.42,0.3,0.48,0.5,0.48,0.26,0.36,cp
0.48,0.42,0.48,0.5,0.45,0.25,0.35,cp
0.41,0.48,0.48,0.5,0.51,0.44,0.51,cp
0.44,0.28,0.48,0.5,0.43,0.27,0.37,cp
0.29,0.41,0.48,0.5,0.48,0.38,0.46,cp
0.34,0.28,0.48,0.5,0.41,0.35,0.44,cp
0.41,0.43,0.48,0.5,0.45,0.31,0.41,cp
0.29,0.47,0.48,0.5,0.41,0.23,0.34,cp
0.34,0.55,0.48,0.5,0.58,0.31,0.41,cp
0.36,0.56,0.48,0.5,0.43,0.45,0.53,cp
0.4,0.46,0.48,0.5,0.52,0.49,0.56,cp
0.5,0.49,0.48,0.5,0.49,0.46,0.53,cp
0.52,0.44,0.48,0.5,0.37,0.36,0.42,cp
0.5,0.51,0.48,0.5,0.27,0.23,0.34,cp
0.53,0.42,0.48,0.5,0.16,0.29,0.39,cp
0.34,0.46,0.48,0.5,0.52,0.35,0.44,cp
0.4,0.42,0.48,0.5,0.37,0.27,0.27,cp
0.41,0.43,0.48,0.5,0.5,0.24,0.25,cp
0.3,0.45,0.48,0.5,0.36,0.21,0.32,cp
0.31,0.47,0.48,0.5,0.29,0.28,0.39,cp
0.64,0.76,0.48,0.5,0.45,0.35,0.38,cp
0.35,0.37,0.48,0.5,0.3,0.34,0.43,cp
0.57,0.54,0.48,0.5,0.37,0.28,0.33,cp
0.65,0.55,0.48,0.5,0.34,0.37,0.28,cp
0.51,0.46,0.48,0.5,0.58,0.31,0.41,cp
0.38,0.4,0.48,0.5,0.63,0.25,0.35,cp
0.24,0.57,0.48,0.5,0.63,0.34,0.43,cp
0.38,0.26,0.48,0.5,0.54,0.16,0.28,cp
0.33,0.47,0.48,0.5,0.53,0.18,0.29,cp
0.24,0.34,0.48,0.5,0.38,0.3,0.4,cp
0.26,0.5,0.48,0.5,0.44,0.32,0.41,cp
0.44,0.49,0.48,0.5,0.39,0.38,0.4,cp
0.43,0.32,0.48,0.5,0.33,0.45,0.52,cp
0.49,0.43,0.48,0.5,0.49,0.3,0.4,cp
0.47,0.28,0.48,0.5,0.56,0.2,0.25,cp
0.32,0.33,0.48,0.5,0.6,0.06,0.2,cp
0.34,0.35,0.48,0.5,0.51,0.49,0.56,cp
0.35,0.34,0.48,0.5,0.46,0.3,0.27,cp
0.38,0.3,0.48,0.5,0.43,0.29,0.39,cp
0.38,0.44,0.48,0.5,0.43,0.2,0.31,cp
0.41,0.51,0.48,0.5,0.58,0.2,0.31,cp
0.34,0.42,0.48,0.5,0.41,0.34,0.43,cp
0.51,0.49,0.48,0.5,0.53,0.14,0.26,cp
0.25,0.51,0.48,0.5,0.37,0.42,0.5,cp
0.29,0.28,0.48,0.5,0.5,0.42,0.5,cp
0.25,0.26,0.48,0.5,0.39,0.32,0.42,cp
0.24,0.41,0.48,0.5,0.49,0.23,0.34,cp
0.17,0.39,0.48,0.5,0.53,0.3,0.39,cp
0.04,0.31,0.48,0.5,0.41,0.29,0.39,cp
0.61,0.36,0.48,0.5,0.49,0.35,0.44,cp
0.34,0.51,0.48,0.5,0.44,0.37,0.46,cp
0.28,0.33,0.48,0.5,0.45,0.22,0.33,cp
0.4,0.46,0.48,0.5,0.42,0.35,0.44,cp
0.23,0.34,0.48,0.5,0.43,0.26,0.37,cp
0.37,0.44,0.48,0.5,0.42,0.39,0.47,cp
0.0,0.38,0.48,0.5,0.42,0.48,0.55,cp
0.39,0.31,0.48,0.5,0.38,0.34,0.43,cp
0.3,0.44,0.48,0.5,0.49,0.22,0.33,cp
0.27,0.3,0.48,0.5,0.71,0.28,0.39,cp
0.17,0.52,0.48,0.5,0.49,0.37,0.46,cp
0.36,0.42,0.48,0.5,0.53,0.32,0.41,cp
0.3,0.37,0.48,0.5,0.43,0.18,0.3,cp
0.26,0.4,0.48,0.5,0.36,0.26,0.37,cp
0.4,0.41,0.48,0.5,0.55,0.22,0.33,cp
0.22,0.34,0.48,0.5,0.42,0.29,0.39,cp
0.44,0.35,0.48,0.5,0.44,0.52,0.59,cp
0.27,0.42,0.48,0.5,0.37,0.38,0.43,cp
0.16,0.43,0.48,0.5,0.54,0.27,0.37,cp
0.06,0.61,0.48,0.5,0.49,0.92,0.37,im
0.44,0.52,0.48,0.5,0.43,0.47,0.54,im
0.63,0.47,0.48,0.5,0.51,0.82,0.84,im
0.23,0.48,0.48,0.5,0.59,0.88,0.89,im
0.34,0.49,0.48,0.5,0.58,0.85,0.8,im
0.43,0.4,0.48,0.5,0.58,0.75,0.78,im
0.46,0.61,0.48,0.5,0.48,0.86,0.87,im
0.27,0.35,0.48,0.5,0.51,0.77,0.79,im
0.52,0.39,0.48,0.5,0.65,0.71,0.73,im
0.29,0.47,0.48,0.5,0.71,0.65,0.69,im
0.55,0.47,0.48,0.5,0.57,0.78,0.8,im
0.12,0.67,0.48,0.5,0.74,0.58,0.63,im
0.4,0.5,0.48,0.5,0.65,0.82,0.84,im
0.73,0.36,0.48,0.5,0.53,0.91,0.92,im
0.84,0.44,0.48,0.5,0.48,0.71,0.74,im
0.48,0.45,0.48,0.5,0.6,0.78,0.8,im
0.54,0.49,0.48,0.5,0.4,0.87,0.88,im
0.48,0.41,0.48,0.5,0.51,0.9,0.88,im
0.5,0.66,0.48,0.5,0.31,0.92,0.92,im
0.72,0.46,0.48,0.5,0.51,0.66,0.7,im
0.47,0.55,0.48,0.5,0.58,0.71,0.75,im
0.33,0.56,0.48,0.5,0.33,0.78,0.8,im
0.64,0.58,0.48,0.5,0.48,0.78,0.73,im
0.54,0.57,0.48,0.5,0.56,0.81,0.83,im
0.47,0.59,0.48,0.5,0.52,0.76,0.79,im
0.63,0.5,0.48,0.5,0.59,0.85,0.86,im
0.49,0.42,0.48,0.5,0.53,0.79,0.81,im
0.31,0.5,0.48,0.5,0.57,0.84,0.85,im
0.74,0.44,0.48,0.5,0.55,0.88,0.89,im
0.33,0.45,0.48,0.5,0.45,0.88,0.89,im
0.45,0.4,0.48,0.5,0.61,0.74,0.77,im
0.71,0.4,0.48,0.5,0.71,0.7,0.74,im
0.5,0.37,0.48,0.5,0.66,0.64,0.69,im
0.66,0.53,0.48,0.5,0.59,0.66,0.66,im
0.6,0.61,0.48,0.5,0.54,0.67,0.71,im
0.83,0.37,0.48,0.5,0.61,0.71,0.74,im
0.34,0.51,0.48,0.5,0.67,0.9,0.9,im
0.63,0.54,0.48,0.5,0.65,0.79,0.81,im
0.7,0.4,0.48,0.5,0.56,0.86,0.83,im
0.6,0.5,1.0,0.5,0.54,0.77,0.8,im
0.16,0.51,0.48,0.5,0.33,0.39,0.48,im
0.74,0.7,0.48,0.5,0.66,0.65,0.69,im
0.2,0.46,0.48,0.5,0.57,0.78,0.81,im
0.89,0.55,0.48,0.5,0.51,0.72,0.76,im
0.7,0.46,0.48,0.5,0.56,0.78,0.73,im
0.12,0.43,0.48,0.5,0.63,0.7,0.74,im
0.61,0.52,0.48,0.5,0.54,0.67,0.52,im
0.33,0.37,0.48,0.5,0.46,0.65,0.69,im
0.63,0.65,0.48,0.5,0.66,0.67,0.71,im
0.41,0.51,0.48,0.5,0.53,0.75,0.78,im
0.34,0.67,0.48,0.5,0.52,0.76,0.79,im
0.58,0.34,0.48,0.5,0.56,0.87,0.81,im
0.59,0.56,0.48,0.5,0.55,0.8,0.82,im
0.51,0.4,0.48,0.5,0.57,0.62,0.67,im
0.5,0.57,0.48,0.5,0.71,0.61,0.66,im
0.6,0.46,0.48,0.5,0.45,0.81,0.83,im
0.37,0.47,0.48,0.5,0.39,0.76,0.79,im
0.58,0.55,0.48,0.5,0.57,0.7,0.74,im
0.36,0.47,0.48,0.5,0.51,0.69,0.72,im
0.39,0.41,0.48,0.5,0.52,0.72,0.75,im
0.35,0.51,0.48,0.5,0.61,0.71,0.74,im
0.31,0.44,0.48,0.5,0.5,0.79,0.82,im
0.61,0.66,0.48,0.5,0.46,0.87,0.88,im
0.48,0.49,0.48,0.5,0.52,0.77,0.71,im
0.11,0.5,0.48,0.5,0.58,0.72,0.68,im
0.31,0.36,0.48,0.5,0.58,0.94,0.94,im
0.68,0.51,0.48,0.5,0.71,0.75,0.78,im
0.69,0.39,0.48,0.5,0.57,0.76,0.79,im
0.52,0.54,0.48,0.5,0.62,0.76,0.79,im
0.46,0.59,0.48,0.5,0.36,0.76,0.23,im
0.36,0.45,0.48,0.5,0.38,0.79,0.17,im
0.0,0.51,0.48,0.5,0.35,0.67,0.44,im
0.1,0.49,0.48,0.5,0.41,0.67,0.21,im
0.3,0.51,0.48,0.5,0.42,0.61,0.34,im
0.61,0.47,0.48,0.5,0.0,0.8,0.32,im
0.63,0.75,0.48,0.5,0.64,0.73,0.66,im
0.71,0.52,0.48,0.5,0.64,1.0,0.99,im
0.85,0.53,0.48,0.5,0.53,0.52,0.35,imS
0.63,0.49,0.48,0.5,0.54,0.76,0.79,imS
0.75,0.55,1.0,1.0,0.4,0.47,0.3,imL
0.7,0.39,1.0,0.5,0.51,0.82,0.84,imL
0.72,0.42,0.48,0.5,0.65,0.77,0.79,imU
0.79,0.41,0.48,0.5,0.66,0.81,0.83,imU
0.83,0.48,0.48,0.5,0.65,0.76,0.79,imU
0.69,0.43,0.48,0.5,0.59,0.74,0.77,imU
0.79,0.36,0.48,0.5,0.46,0.82,0.7,imU
0.78,0.33,0.48,0.5,0.57,0.77,0.79,imU
0.75,0.37,0.48,0.5,0.64,0.7,0.74,imU
0.59,0.29,0.48,0.5,0.64,0.75,0.77,imU
0.67,0.37,0.48,0.5,0.54,0.64,0.68,imU
0.66,0.48,0.48,0.5,0.54,0.7,0.74,imU
0.64,0.46,0.48,0.5,0.48,0.73,0.76,imU
0.76,0.71,0.48,0.5,0.5,0.71,0.75,imU
0.84,0.49,0.48,0.5,0.55,0.78,0.74,imU
0.77,0.55,0.48,0.5,0.51,0.78,0.74,imU
0.81,0.44,0.48,0.5,0.42,0.67,0.68,imU
0.58,0.6,0.48,0.5,0.59,0.73,0.76,imU
0.63,0.42,0.48,0.5,0.48,0.77,0.8,imU
0.62,0.42,0.48,0.5,0.58,0.79,0.81,imU
0.86,0.39,0.48,0.5,0.59,0.89,0.9,imU
0.81,0.53,0.48,0.5,0.57,0.87,0.88,imU
0.87,0.49,0.48,0.5,0.61,0.76,0.79,imU
0.47,0.46,0.48,0.5,0.62,0.74,0.77,imU
0.76,0.41,0.48,0.5,0.5,0.59,0.62,imU
0.7,0.53,0.48,0.5,0.7,0.86,0.87,imU
0.64,0.45,0.48,0.5,0.67,0.61,0.66,imU
0.81,0.52,0.48,0.5,0.57,0.78,0.8,imU
0.73,0.26,0.48,0.5,0.57,0.75,0.78,imU
0.49,0.61,1.0,0.5,0.56,0.71,0.74,imU
0.88,0.42,0.48,0.5,0.52,0.73,0.75,imU
0.84,0.54,0.48,0.5,0.75,0.92,0.7,imU
0.63,0.51,0.48,0.5,0.64,0.72,0.76,imU
0.86,0.55,0.48,0.5,0.63,0.81,0.83,imU
0.79,0.54,0.48,0.5,0.5,0.66,0.68,imU
0.57,0.38,0.48,0.5,0.06,0.49,0.33,imU
0.78,0.44,0.48,0.5,0.45,0.73,0.68,imU
0.78,0.68,0.48,0.5,0.83,0.4,0.29,om
0.63,0.69,0.48,0.5,0.65,0.41,0.28,om
0.67,0.88,0.48,0.5,0.73,0.5,0.25,om
0.61,0.75,0.48,0.5,0.51,0.33,0.33,om
0.67,0.84,0.48,0.5,0.74,0.54,0.37,om
0.74,0.9,0.48,0.5,0.57,0.53,0.29,om
0.73,0.84,0.48,0.5,0.86,0.58,0.29,om
0.75,0.76,0.48,0.5,0.83,0.57,0.3,om
0.77,0.57,0.48,0.5,0.88,0.53,0.2,om
0.74,0.78,0.48,0.5,0.75,0.54,0.15,om
0.68,0.76,0.48,0.5,0.84,0.45,0.27,om
0.56,0.68,0.48,0.5,0.77,0.36,0.45,om
0.65,0.51,0.48,0.5,0.66,0.54,0.33,om
0.52,0.81,0.48,0.5,0.72,0.38,0.38,om
0.64,0.57,0.48,0.5,0.7,0.33,0.26,om
0.6,0.76,1.0,0.5,0.77,0.59,0.52,om
0.69,0.59,0.48,0.5,0.77,0.39,0.21,om
0.63,0.49,0.48,0.5,0.79,0.45,0.28,om
0.71,0.71,0.48,0.5,0.68,0.43,0.36,om
0.68,0.63,0.48,0.5,0.73,0.4,0.3,om
0.77,0.57,1.0,0.5,0.37,0.54,0.01,omL
0.66,0.49,1.0,0.5,0.54,0.56,0.36,omL
0.71,0.46,1.0,0.5,0.52,0.59,0.3,omL
0.67,0.55,1.0,0.5,0.66,0.58,0.16,omL
0.68,0.49,1.0,0.5,0.62,0.55,0.28,omL
0.74,0.49,0.48,0.5,0.42,0.54,0.36,pp
0.7,0.61,0.48,0.5,0.56,0.52,0.43,pp
0.66,0.86,0.48,0.5,0.34,0.41,0.36,pp
0.73,0.78,0.48,0.5,0.58,0.51,0.31,pp
0.65,0.57,0.48,0.5,0.47,0.47,0.51,pp
0.72,0.86,0.48,0.5,0.17,0.55,0.21,pp
0.67,0.7,0.48,0.5,0.46,0.45,0.33,pp
0.67,0.81,0.48,0.5,0.54,0.49,0.23,pp
0.67,0.61,0.48,0.5,0.51,0.37,0.38,pp
0.63,1.0,0.48,0.5,0.35,0.51,0.49,pp
0.57,0.59,0.48,0.5,0.39,0.47,0.33,pp
0.71,0.71,0.48,0.5,0.4,0.54,0.39,pp
0.66,0.74,0.48,0.5,0.31,0.38,0.43,pp
0.67,0.81,0.48,0.5,0.25,0.42,0.25,pp
0.64,0.72,0.48,0.5,0.49,0.42,0.19,pp
0.68,0.82,0.48,0.5,0.38,0.65,0.56,pp
0.32,0.39,0.48,0.5,0.53,0.28,0.38,pp
0.7,0.64,0.48,0.5,0.47,0.51,0.47,pp
0.63,0.57,0.48,0.5,0.49,0.7,0.2,pp
0.74,0.82,0.48,0.5,0.49,0.49,0.41,pp
0.63,0.86,0.48,0.5,0.39,0.47,0.34,pp
0.63,0.83,0.48,0.5,0.4,0.39,0.19,pp
0.63,0.71,0.48,0.5,0.6,0.4,0.39,pp
0.71,0.86,0.48,0.5,0.4,0.54,0.32,pp
0.68,0.78,0.48,0.5,0.43,0.44,0.42,pp
0.64,0.84,0.48,0.5,0.37,0.45,0.4,pp
0.74,0.47,0.48,0.5,0.5,0.57,0.42,pp
0.75,0.84,0.48,0.5,0.35,0.52,0.33,pp
0.63,0.65,0.48,0.5,0.39,0.44,0.35,pp
0.69,0.67,0.48,0.5,0.3,0.39,0.24,pp
0.7,0.71,0.48,0.5,0.42,0.84,0.85,pp
0.69,0.8,0.48,0.5,0.46,0.57,0.26,pp
0.64,0.66,0.48,0.5,0.41,0.39,0.2,pp
0.63,0.8,0.48,0.5,0.46,0.31,0.29,pp
0.66,0.71,0.48,0.5,0.41,0.5,0.35,pp
0.69,0.59,0.48,0.5,0.46,0.44,0.52,pp
0.68,0.67,0.48,0.5,0.49,0.4,0.34,pp
0.64,0.78,0.48,0.5,0.5,0.36,0.38,pp
0.62,0.78,0.48,0.5,0.47,0.49,0.54,pp
0.76,0.73,0.48,0.5,0.44,0.39,0.39,pp
0.64,0.81,0.48,0.5,0.37,0.39,0.44,pp
0.29,0.39,0.48,0.5,0.52,0.4,0.48,pp
0.62,0.83,0.48,0.5,0.46,0.36,0.4,pp
0.56,0.54,0.48,0.5,0.43,0.37,0.3,pp
0.69,0.66,0.48,0.5,0.41,0.5,0.25,pp
0.69,0.65,0.48,0.5,0.63,0.48,0.41,pp
0.43,0.59,0.48,0.5,0.52,0.49,0.56,pp
0.74,0.56,0.48,0.5,0.47,0.68,0.3,pp
0.71,0.57,0.48,0.5,0.48,0.35,0.32,pp
0.61,0.6,0.48,0.5,0.44,0.39,0.38,pp
0.59,0.61,0.48,0.5,0.42,0.42,0.37,pp
0.74,0.74,0.48,0.5,0.31,0.53,0.52,pp
0.7399852753740175,0.517952881196856,1.0,0.899852753740175,0.42203239417716154,0.5401030723818774,0.40815902596061093,imL
0.718984153106732,0.45074928994154256,1.0,0.6898415310673204,0.46823486316518953,0.6871109282528757,0.634971146447294,imL
0.7265769443456811,0.4750462219061795,1.0,0.7657694434568107,0.45153072243950165,0.6339613895802324,0.5529690010666444,imL
0.7002487812111808,0.3907960998757788,1.0,0.5024878121118086,0.5094526813354021,0.8182585315217339,0.8373131629192467,imL
0.7259807702274338,0.47313846472778837,1.0,0.7598077022743386,0.45284230549964555,0.638134608407963,0.5594076815437143,imL
0.7024128312047677,0.3977210598552567,1.0,0.5241283120476772,0.504691771349511,0.803110181566626,0.8139414229885087,imL
0.7385321997826688,0.5133030393045404,1.0,0.8853219978266886,0.42522916047812853,0.5502746015213179,0.4238522423471763,imL
0.7000687296275321,0.39021993480810274,1.0,0.500687296275321,0.5098487948194294,0.8195188926072752,0.8392577200226532,imL
0.7067187575869791,0.4115000242783333,1.0,0.5671875758697917,0.49521873330864585,0.7729686968911458,0.7674374180606249,imL
0.7406693243690823,0.5201418379810633,1.0,0.9066932436908226,0.42052748638801907,0.5353147294164242,0.40077129681391166,imL
0.7349284432943932,0.5017710185420583,1.0,0.8492844329439322,0.43315742475233493,0.5755008969392474,0.4627728124205532,imL
0.720780505674746,0.4564976181591873,1.0,0.7078050567474603,0.46428288751555874,0.6745364602767777,0.6155705387127428,imL
0.7338263864017133,0.4982444364854825,1.0,0.8382638640171327,0.43558194991623084,0.5832152951880071,0.47467502686149665,imL
0.7381191522695386,0.5119812872625236,1.0,0.8811915226953859,0.4261378650070151,0.5531659341132298,0.42831315548898313,imL
0.7471542080247598,0.5408934656792315,1.0,0.9715420802475981,0.40626074234552845,0.48992054382668127,0.330734553332594,imL
0.7318244499051333,0.4918382396964265,1.0,0.8182444990513327,0.4399862102087068,0.5972288506640671,0.49629594102456065,imL
0.7294691518162321,0.4843012858119428,1.0,0.7946915181623212,0.44516786600428937,0.6137159372863752,0.5217331603846931,imL
0.7305441435573359,0.48774125938347473,1.0,0.8054414355733583,0.44280288417386116,0.606190995098649,0.5101232495807729,imL
0.7380096732173504,0.5116309542955214,1.0,0.8800967321735044,0.42637871892182905,0.553932287478547,0.42949552925261525,imL
0.7493988081711034,0.5480761861475307,1.0,0.9939880817110334,0.40132262202357266,0.47420834280227664,0.30649287175208395,imL
0.7266236004494002,0.47519552143808075,1.0,0.7662360044940022,0.45142807901131954,0.6336347968541984,0.5524651151464777,imL
0.7230831013757673,0.46386592440245533,1.0,0.7308310137576728,0.459217176973312,0.658418290369629,0.5907025051417134,imL
0.7086193205228102,0.41758182567299285,1.0,0.5861932052281025,0.49103749484981746,0.7596647563403283,0.7469113383536492,imL
0.7343406290750513,0.499890013040164,1.0,0.8434062907505124,0.43445061603488727,0.5796155964746412,0.4691212059894465,imL
0.7215882164951133,0.4590822927843625,1.0,0.7158821649511328,0.46250592371075083,0.668882484534207,0.6068472618527766,imL
0.7262336712037463,0.4739477478519881,1.0,0.7623367120374629,0.45228592335175816,0.6363643015737759,0.55667635099954,imL
0.7404507041989231,0.519442253436554,1.0,0.9045070419892312,0.42100845076236915,0.5368450706075382,0.4031323946516303,imL
0.7053751352220211,0.4072004327104676,1.0,0.5537513522202111,0.4981747025115536,0.7823740534458522,0.781948539602172,imL
0.7396493606427685,0.5168779540568594,1.0,0.8964936064276856,0.42277140658590917,0.54245447550062,0.41178690505809956,imL
0.7088855397340248,0.4184337271488796,1.0,0.5888553973402487,0.4904518125851453,0.7578012218618259,0.7440361708725314,imL
0.7026685340274377,0.3985393088878007,1.0,0.5266853402743772,0.504129225139637,0.8013202618079359,0.8111798325036728,imL
0.7434536942718738,0.5290518216699963,1.0,0.9345369427187382,0.4144018726018776,0.5158241400968832,0.3707001018637627,imL
0.7488875288016196,0.5464400921651825,1.0,0.9888752880161953,0.40244743663643706,0.4777872983886633,0.31201468894250906,imL
0.7328581180117213,0.49514597763750806,1.0,0.8285811801172126,0.43771214037421324,0.5899931739179511,0.4851323254734104,imL
0.7498276286315871,0.5494484116210789,1.0,0.9982762863158714,0.4003792170105083,0.47120659957889,0.30186161077885887,imL
0.7333544031451539,0.49673409006449243,1.0,0.8335440314515387,0.4366203130806615,0.586519177983923,0.47977244603233826,imL
0.7114509442568533,0.4266430216219307,1.0,0.6145094425685333,0.4848079226349227,0.7398433902020266,0.7163298020259841,imL
0.7367350769098702,0.5075522461115848,1.0,0.8673507690987022,0.4291828307982855,0.5628544616309084,0.4432611693734016,imL
0.749627434757572,0.5488077912242304,1.0,0.9962743475757196,0.4008196435333417,0.4726079566969962,0.3040237046182227,imL
0.7375065607418874,0.5100209943740397,1.0,0.8750656074188741,0.42748556636784774,0.5574540748067881,0.434929143987616,imL
0.7406965531826529,0.5202289701844895,1.0,0.9069655318265297,0.42046758299816345,0.5351241277214291,0.40047722562734783,imL
0.7360314692070079,0.5053007014624255,1.0,0.8603146920700793,0.4307307677445826,0.5677797155509444,0.45086013256431434,imL
0.7006618406723026,0.3921178901513688,1.0,0.5066184067230273,0.508543950520934,0.8153671152938808,0.8328521207391306,imL
0.705499160156067,0.40759731249941444,1.0,0.55499160156067,0.49790184765665263,0.781505878907531,0.7806090703144765,imL
0.7174756897720694,0.44592220727062226,1.0,0.6747568977206944,0.47155348250144724,0.6976701715955138,0.65126255046165,imL
0.7020377001779189,0.3965206405693405,1.0,0.5203770017791891,0.5055170596085784,0.8057360987545676,0.8179928380784758,imL
0.7012606902855342,0.39403420891370966,1.0,0.5126069028553426,0.5072264813718247,0.8111751680012602,0.8263845449162301,imL
0.7085234965191978,0.417275188861433,1.0,0.5852349651919782,0.49124830765776484,0.7603355243656152,0.7479462375926635,imL
0.7198083413986202,0.4533866924755846,1.0,0.6980834139862019,0.4664216489230356,0.6813416102096587,0.626069912894902,imL
0.7497738897341066,0.5492764471491413,1.0,0.9977388973410664,0.40049744258496545,0.4715827718612536,0.30244199087164836,imL
0.7308563735228029,0.4887403952729694,1.0,0.8085637352280293,0.44211597824983356,0.6040053853403795,0.5067511659537284,imL
0.7119407726307597,0.4282104724184313,1.0,0.6194077263075978,0.4837303002123285,0.7364145915846816,0.7110396555877945,imL
0.7058012126510534,0.40856388048337106,1.0,0.5580121265105344,0.4972373321676824,0.7793915114426258,0.7773469033686228,imL
0.7235550018457076,0.4653760059062647,1.0,0.7355500184570771,0.45817899593944306,0.6551149870800459,0.5856059800663567,imL
0.7323175105783509,0.493416033850723,1.0,0.8231751057835093,0.43890147672762797,0.5937774259515435,0.4909708857538099,imL
0.7047550723567945,0.40521623154174224,1.0,0.5475507235679445,0.4995388408150522,0.7867144935024388,0.78864521854662,imL
0.7478887540245939,0.5432440128787006,1.0,0.9788875402459392,0.4046447411458934,0.48477872182784254,0.3228014565343857,imL
0.7413420618705474,0.5222945979857517,1.0,0.9134206187054742,0.4190474638847957,0.530605566906168,0.39350573179808784,imL
0.7228283279936627,0.46305064957972086,1.0,0.7282832799366277,0.4597776784139419,0.6602017040443606,0.5934540576684422,imL
0.7121226973377404,0.42879263148076924,1.0,0.6212269733774038,0.48333006585697114,0.7351411186358172,0.7090748687524039,imL
0.7347177522246019,0.5010968071187261,1.0,0.8471775222460187,0.4336209451058759,0.5769757344277868,0.4650482759742997,imL
0.7060577143653047,0.40938468596897526,1.0,0.5605771436530476,0.49667302839632954,0.7775959994428667,0.7745766848547087,imL
0.7236709427691019,0.46574701686112624,1.0,0.7367094276910193,0.45792392590797576,0.6543034006162864,0.5843538180936991,imL
0.7389715595508504,0.5147089905627213,1.0,0.889715595508504,0.42426256898812914,0.5471990831440472,0.4191071568508157,imL
0.7331091250833852,0.49594920026683287,1.0,0.8310912508338526,0.4371599248165524,0.5882361244163031,0.4824214490994391,imL
0.706579532644395,0.41105450446206426,1.0,0.5657953264439508,0.49552502818233085,0.7739432714892345,0.7689410474405332,imL
0.7215509276064791,0.458962968340733,1.0,0.7155092760647908,0.46258795926574603,0.6691435067546465,0.6072499818500261,imL
0.7456282662031497,0.536010451850079,1.0,0.9562826620314969,0.4096178143530707,0.5006021365779522,0.3472147250059833,imL
0.7158722342776455,0.44079114968846544,1.0,0.6587223427764545,0.47508108458918,0.7088943600564819,0.6685798698014291,imL
0.7187109245932379,0.4498749586983615,1.0,0.6871092459323798,0.46883596589487647,0.6890235278473342,0.63792201439303,imL
0.7158596080148172,0.4407507456474152,1.0,0.6585960801481723,0.47510886236740213,0.7089827438962794,0.6687162334399739,imL
0.725387362047849,0.47123955855311694,1.0,0.7538736204784904,0.45414780349473216,0.6422884656650567,0.5658164898832303,imL
0.7019832935217685,0.39634653926965935,1.0,0.5198329352176855,0.5056367542521092,0.8061169453476201,0.8185804299648997,imL
0.7096187091553643,0.42077986929716593,1.0,0.5961870915536434,0.4888388398581985,0.7526690359124496,0.7361179411220651,imL
0.7251885778404773,0.4706034490895274,1.0,0.751885778404773,0.45458512875095,0.6436799551166589,0.5679633593228451,imL
0.737539746372075,0.5101271883906402,1.0,0.8753974637207504,0.4274125579814349,0.5572217753954747,0.43457073918158945,imL
0.7152340126028389,0.43874884032908457,1.0,0.6523401260283892,0.4764851722737544,0.7133619117801275,0.6754726638893397,imL
0.7016942694556708,0.3954216622581466,1.0,0.5169426945567082,0.5062726071975242,0.8081401138103043,0.8217018898787551,imL
0.7373287930963599,0.5094521379083518,1.0,0.873287930963599,0.4278766551880082,0.5586984483254807,0.43684903455931307,imL
0.7304394327290139,0.4874061847328447,1.0,0.8043943272901397,0.4430332479961693,0.6069239708969022,0.5112541265266491,imL
0.7364901417486891,0.5067684535958054,1.0,0.8649014174868916,0.42972168815288386,0.5645690077591758,0.445906469114157,imL
0.7165656550020795,0.4430100960066544,1.0,0.665656550020795,0.4735555589954251,0.7040404149854435,0.6610909259775413,imL
0.7347703678400024,0.5012651770880079,1.0,0.8477036784000244,0.4335051907519947,0.5766074251199829,0.4644800273279736,imL
0.7416592507599198,0.5233096024317433,1.0,0.9165925075991976,0.41834964832817656,0.5283852446805617,0.39008009179286657,imL
0.7460187709814128,0.5372600671405211,1.0,0.9601877098141283,0.4087587038408918,0.49786860313011017,0.34299727340074143,imL
0.7459718348689129,0.5371098715805216,1.0,0.9597183486891299,0.4088619632883914,0.49819715591760905,0.34350418341573963,imL
0.7203152425091791,0.4550087760293734,1.0,0.7031524250917918,0.46530646647980584,0.6777933024357458,0.6205953809008649,imL
0.7008676087547208,0.3927763480151066,1.0,0.5086760875472081,0.5080912607396142,0.8139267387169543,0.8306298254490153,imL
0.7093596993574186,0.4199510379437395,1.0,0.5935969935741858,0.4894086614136791,0.7544821044980698,0.7389152469398792,imL
0.7499875068911629,0.5499600220517212,1.0,0.9998750689116287,0.4000274848394417,0.47008745176185984,0.30013492557544086,imL
0.7318157146282618,0.4918102868104379,1.0,0.8181571462826185,0.440005427817824,0.597289997602167,0.49639028201477203,imL
0.706117917412669,0.4095773357205412,1.0,0.5611791741266912,0.49654058169212795,0.7771745781113161,0.7739264919431734,imL
0.7034218631544643,0.4009499620942858,1.0,0.5342186315446431,0.5024719010601785,0.7960469579187498,0.8030438779317854,imL
0.7335815456603696,0.49746094611318264,1.0,0.8358154566036957,0.43612059954718696,0.5849291803774129,0.47731930686800855,imL
0.7038472834665515,0.4023113070929649,1.0,0.5384728346655154,0.5015359763735866,0.7930690157341392,0.7984493385612433,imL
0.7064125482816893,0.4105201545014061,1.0,0.564125482816894,0.4958923937802833,0.7751121620281742,0.7707444785577545,imL
0.7184548495490838,0.4490555185570681,1.0,0.6845484954908377,0.4693993309920157,0.6908160531564136,0.6406876248698952,imL
0.7072906013217076,0.41332992422946463,1.0,0.5729060132170769,0.49396067709224306,0.768965790748046,0.7612615057255568,imL
0.704037537805415,0.40292012097732804,1.0,0.54037537805415,0.501117416828087,0.7917372353620948,0.7963945917015178,imL
0.7102216667493371,0.4227093335978786,1.0,0.6022166674933705,0.4875123331514585,0.7484483327546405,0.7296059991071597,imL
0.7172441057168127,0.445181138293801,1.0,0.6724410571681282,0.4720629674230118,0.6992912599823102,0.6537636582584215,imL
0.7394768700526739,0.5163259841685566,1.0,0.8947687005267393,0.42315088588411737,0.5436619096312825,0.41364980343112157,imL
0.734311741737858,0.4997975735611456,1.0,0.84311741737858,0.4345141681767124,0.579817807834994,0.4694331892311336,imL
0.719533767893219,0.452508057258301,1.0,0.6953376789321906,0.4670257106349181,0.6832636247474665,0.629035306753234,imL
0.7009783673391122,0.39313077548515946,1.0,0.5097836733911232,0.5078475918539529,0.8131514286262137,0.829433632737587,imL
0.7295618944072175,0.48459806210309603,1.0,0.795618944072175,0.4449638323041215,0.6130667391494774,0.5207315404020509,imL
0.7287384845910719,0.48196315069143014,1.0,0.7873848459107191,0.4467753338996418,0.6188306078624966,0.5296243664164233,imL
0.7421343646566715,0.5248299669013489,1.0,0.921343646566715,0.41730439775532274,0.5250594474032995,0.3849488617079478,imL
0.7234551386422147,0.46505644365508714,1.0,0.7345513864221472,0.4583986949871276,0.655814029504497,0.586684502664081,imL
0.7096392828125117,0.4208457050000373,1.0,0.5963928281251166,0.48879357781247434,0.7525250203124183,0.735895745624874,imL
0.7039821428858176,0.4027428572346166,1.0,0.5398214288581769,0.5012392856512011,0.7921249997992762,0.796992856833169,imL
0.7174072585408037,0.44570322733057194,1.0,0.6740725854080372,0.47170403121023186,0.6981491902143739,0.6520016077593198,imL
0.7081673732423587,0.41613559437554776,1.0,0.5816737324235866,0.49203177886681093,0.7628283873034893,0.7517923689825264,imL
0.7325094381726822,0.49403020215258314,1.0,0.8250943817268223,0.43847923602009914,0.5924339327912244,0.4888980677350319,imL
0.7342104172553504,0.49947333521712156,1.0,0.8421041725535048,0.434737082038229,0.5805270792125466,0.47052749364221486,imL
0.7339657870394161,0.4986905185261315,1.0,0.8396578703941608,0.43527526851328463,0.5822394907240873,0.47316949997430624,imL
0.7129454137690001,0.43142532406080053,1.0,0.6294541376900016,0.48152008970819965,0.7293821036169988,0.7001895312947982,imL
0.7130815594269815,0.4318609901663407,1.0,0.6308155942698146,0.48122056926064083,0.7284290840111297,0.6987191581886002,imL
0.7243348093488681,0.46787138991637806,1.0,0.7433480934886814,0.45646341943249014,0.649656334557923,0.5771840590322241,imL
0.7155814191043962,0.43986054113406803,1.0,0.6558141910439625,0.47572087797032825,0.7109300662692262,0.6717206736725205,imL
0.7069464233176603,0.4122285546165133,1.0,0.569464233176604,0.49471786870114715,0.7713750367763771,0.7649786281692676,imL
0.7032345977299077,0.4003507127357048,1.0,0.5323459772990774,0.502883884994203,0.7973578158906458,0.8050663445169963,imL
0.7042376240552745,0.4035603969768783,1.0,0.5423762405527446,0.5006772270783962,0.7903366316130788,0.7942336602030358,imL
0.733648227897409,0.49767432927170907,1.0,0.8364822789740909,0.4359738986257,0.5844624047181364,0.4765991387079819,imL
0.7021800721900141,0.39697623100804535,1.0,0.5218007219001417,0.5052038411819688,0.8047394946699008,0.816455220347847,imL
0.7218213040302781,0.4598281728968902,1.0,0.7182130403027819,0.461993131133388,0.6672508717880526,0.6043299164729955,imL
0.7419935424060045,0.5243793356992145,1.0,0.919935424060045,0.4176142067067901,0.5260452031579684,0.38646974201515133,imL
0.7419859321971377,0.5243549830308408,1.0,0.9198593219713775,0.41763094916629695,0.5260984746200357,0.3865519322709123,imL
0.7411558811831089,0.5216988197859486,1.0,0.9115588118310891,0.41945706139716044,0.5319088317182377,0.3955164832224237,imL
0.7358533214197331,0.5047306285431462,1.0,0.8585332141973316,0.43112269287658705,0.5690267500618678,0.4527841286668817,imL
0.7426372848947637,0.5264393116632438,1.0,0.9263728489476367,0.41619797323151997,0.5215390057366542,0.3795173231365523,imL
0.7458069965432653,0.5365823889384489,1.0,0.9580699654326528,0.4092246076048164,0.49935102419714306,0.34528443733273495,imL
0.7319084672866262,0.492107095317204,1.0,0.8190846728662624,0.4398013719694223,0.5966407289936163,0.4953885533044366,imL
0.7150802947392612,0.43825694316563585,1.0,0.650802947392612,0.4768233515736254,0.7144379368251715,0.677132816815979,imL
0.7186066421071793,0.4495412547429737,1.0,0.6860664210717928,0.4690653873642056,0.689753505249745,0.6390482652424637,imL
0.7308322680637295,0.4886632578039345,1.0,0.8083226806372952,0.4421690102597951,0.6041741235538933,0.5070115049117212,imL
0.7124038955275613,0.4296924656881963,1.0,0.6240389552756134,0.4827114298393651,0.7331727313070706,0.7060379283023376,imL
0.7163067162969815,0.44218149215034086,1.0,0.663067162969815,0.4741252241466407,0.7058529859211293,0.6638874639925997,imL
0.734030020976412,0.4988960671245185,1.0,0.8403002097641201,0.4351339538518936,0.5817898531651159,0.4724757734547502,imL
0.705929552801642,0.40897456896525486,1.0,0.5592955280164214,0.4969549838363873,0.778493130388505,0.7759608297422649,imL
0.8423681583119634,0.5286123924203571,0.48,0.5,0.5303469018949107,0.5283256454778581,0.3652636833760731,imS
0.7317559743997649,0.5085010862545027,0.48,0.5,0.5353747284363743,0.6489934824729837,0.5864880512004702,imS
0.8472238602404777,0.5294952473164505,0.48,0.5,0.5301261881708874,0.5230285161012971,0.3555522795190446,imS
0.711213990387252,0.5047661800704094,0.48,0.5,0.5363084549823977,0.6714029195775433,0.6275720192254961,imS
0.6826695277035795,0.4995762777642872,0.48,0.5,0.5376059305589282,0.702542333414277,0.6846609445928411,imS
0.643237909232969,0.49240689258781256,0.48,0.5,0.5393982768530469,0.7455586444731248,0.7635241815340621,imS
0.7290199900348097,0.5080036345517835,0.48,0.5,0.5354990913620541,0.6519781926892986,0.5919600199303807,imS
0.8067960267362951,0.5221447321338719,0.48,0.5,0.531963816966532,0.567131607196769,0.4364079465274098,imS
0.7283835370492601,0.5078879158271382,0.48,0.5,0.5355280210432155,0.6526725050371709,0.5932329259014799,imS
0.6714923999656071,0.49754407272101947,0.48,0.5,0.5381139818197451,0.7147355636738832,0.7070152000687859,imS
0.813102203951258,0.5232913098093197,0.48,0.5,0.5316771725476701,0.5602521411440823,0.4237955920974841,imS
0.8376200613670839,0.5277491020667425,0.48,0.5,0.5305627244833144,0.5335053875995449,0.3747598772658322,imS
0.7480027707433097,0.5114550492260563,0.48,0.5,0.534636237693486,0.6312697046436622,0.5539944585133806,imS
0.8201410764102397,0.5245711048018618,0.48,0.5,0.5313572237995345,0.5525733711888294,0.40971784717952064,imS
0.8057472734012298,0.5219540497093146,0.48,0.5,0.5320114875726714,0.5682757017441129,0.43850545319754036,imS
0.7246142210567664,0.5072025856466849,0.48,0.5,0.5356993535883289,0.6567844861198913,0.6007715578864672,imS
0.6434230223729092,0.4924405495223471,0.48,0.5,0.5393898626194132,0.7453567028659174,0.7631539552541818,imS
0.6300130106127013,0.4900023655659457,0.48,0.5,0.5399994086085136,0.7599858066043258,0.7899739787745973,imS
0.7590936299318848,0.5134715690785245,0.48,0.5,0.5341321077303689,0.619170585528853,0.5318127401362305,imS
0.8411048147560474,0.5283826935920086,0.48,0.5,0.5304043266019979,0.5297038384479483,0.36779037048790525,imS
0.8188752811733429,0.5243409602133351,0.48,0.5,0.5314147599466663,0.5539542387199896,0.41224943765331434,imS
0.8189273079806224,0.5243504196328405,0.48,0.5,0.53141239509179,0.5538974822029574,0.4121453840387552,imS
0.8375103273832438,0.5277291504333171,0.48,0.5,0.5305677123916708,0.5336250974000976,0.37497934523351223,imS
0.7585471885923037,0.5133722161076916,0.48,0.5,0.5341569459730772,0.6197667033538504,0.5329056228153926,imS
0.6973148904510938,0.502239070991108,0.48,0.5,0.5369402322522231,0.6865655740533522,0.6553702190978122,imS
0.7458745129985722,0.5110680932724677,0.48,0.5,0.5347329766818831,0.6335914403651939,0.5582509740028555,imS
0.8466930490076716,0.5293987361832131,0.48,0.5,0.5301503159541968,0.523607582900722,0.3566139019846568,imS
0.7291864146305602,0.5080338935691928,0.48,0.5,0.5354915266077018,0.6517966385848435,0.5916271707388796,imS
0.6972732893681037,0.502231507157837,0.48,0.5,0.5369421232105408,0.6866109570529778,0.6554534212637926,imS
0.809296126181953,0.5225992956694461,0.48,0.5,0.5318501760826385,0.5644042259833241,0.431407747636094,imS
0.7030989975643388,0.5032907268298797,0.48,0.5,0.5366773182925301,0.6802556390207213,0.6438020048713224,imS
0.6689347781944156,0.4970790505808028,0.48,0.5,0.5382302373547994,0.7175256965151829,0.7121304436111687,imS
0.7955421042894668,0.5200985644162667,0.48,0.5,0.5324753588959333,0.5794086135023999,0.4589157914210664,imS
0.8354463998289209,0.5273538908779857,0.48,0.5,0.5306615272805036,0.5358766547320863,0.3791072003421582,imS
0.8340243791435952,0.5270953416624719,0.48,0.5,0.530726164584382,0.5374279500251689,0.3819512417128096,imS
0.6629528838290593,0.4959914334234653,0.48,0.5,0.5385021416441337,0.7240513994592082,0.7240942323418815,imS
0.7358507724830289,0.5092455949969144,0.48,0.5,0.5351886012507714,0.644526430018514,0.5782984550339422,imS
0.7683920620303961,0.5151621930964356,0.48,0.5,0.5337094517258911,0.6090268414213861,0.5132158759392078,imS
0.7488625976265264,0.5116113813866412,0.48,0.5,0.5345971546533398,0.630331711680153,0.5522748047469471,imS
0.700461964961017,0.5028112663565485,0.48,0.5,0.5367971834108629,0.6831324018607088,0.6490760700779661,imS
0.6719172458752822,0.4976213174318695,0.48,0.5,0.5380946706420326,0.7142720954087831,0.7061655082494356,imS
0.8004864540877055,0.5209975371068556,0.48,0.5,0.5322506157232861,0.5740147773588667,0.449027091824589,imS
0.6681833376324376,0.4969424250240796,0.48,0.5,0.5382643937439802,0.7183454498555226,0.7136333247351248,imS
0.7269207282398071,0.5076219505890558,0.48,0.5,0.535594512352736,0.654268296465665,0.5961585435203858,imS
0.7156239422887183,0.5055679895070397,0.48,0.5,0.5361080026232401,0.666592062957762,0.6187521154225636,imS
0.8351645842093823,0.5273026516744331,0.48,0.5,0.5306743370813918,0.536184089953401,0.37967083158123527,imS
0.7204461704462126,0.5064447582629478,0.48,0.5,0.5358888104342631,0.6613314504223136,0.6091076591075748,imS
0.7873722239354168,0.5186131316246213,0.48,0.5,0.5328467170938447,0.5883212102522726,0.47525555212916637,imS
0.799977899138871,0.5209050725707038,0.48,0.5,0.5322737318573241,0.5745695645757771,0.45004420172225806,imS
0.6683725393651461,0.49697682533911747,0.48,0.5,0.5382557936652207,0.7181390479652953,0.7132549212697079,imS
0.6757087288461741,0.49831067797203166,0.48,0.5,0.5379223305069921,0.71013593216781,0.6985825423076518,imS
0.6511451588059585,0.49384457432835605,0.48,0.5,0.539038856417911,0.7369325540298636,0.7477096823880832,imS
0.6481571804899332,0.4933013055436242,0.48,0.5,0.539174673614094,0.7401921667382547,0.7536856390201336,imS
0.7443607054342476,0.5107928555334995,0.48,0.5,0.5348017861166251,0.6352428667990027,0.5612785891315049,imS
0.7842086578999331,0.5180379377999879,0.48,0.5,0.5329905155500031,0.591772373200073,0.48158268420013384,imS
0.8350410481024703,0.5272801905640855,0.48,0.5,0.5306799523589787,0.5363188566154871,0.37991790379505946,imS
0.7836354230387617,0.5179337132797749,0.48,0.5,0.5330165716800563,0.5923977203213509,0.48272915392247656,imS
0.7349304404151903,0.509078261893671,0.48,0.5,0.5352304345265823,0.6455304286379742,0.5801391191696194,imS
0.6486185230732533,0.49338518601331877,0.48,0.5,0.5391537034966704,0.7396888839200874,0.7527629538534935,imS
0.7358881892650596,0.5092523980481927,0.48,0.5,0.5351869004879519,0.6444856117108441,0.5782236214698808,imS
0.6808048172160507,0.4992372394938274,0.48,0.5,0.5376906901265431,0.7045765630370356,0.6883903655678987,imS
0.6792702979828824,0.4989582359968877,0.48,0.5,0.5377604410007781,0.7062505840186737,0.6914594040342352,imS
0.7289680980409606,0.507994199643811,0.48,0.5,0.5355014500890473,0.6520348021371338,0.5920638039180788,imS
0.638350941190793,0.49151835294378055,0.48,0.5,0.5396204117640548,0.7508898823373167,0.7732981176184139,imS
0.745181983682117,0.510942178851294,0.48,0.5,0.5347644552871765,0.634346926892236,0.559636032635766,imS
0.6772538798327447,0.49859161451504447,0.48,0.5,0.5378520963712389,0.708450312909733,0.6954922403345107,imS
0.6667651677092556,0.4966845759471374,0.48,0.5,0.5383288560132157,0.7198925443171756,0.7164696645814888,imS
0.8365626686799164,0.5275568488508939,0.48,0.5,0.5306107877872765,0.5346589068946367,0.3768746626401673,imS
0.7593065140316598,0.5135102752784836,0.48,0.5,0.5341224311803792,0.6189383483290984,0.5313869719366804,imS
0.67936261243298,0.49897502044236003,0.48,0.5,0.53775624488941,0.7061498773458399,0.6912747751340399,imS
0.7642823743006057,0.5144149771455647,0.48,0.5,0.5338962557136089,0.6135101371266118,0.5214352513987883,imS
0.7133536848265609,0.5051552154230111,0.48,0.5,0.5362111961442473,0.6690687074619336,0.6232926303468782,imS
0.8127266266472326,0.5232230230267696,0.48,0.5,0.5316942442433077,0.5606618618393826,0.4245467467055348,imS
0.8277510666470136,0.5259547393903661,0.48,0.5,0.5310113151524085,0.5442715636578034,0.39449786670597287,imS
0.7749947768497744,0.516362686699959,0.48,0.5,0.5334093283250103,0.6018238798002462,0.5000104463004513,imS
0.6533053125232975,0.49423732954969046,0.48,0.5,0.5389406676125774,0.7345760227018573,0.7433893749534051,imS
0.8138521258418197,0.5234276592439673,0.48,0.5,0.5316430851890083,0.5594340445361967,0.4222957483163606,imS
0.7693268928800987,0.5153321623418362,0.48,0.5,0.533666959414541,0.6080070259489831,0.5113462142398024,imS
0.8275421816073623,0.5259167602922477,0.48,0.5,0.5310208099269381,0.5444994382465139,0.3949156367852754,imS
0.7427047242199448,0.51049176803999,0.48,0.5,0.5348770579900025,0.6370493917600603,0.5645905515601104,imS
0.7284875211060088,0.5079068220192743,0.48,0.5,0.5355232944951814,0.652559067884354,0.5930249577879825,imS
0.6413388527868186,0.49206160959760337,0.48,0.5,0.5394845976005992,0.7476303424143798,0.767322294426363,imS
0.7357292216640565,0.5092234948480103,0.48,0.5,0.5351941262879975,0.6446590309119383,0.578541556671887,imS
0.7363532171873574,0.5093369485795195,0.48,0.5,0.5351657628551202,0.6439783085228828,0.5772935656252852,imS
0.7800252494029464,0.517277318073263,0.48,0.5,0.5331806704816843,0.5963360915604221,0.48994950119410713,imS
0.7163787634944007,0.5057052297262546,0.48,0.5,0.5360736925684364,0.6657686216424721,0.6172424730111987,imS
0.8352469063290368,0.5273176193325522,0.48,0.5,0.530670595166862,0.5360942840046872,0.37950618734192637,imS
0.6497152325180041,0.4935845877305462,0.48,0.5,0.5391038530673635,0.7384924736167228,0.7505695349639917,imS
0.8410059053968268,0.5283647100721504,0.48,0.5,0.5304088224819624,0.5298117395670979,0.3679881892063462,imS
0.6663935403919008,0.49661700734398195,0.48,0.5,0.5383457481640046,0.7202979559361082,0.7172129192161986,imS
0.8037785208526232,0.521596094700477,0.48,0.5,0.5321009763248807,0.5704234317971383,0.44244295829475344,imS
0.7842569806155646,0.5180467237482845,0.48,0.5,0.5329883190629289,0.5917196575102932,0.48148603876887075,imS
0.7807815009129911,0.5174148183478166,0.48,0.5,0.5331462954130459,0.5955110899131005,0.48843699817401764,imS
0.7837787939965063,0.5179597807266375,0.48,0.5,0.5330100548183406,0.592241315640175,0.48244241200698745,imS
0.7366982979540746,0.5093996905371044,0.48,0.5,0.535150077365724,0.6436018567773732,0.5766034040918508,imS
0.7595405771755298,0.5135528322137327,0.48,0.5,0.5341117919465669,0.6186830067176039,0.5309188456489404,imS
0.8284727959281881,0.5260859628960343,0.48,0.5,0.5309785092759914,0.5434842226237948,0.3930544081436237,imS
0.7558319151401454,0.512878530025481,0.48,0.5,0.5342803674936298,0.6227288198471143,0.5383361697197093,imS
0.7309695419162964,0.5083580985302357,0.48,0.5,0.5354104753674411,0.6498514088185858,0.5880609161674073,imS
0.7062818055828411,0.5038694191968802,0.48,0.5,0.53653264520078,0.6767834848187189,0.6374363888343177,imS
0.7695620882233117,0.5153749251315113,0.48,0.5,0.5336562687171222,0.6077504492109327,0.5108758235533765,imS
0.6823187305159221,0.4995124964574404,0.48,0.5,0.5376218758856399,0.7029250212553577,0.6853625389681559,imS
0.8288746329303088,0.5261590241691471,0.48,0.5,0.5309602439577132,0.5430458549851176,0.39225073413938233,imS
0.7034270152866259,0.5033503664157502,0.48,0.5,0.5366624083960625,0.679897801505499,0.6431459694267483,imS
0.7547715597667363,0.5126857381394067,0.48,0.5,0.5343285654651484,0.6238855711635605,0.5404568804665275,imS
0.808495296506899,0.5224536902739817,0.48,0.5,0.5318865774315046,0.5652778583561101,0.4330094069862019,imS
0.8306364563084501,0.5264793556924455,0.48,0.5,0.5308801610768886,0.5411238658453272,0.3887270873830998,imS
0.7159298739632451,0.5056236134478628,0.48,0.5,0.5360940966380343,0.6662583193128234,0.6181402520735095,imS
0.6790873857671228,0.498924979230386,0.48,0.5,0.5377687551924035,0.7064501246176842,0.6918252284657543,imS
0.6449722856208476,0.492722233749245,0.48,0.5,0.5393194415626887,0.7436665975045299,0.7600554287583048,imS
0.6529390208402595,0.4941707310618654,0.48,0.5,0.5389573172345337,0.7349756136288079,0.7441219583194811,imS
0.6973625192282791,0.502247730768778,0.48,0.5,0.5369380673078056,0.6865136153873319,0.6552749615434419,imS
0.8363457364109145,0.5275174066201663,0.48,0.5,0.5306206483449585,0.5348955602790024,0.377308527178171,imS
0.7589830878450422,0.5134514705172805,0.48,0.5,0.53413713237068,0.6192911768963176,0.5320338243099156,imS
0.6706513699616125,0.49739115817483864,0.48,0.5,0.5381522104562904,0.7156530509509683,0.7086972600767751,imS
0.7007307184040762,0.502860130618923,0.48,0.5,0.5367849673452693,0.6828392162864624,0.6485385631918477,imS
0.7759835668881881,0.5165424667069434,0.48,0.5,0.5333643833232642,0.6007451997583402,0.4980328662236237,imS
0.7567963794478086,0.5130538871723289,0.48,0.5,0.5342365282069178,0.6216766769660269,0.5364072411043826,imS
0.7077790929310269,0.5041416532601867,0.48,0.5,0.5364645866849533,0.6751500804388798,0.6344418141379462,imS
0.7052246194278341,0.5036772035323335,0.48,0.5,0.5365806991169166,0.6779367788059991,0.6395507611443318,imS
0.8317529924789688,0.5266823622689034,0.48,0.5,0.5308294094327741,0.5399058263865795,0.3864940150420624,imS
0.711463858594985,0.5048116106536337,0.48,0.5,0.5362970973365916,0.6711303360781983,0.6270722828100301,imS
0.8236175615006551,0.5252031930001191,0.48,0.5,0.5311992017499703,0.5487808419992853,0.4027648769986898,imS
0.8001046163413148,0.5209281120620572,0.48,0.5,0.5322679719844857,0.5744313276276567,0.44979076731737044,imS
0.8475082419511276,0.5295469530820233,0.48,0.5,0.5301132617294942,0.5227182815078608,0.35498351609774476,imS
0.7228472754974147,0.5068813228177118,0.48,0.5,0.5357796692955721,0.6587120630937294,0.6043054490051705,imS
0.799594225722775,0.5208353137677773,0.48,0.5,0.5322911715580557,0.5749881173933362,0.4508115485544498,imS
0.6564384575119795,0.4948069922749054,0.48,0.5,0.5387982519312737,0.7311580463505678,0.7371230849760411,imS
0.67146136742019,0.49753843044003454,0.48,0.5,0.5381153923899914,0.7147694173597927,0.70707726515962,imS
0.835054764676452,0.5272826844866276,0.48,0.5,0.5306793288783431,0.5363038930802342,0.37989047064709586,imS
0.7436324513014017,0.510660445691164,0.48,0.5,0.5348348885772091,0.6360373258530163,0.5627350973971966,imS
0.7575462384403227,0.5131902251709678,0.48,0.5,0.5342024437072581,0.6208586489741935,0.5349075231193547,imS
0.6812052740035641,0.49931004981882987,0.48,0.5,0.5376724875452926,0.704139701087021,0.6875894519928717,imS
0.6837019833861384,0.4997639969792979,0.48,0.5,0.5375590007551756,0.7014160181242127,0.6825960332277232,imS
0.6731036009254503,0.4978370183500819,0.48,0.5,0.5380407454124796,0.7129778898995087,0.7037927981490993,imS
0.8190221636145514,0.5243676661117367,0.48,0.5,0.5314080834720659,0.5537940033295803,0.4119556727708972,imS
0.7096052573585749,0.5044736831561045,0.48,0.5,0.5363815792109738,0.6731579010633728,0.6307894852828503,imS
0.7224605605640824,0.5068110110116514,0.48,0.5,0.5357972472470872,0.659133933930092,0.6050788788718353,imS
0.7167871587579056,0.5057794834105283,0.48,0.5,0.536055129147368,0.6653230995368303,0.6164256824841888,imS
0.8006078306703663,0.5210196055764302,0.48,0.5,0.5322450986058924,0.5738823665414184,0.4487843386592672,imS
0.6951885193013552,0.5155916504009855,1.0,0.5,0.48561774289790577,0.5536020873997537,0.24803652949568827,omL
0.6617692104965904,0.49,1.0,0.5,0.5470768419863615,0.5591153947517049,0.35292315801363855,omL
0.6969351224567293,0.5168619072412576,1.0,0.5,0.4829184471123275,0.5532845231896857,0.24247915581949775,omL
0.6644579720901135,0.48732521674593193,1.0,0.5,0.5382168111639547,0.5626747832540681,0.35465043349186387,omL
0.7056203863633896,0.4626277681819662,1.0,0.5,0.5217518454546441,0.5873722318180338,0.3052555363639324,omL
0.6687871387423894,0.542722832454336,1.0,0.5,0.645445664908672,0.5775742774847786,0.1842572251522135,omL
0.6647785481015808,0.5186712886094842,1.0,0.5,0.5973425772189684,0.5695570962031614,0.2644290379683859,omL
0.6920445569856625,0.4707732658086025,1.0,0.5,0.527182177205735,0.5792267341913975,0.321546531617205,omL
0.6681811960250815,0.5390871761504888,1.0,0.5,0.6381743523009776,0.5763623920501629,0.19637607949837066,omL
0.6783179453012738,0.49,1.0,0.5,0.6132717812050947,0.5508410273493632,0.2867282187949053,omL
0.6695492612677676,0.5472955676066052,1.0,0.5,0.6545911352132104,0.5790985225355351,0.16901477464464926,omL
0.661585177498467,0.49951106499080217,1.0,0.5,0.5590221299816044,0.5631703549969341,0.32829645003065944,omL
0.678335434272045,0.478998739436773,1.0,0.5,0.5326658262911821,0.571001260563227,0.33799747887354603,omL
0.6768578420486302,0.49,1.0,0.5,0.6074313681945205,0.551571078975685,0.2925686318054796,omL
0.7089942943974065,0.46060342336155613,1.0,0.5,0.5204022822410375,0.5893965766384439,0.3012068467231122,omL
0.6703824294825106,0.49,1.0,0.5,0.581529717930042,0.5548087852587448,0.318470282069958,omL
0.7169795430117467,0.5314396676449066,1.0,0.5,0.4519407062545734,0.5496400830887734,0.17870145405353344,omL
0.7436523799491643,0.5508380945084831,1.0,0.5,0.41071904916947344,0.5447904763728793,0.09383333652538645,omL
0.6766853902554192,0.4799887658467485,1.0,0.5,0.5333258438978323,0.5700112341532515,0.3399775316934969,omL
0.6807916200199566,0.5051211781963321,1.0,0.5,0.5078674963327944,0.556219705450917,0.29384484539104716,omL
0.6681216464643284,0.5387298787859701,1.0,0.5,0.6374597575719403,0.5762432929286567,0.197567070713433,omL
0.6674583226720852,0.5347499360325108,1.0,0.5,0.6294998720650216,0.5749166453441702,0.21083354655829756,omL
0.6782067637403404,0.49,1.0,0.5,0.6128270549613614,0.5508966181298299,0.28717294503863866,omL
0.6715770017669448,0.49,1.0,0.5,0.5863080070677792,0.5542114991165277,0.31369199293222083,omL
0.6971786340368353,0.46769281957789877,1.0,0.5,0.5251285463852658,0.5823071804221013,0.3153856391557975,omL
0.6705347835652696,0.4836791298608382,1.0,0.5,0.5357860865738922,0.5663208701391619,0.3473582597216764,omL
0.669097862242642,0.49,1.0,0.5,0.576391448970568,0.555451068878679,0.323608551029432,omL
0.6653099146584027,0.5218594879504163,1.0,0.5,0.6037189759008326,0.5706198293168054,0.2538017068319457,omL
0.6717175175298009,0.49,1.0,0.5,0.5868700701192036,0.5541412412350996,0.3131299298807965,omL
0.6677267650116437,0.536360590069862,1.0,0.5,0.6327211801397239,0.5754535300232873,0.2054646997671268,omL
0.6622523416358691,0.5035140498152144,1.0,0.5,0.5670280996304289,0.5645046832717382,0.3149531672826186,omL
0.7481790278783623,0.5541302020933543,1.0,0.5,0.40372332055162197,0.5439674494766614,0.07943036584157465,omL
0.7524424997084328,0.5572309088788602,1.0,0.5,0.3971343186324221,0.543192272780285,0.06586477365498672,omL
0.7128488227676322,0.5284355074673688,1.0,0.5,0.4583245466318412,0.5503911231331579,0.1918446548302613,omL
0.6636944291955557,0.5121665751733339,1.0,0.5,0.5843331503466678,0.5673888583911113,0.2861114160888871,omL
0.6620432288933812,0.49,1.0,0.5,0.5481729155735245,0.5589783855533095,0.35182708442647553,omL
0.6743480749899096,0.49,1.0,0.5,0.5973922999596378,0.5528259625050453,0.30260770004036214,omL
0.6644403527490371,0.5166421164942226,1.0,0.5,0.5932842329884452,0.5688807054980742,0.271192945019258,omL
0.6772541115238925,0.49,1.0,0.5,0.6090164460955696,0.5513729442380538,0.29098355390443037,omL
0.660782177678995,0.4946930660739703,1.0,0.5,0.5493861321479406,0.5615643553579901,0.344356446420099,omL
0.6614693650037671,0.4988161900226019,1.0,0.5,0.5576323800452039,0.562938730007534,0.33061269992466025,omL
0.6695373669672725,0.49,1.0,0.5,0.5781494678690899,0.5552313165163638,0.3218505321309101,omL
0.6606037894057938,0.49,1.0,0.5,0.542415157623175,0.5596981052971032,0.357584842376825,omL
0.668727008408272,0.5423620504496318,1.0,0.5,0.6447241008992637,0.577454016816544,0.18545983183456063,omL
0.6688250128858209,0.4964181911896879,1.0,0.5,0.5263613437219132,0.5583954522025781,0.3319204135451155,omL
0.6663996304420418,0.48616022173477497,1.0,0.5,0.5374401478231834,0.563839778265225,0.35232044346954994,omL
0.7064902208078765,0.4621058675152741,1.0,0.5,0.5214039116768494,0.5878941324847259,0.3042117350305482,omL
0.6815525906727323,0.5056746113983508,1.0,0.5,0.5066914507785046,0.5560813471504124,0.2914235751322153,omL
0.6767795005234604,0.49,1.0,0.5,0.6071180020938411,0.5516102497382699,0.2928819979061589,omL
0.6761446029914673,0.49,1.0,0.5,0.6045784119658687,0.5519276985042665,0.2954215880341313,omL
0.697106636149197,0.4677360183104818,1.0,0.5,0.5251573455403212,0.5822639816895182,0.31547203662096357,omL
0.7090728854736666,0.4605562687158,1.0,0.5,0.5203708458105334,0.5894437312842,0.30111253743159994,omL
0.6734436708125945,0.49,1.0,0.5,0.5937746832503777,0.5532781645937028,0.3062253167496223,omL
0.7579873751594147,0.5612635455704834,1.0,0.5,0.3885649656627227,0.5421841136073792,0.04822198812913503,omL
0.6659767282794937,0.5258603696769619,1.0,0.5,0.6117207393539239,0.5719534565589873,0.2404654344101269,omL
0.667867868220325,0.5372072093219493,1.0,0.5,0.6344144186438985,0.5757357364406497,0.20264263559350254,omL
0.7597930018118418,0.5625767285904304,1.0,0.5,0.3857744517453354,0.5418558178523925,0.04247681241686707,omL
0.6662374245616328,0.49,1.0,0.5,0.5649496982465313,0.5568812877191837,0.33505030175346867,omL
0.6639828712559711,0.5138972275358265,1.0,0.5,0.5877944550716528,0.5679657425119422,0.28034257488057857,omL
0.6614421801187901,0.49,1.0,0.5,0.54576872047516,0.559278909940605,0.35423127952484,omL
0.6631681751748568,0.5090090510491408,1.0,0.5,0.5780181020982819,0.5663363503497136,0.29663649650286367,omL
0.6686269174596741,0.5417615047580443,1.0,0.5,0.6435230095160885,0.577253834919348,0.18746165080651925,omL
0.720145294662912,0.5337420324821178,1.0,0.5,0.44704818097549964,0.5490644918794706,0.16862860789073456,omL
0.6628329344177507,0.4920603159401823,1.0,0.5,0.5356218286271126,0.5594849210149545,0.3509861177617023,omL
0.709232382109178,0.4604605707344932,1.0,0.5,0.5203070471563288,0.5895394292655068,0.3009211414689863,omL
0.6729051559919339,0.49938556799413375,1.0,0.5,0.5200556680124658,0.5576536080014666,0.31893814002566484,omL
0.6753263403750346,0.49,1.0,0.5,0.601305361500138,0.5523368298124828,0.298694638499862,omL
0.6692810425543911,0.5456862553263466,1.0,0.5,0.6513725106526932,0.5785620851087822,0.1743791489121781,omL
0.6734580390865111,0.48192517654809336,1.0,0.5,0.5346167843653956,0.5680748234519066,0.3438503530961867,omL
0.6674704018569988,0.5348224111419925,1.0,0.5,0.6296448222839849,0.5749408037139975,0.21059196286002524,omL
0.6783541546751797,0.4789875071948922,1.0,0.5,0.5326583381299281,0.5710124928051079,0.33797501438978433,omL
0.6601177182178826,0.49070630930729514,1.0,0.5,0.5414126186145903,0.5602354364357651,0.3576456356423495,omL
0.6777230757445555,0.49,1.0,0.5,0.6108923029782217,0.5511384621277223,0.2891076970217783,omL
0.6636618131355331,0.5119708788131985,1.0,0.5,0.5839417576263969,0.5673236262710661,0.28676373728933857,omL
0.6972817554033184,0.467630946758009,1.0,0.5,0.5250872978386727,0.582369053241991,0.31526189351601797,omL
0.6612881020045687,0.4977286120274121,1.0,0.5,0.5554572240548241,0.5625762040091374,0.3342379599086264,omL
0.7346905345794266,0.5443203887850374,1.0,0.5,0.4245691738317954,0.5464199028037406,0.12234829906546105,omL
0.6761728753158616,0.49,1.0,0.5,0.604691501263446,0.5519135623420693,0.29530849873655407,omL
0.6622707319937312,0.5036243919623872,1.0,0.5,0.5672487839247743,0.5645414639874624,0.31458536012537625,omL
0.7328313102487993,0.5429682256354904,1.0,0.5,0.42744252052458287,0.5467579435911274,0.12826401284472946,omL
0.6675135438697043,0.49,1.0,0.5,0.570054175478817,0.5562432280651479,0.3299458245211831,omL
0.6775063187758285,0.47949620873450294,1.0,0.5,0.5329974724896687,0.5705037912654971,0.33899241746900594,omL
0.6676376266799575,0.49,1.0,0.5,0.5705505067198301,0.5561811866600213,0.3294494932801699,omL
0.6611897829508611,0.49,1.0,0.5,0.5447591318034439,0.5594051085245696,0.3552408681965561,omL
0.6728797934590165,0.4993671225156483,1.0,0.5,0.5200948646542474,0.557658219371088,0.31901883899403854,omL
0.6753019823872214,0.4808188105676671,1.0,0.5,0.5338792070451115,0.5691811894323329,0.3416376211353343,omL
0.6920880864252994,0.5133367901274904,1.0,0.5,0.4904093209790828,0.5541658024681274,0.25790154319222924,omL
0.6639989784200595,0.513993870520357,1.0,0.5,0.587987741040714,0.567997956840119,0.28002043159880996,omL
0.688969885288708,0.4726180688267752,1.0,0.5,0.5284120458845168,0.5773819311732248,0.3252361376535504,omL
0.66488676269888,0.49,1.0,0.5,0.5595470507955199,0.55755661865056,0.3404529492044801,omL
0.7244739992468162,0.5368901812704118,1.0,0.5,0.440358364800375,0.5482774546823971,0.1548554569419485,omL
0.7484364126653069,0.5543173910293141,1.0,0.5,0.4033255440627075,0.5439206522426715,0.07861141424675067,omL
0.7275880813067213,0.53915496822307,1.0,0.5,0.4355456925259762,0.5477112579442326,0.14494701402406862,omL
0.7477853601209864,0.5538438982698082,1.0,0.5,0.4043317161766574,0.544039025432548,0.0806829450695889,omL
0.7699501517050228,0.569963746694562,1.0,0.5,0.3700770382740557,0.5400090633263596,0.01015860821129111,omL
0.6784763200192987,0.49,1.0,0.5,0.6139052800771947,0.5507618399903507,0.2860947199228054,omL
0.6617323731915862,0.5003942391495169,1.0,0.5,0.5607884782990338,0.5634647463831723,0.3253525361682772,omL
0.6734649176718877,0.49,1.0,0.5,0.5938596706875505,0.5532675411640562,0.30614032931244944,omL
0.7042318230495015,0.4634609061702991,1.0,0.5,0.5223072707801995,0.5865390938297008,0.30692181234059823,omL
0.6645796021969896,0.5174776131819374,1.0,0.5,0.5949552263638749,0.5691592043939792,0.2684079560602086,omL
0.7035970142401744,0.5217069194473996,1.0,0.5,0.47262279617427594,0.5520732701381501,0.2212822274176269,omL
0.6621422929126703,0.49,1.0,0.5,0.5485691716506811,0.558928853543665,0.3514308283493189,omL
0.6620234617914722,0.5021407707488328,1.0,0.5,0.5642815414976657,0.5640469235829443,0.3195307641705572,omL
0.6623268640545058,0.5039611843270344,1.0,0.5,0.5679223686540689,0.5646537281090115,0.3134627189098852,omL
0.7077381363053946,0.46135711821676323,1.0,0.5,0.5209047454778422,0.5886428817832368,0.3027142364335264,omL
0.6919287277900809,0.4708427633259515,1.0,0.5,0.5272285088839677,0.5791572366740485,0.321685526651903,omL
0.7023537499057368,0.5208027272041722,1.0,0.5,0.4745442046911341,0.552299318198957,0.22523806848174666,omL
0.6604831180310573,0.49289870818634357,1.0,0.5,0.5457974163726872,0.5609662360621146,0.35033763937885476,omL
0.6671165324945566,0.5326991949673396,1.0,0.5,0.6253983899346792,0.5742330649891132,0.21766935010886795,omL
0.664248143752702,0.515488862516212,1.0,0.5,0.5909777250324239,0.5684962875054039,0.2750371249459603,omL
0.6619436355099478,0.5016618130596865,1.0,0.5,0.563323626119373,0.5638872710198956,0.32112728980104494,omL
0.7299011009400111,0.5408371643200081,1.0,0.5,0.4319710258199827,0.547290708919998,0.1375874060999644,omL
0.6654477288344541,0.5226863730067245,1.0,0.5,0.605372746013449,0.5708954576689081,0.2510454233109184,omL
0.6797647361815659,0.49,1.0,0.5,0.6190589447262633,0.5501176319092171,0.28094105527373664,omL
0.6663030060297249,0.5278180361783494,1.0,0.5,0.6156360723566988,0.5726060120594498,0.23393987940550198,omL
0.664292726230839,0.49,1.0,0.5,0.557170904923356,0.5578536368845806,0.34282909507664405,omL
0.7126159603139313,0.5282661529555863,1.0,0.5,0.4586844249693791,0.5504334617611034,0.19258558081930988,omL
0.6678836981868292,0.49,1.0,0.5,0.571534792747317,0.5560581509065854,0.328465207252683,omL
0.6628680125167481,0.49,1.0,0.5,0.5514720500669924,0.558565993741626,0.3485279499330076,omL
0.6707747498494995,0.48353515009030035,1.0,0.5,0.5356901000602002,0.5664648499096997,0.3470703001806007,omL
0.6723214517779451,0.49896105583850553,1.0,0.5,0.5209577563431758,0.5577597360403737,0.3207953807065383,omL
0.6654704815762281,0.49,1.0,0.5,0.5618819263049123,0.557264759211886,0.33811807369508773,omL
0.7462207640990957,0.5527060102538877,1.0,0.5,0.4067497282104886,0.5443234974365281,0.08566120513924125,omL
0.6810286499244989,0.4773828100453007,1.0,0.5,0.5315885400302005,0.5726171899546993,0.3347656200906014,omL
0.6642586484462841,0.49,1.0,0.5,0.5570345937851364,0.557870675776858,0.3429654062148636,omL
0.6698933372233465,0.549360023340079,1.0,0.5,0.658720046680158,0.579786674446693,0.16213325553306993,omL
0.6751432209131867,0.49,1.0,0.5,0.6005728836527464,0.5524283895434068,0.29942711634725366,omL
0.6914385866139403,0.4711368480316358,1.0,0.5,0.5274245653544238,0.5788631519683642,0.32227369606327155,omL
0.6667154555200028,0.5302927331200168,1.0,0.5,0.6205854662400334,0.5734309110400055,0.22569088959994427,omL
0.6644508237468646,0.5167049424811877,1.0,0.5,0.5934098849623753,0.5689016474937292,0.27098352506270784,omL
0.6808283977467862,0.4775029613519283,1.0,0.5,0.5316686409012855,0.5724970386480717,0.3350059227038566,omL
0.6657348956624601,0.49,1.0,0.5,0.5629395826498402,0.55713255216877,0.3370604173501598,omL
0.6650179238126954,0.520107542876172,1.0,0.5,0.6002150857523441,0.5700358476253907,0.25964152374609323,omL
0.7399537853979492,0.5481482075621448,1.0,0.5,0.4164350589304422,0.5454629481094638,0.1056015919156163,omL
0.6957376323758885,0.4685574205744669,1.0,0.5,0.5257049470496447,0.5814425794255331,0.3171148411489338,omL
0.6889754067640141,0.4726147559415915,1.0,0.5,0.5284098372943944,0.5773852440584085,0.32522951188318305,omL
0.6740022963088537,0.5001834882246209,1.0,0.5,0.5183600875226807,0.5574541279438449,0.3154472390172838,omL
0.6642129026665017,0.49,1.0,0.5,0.5568516106660064,0.5578935486667492,0.3431483893339936,omL
0.7543766514407333,0.7172703251771153,0.48,0.5,0.8090354420878726,0.43261153452997586,0.3086351625885576,om
0.7049363257258371,0.8164794077712054,0.48,0.5,0.7617602961143972,0.4682397038856027,0.2627041184457589,om
0.751493211426561,0.5858629616343762,0.48,0.5,0.8495959902007788,0.5141370383656237,0.21057530775625088,om
0.6662022240995664,0.7443033361493495,0.48,0.5,0.7260246706090894,0.4715437809692628,0.28362022240995666,om
0.6849853518330825,0.6863343098777945,0.48,0.5,0.715982422199699,0.4063343098777945,0.2836656901222055,om
0.5857199435970563,0.6836742776567223,0.48,0.5,0.7259086681193322,0.37837138828361155,0.3875372798357206,om
0.6525813766207482,0.7216139272690475,0.48,0.5,0.7358092311588431,0.4280651012965985,0.27548372467585036,om
0.6358224619965931,0.6201304560408833,0.48,0.5,0.6791123099829652,0.36342030402725556,0.2683550760068139,om
0.67,0.8453167917839319,0.48,0.5,0.738670802054017,0.5346832082160681,0.35404962464820405,om
0.692673258754226,0.8097128978618995,0.48,0.5,0.764009888131339,0.5068019776262678,0.238663370622887,om
0.6587401202949159,0.6716922254559429,0.48,0.5,0.6905904210322055,0.5225197594101684,0.2950395188203367,om
0.6211979889892372,0.7742623094766805,0.48,0.5,0.5510592929605362,0.36172763546950526,0.3150693480143505,om
0.6890412520518765,0.6039018452477901,0.48,0.5,0.7680825041037531,0.39527311371467905,0.21191749589624692,om
0.6980910497181134,0.7147635801127545,0.48,0.5,0.659754784520793,0.41809104971811345,0.356427314915434,om
0.6582621059022823,0.8056870452718642,0.48,0.5,0.5322748181087457,0.40424939369581897,0.3151501212608362,om
0.6779312664860286,0.7597044666408612,0.48,0.5,0.8302473991484205,0.4464535996903347,0.27177320015483264,om
0.647871662072054,0.6850771507336217,0.48,0.5,0.6290252236550269,0.367871662072054,0.3137692876834054,om
0.6192287362566525,0.746308505497339,0.48,0.5,0.5256888516363094,0.3392287362566526,0.33276862087699577,om
0.6118255359760051,0.7262680323119337,0.48,0.5,0.5355575036640714,0.3409532158560306,0.32543616005998727,om
0.6009588313493198,0.7373423638890478,0.48,0.5,0.5570140769835368,0.33542470119040807,0.35169880476163234,om
0.6073967671858947,0.7526032328141052,0.6153681063334713,0.5,0.5776840531667357,0.39768405316673566,0.37946142346799916,om
0.5840073124431155,0.7136102374203617,0.48,0.5,0.6451619752957994,0.3455956125341307,0.39238245013652284,om
0.6020824920856845,0.7552783386095436,0.48,0.5,0.5284741851334026,0.334398615507953,0.334398615507953,om
0.7248042663483008,0.6208452003581616,0.48,0.5,0.7754848659304456,0.473505332935376,0.2367215335920056,om
0.7078249501249176,0.7108700199500328,0.48,0.5,0.6763024152123601,0.4278249501249177,0.3593474850374753,om
0.6471532406847716,0.7778649305135787,0.48,0.5,0.6183636186639173,0.40740258475994096,0.3176155864384094,om
0.7054060663622199,0.724930284322785,0.48,0.5,0.68689090045667,0.442633317503895,0.361148483409445,om
0.6882677159664587,0.8217322840335413,0.48,0.5,0.7605511804622661,0.546850393487422,0.3540157485293486,om
0.6945976969418529,0.8189162597641261,0.48,0.5,0.743513956705979,0.54,0.29269295246846216,om
0.6809209531303354,0.7034880858708075,0.48,0.5,0.7563814296955031,0.4580928515224846,0.28263237495731686,om
0.7490100769844297,0.7250762516590114,0.48,0.5,0.8046446084418061,0.43944172020163497,0.3125381258295057,om
0.7522518649211244,0.7652294858676323,0.48,0.5,0.6966026041849515,0.53,0.253244405236627,om
0.7518922362779361,0.7691854009427032,0.48,0.5,0.6928864415386728,0.53,0.25432329116619173,om
0.7624254705954211,0.6533198234503685,0.48,0.5,0.8017298628193508,0.53,0.2227235882137369,om
0.6827586448009191,0.6519541274706492,0.48,0.5,0.627241355199081,0.5363601505776757,0.31544060231070264,om
0.7287838326721258,0.8304597625671796,0.48,0.5,0.6148646693114971,0.4985947314819521,0.27205413227540115,om
0.6280384009494709,0.788038400949471,0.895857367901965,0.5,0.7299451415007557,0.5779835424502267,0.47393691272586913,om
0.7384025747104531,0.8962726743243905,0.48,0.5,0.5771884138029612,0.5278700996139375,0.2894675249034843,om
0.7194773428235579,0.8076480427060105,0.48,0.5,0.6247270858038456,0.48553424278437546,0.2934204428627403,om
0.5617842762165756,0.6821807820424812,0.48,0.5,0.7680174708704717,0.36168514976009913,0.4484139766963773,om
0.7236344296339093,0.8953241227525456,0.48,0.5,0.6074070179796357,0.5229861841288184,0.28064824550509104,om
0.627802232489603,0.7628693952650702,0.48,0.5,0.6946641861226635,0.4240354417957361,0.38973134889813077,om
0.6474827279165597,0.5924481837496789,0.48,0.5,0.7133026274072172,0.3507853553237768,0.26249424263885324,om
0.6405135084347093,0.5715405253041278,0.48,0.5,0.7009129038839276,0.3314264123186369,0.26017116947823643,om
0.7489621350167022,0.7120055886372603,0.48,0.5,0.8694810675083511,0.5562973312291223,0.24733519621242006,om
0.7456267142512252,0.7643732857487748,0.48,0.5,0.8250800535326284,0.5683600178442094,0.30382662503017793,om
0.7490600944205323,0.7637596223178705,0.48,0.5,0.8314098583692014,0.5704699527897338,0.29953004721026616,om
0.7478660200967748,0.7642679598064503,0.48,0.5,0.8129281607741986,0.5635980602903244,0.26799030145162245,om
0.7607029308542953,0.5896271459742655,0.48,0.5,0.8758679692685757,0.5217359385371514,0.20723105377999254,om
0.714289960610702,0.607140026259532,0.48,0.5,0.78714993435117,0.44952994310434735,0.2619000437658867,om
0.710148596388061,0.6963529631807601,0.48,0.5,0.8533993761724715,0.4767987523449431,0.2465510916981748,om
0.7603263678862664,0.6618995050804696,0.48,0.5,0.8558159197156658,0.5493472642274673,0.24836816056866823,om
0.7468086453280391,0.7663827093439218,0.48,0.5,0.8044691626243129,0.5604259359841173,0.25212967992058677,om
0.6667324595021356,0.5601973785064068,0.48,0.5,0.6767324595021356,0.54,0.2965350809957288,om
0.7260428327382494,0.7919632862243576,0.48,0.5,0.748006118962607,0.54,0.1938653828226448,om
0.6765302856044719,0.7886549610539357,0.48,0.5,0.7413450389460643,0.4938402077123432,0.21635470141350666,om
0.68,0.7076006121020532,0.48,0.5,0.795662056394045,0.4298463892700205,0.28209216643798773,om
0.6849362784730683,0.6760832659578395,0.48,0.5,0.8054460506885222,0.42038232916159046,0.24038232916159044,om
0.6647937632005578,0.6332813600046483,0.48,0.5,0.7487625792033468,0.4956187103983266,0.3004124735988844,om
0.5818960012866712,0.6685306659926962,0.48,0.5,0.7814693340073039,0.3777253343749242,0.42393333180158205,om
0.574485791432432,0.6406814232548277,0.48,0.5,0.7741387975521234,0.3786245889845553,0.4148202208069511,om
0.6065376650536587,0.7058542583631437,0.48,0.5,0.7648291483273713,0.4065376650536586,0.37243722491056896,om
0.6185883206591425,0.7865242193802591,0.48,0.5,0.7486951561239482,0.43456695356618136,0.34347578061974093,om
0.6113020948813641,0.5830960430018679,0.48,0.5,0.7072974395894439,0.4626041897627282,0.3815972068248479,om
0.7179590687482426,0.6798976718706065,0.48,0.5,0.7755304168720123,0.5603877206244727,0.3096122793755272,om
0.6329294132867351,0.5422444415695005,0.48,0.5,0.6808640504273238,0.5058588265734701,0.35276078228435326,om
0.750498534953634,0.5602492674768169,0.48,0.5,0.8442473140816622,0.5316251220871973,0.22112658713356326,om
0.6380629434555094,0.5816223392669435,0.48,0.5,0.6152360379581604,0.4773304531414245,0.33,om
0.6637666552462923,0.5375333104925847,0.48,0.5,0.697858301927304,0.48837504282640365,0.2887000342611229,om
0.6527128050522962,0.5547612833628874,0.48,0.5,0.6708512202091849,0.54,0.33542561010459243,om
0.6338568858574811,0.6552880272826697,0.48,0.5,0.6519284429287406,0.4350697580736274,0.2896422146437029,om
0.6628576900346723,0.5357153800693447,0.48,0.5,0.6953586475953489,0.4917836623699787,0.29142692989598296,om
0.6602982620833171,0.5305965241666342,0.48,0.5,0.688320220729122,0.5013815171875609,0.2991052137500487,om
0.7287274870693473,0.8511524439671718,0.48,0.5,0.5812725129306526,0.5312525014367392,0.29501000574695674,om
0.566818780294666,0.7019566608584631,0.48,0.5,0.6983913321716926,0.4376231142088197,0.36199277680974384,om
0.5494571242351203,0.8237466579763895,0.48,0.5,0.7219638082823413,0.4035656993880962,0.3544704923295624,om
0.5750651917813814,0.7732898721457457,0.48,0.5,0.5915145525101102,0.3494082267881215,0.3494082267881215,om
0.6292252528811603,0.5579417241203994,0.48,0.5,0.6695883448240799,0.5144310804691203,0.3379902873533999,om
0.6359661530923838,0.826566593298912,0.48,0.5,0.7973107687282558,0.49044395532607976,0.3303002201032641,om
0.6980443482761464,0.6390774256548994,0.48,0.5,0.8339483828967337,0.4868266089656878,0.25180806924117466,om
0.5348834018336687,0.8053489369269786,0.48,0.5,0.7311625513752515,0.38651148830223003,0.3697676612393528,om
0.6445146149625036,0.5767719224437554,0.48,0.5,0.7033859612218777,0.33790057618438135,0.2645146149625036,om
0.5371713249317619,0.7756573501364763,0.48,0.5,0.717138112511373,0.3728452812784326,0.3628286750682381,om
0.6825598758922066,0.5870239503568826,0.48,0.5,0.7595838262490893,0.38107185107064795,0.21744012410779337,om
0.6568211943738618,0.6053245081851095,0.48,0.5,0.7084105971869308,0.36532450818510964,0.2414966861887521,om
0.7275593611574102,0.8326780834722305,0.48,0.5,0.8556610865020625,0.5732204476594727,0.2891864537191367,om
0.6349500459536661,0.529600367629329,0.48,0.5,0.7454495864170048,0.39059944855600637,0.27009990809266776,om
0.7185331750036752,0.76,0.5890849933205928,0.5,0.81741327000147,0.5741955766661766,0.3461513433279431,om
0.6546097835946598,0.6712591016586777,0.6450364066347112,0.5,0.74269510820267,0.46030176396268296,0.3698230951146855,om
0.6003017959038356,0.7596982040961644,0.9843066130005476,0.5,0.7621533065002738,0.5821533065002737,0.5142658778271232,om
0.7065956643142077,0.76,0.6304683637107464,0.5,0.8126382657256831,0.5757872447581056,0.36365969233916196,om
0.6087759755945197,0.7512240244054803,0.5436492690849765,0.5,0.5418246345424882,0.36182463454248825,0.35325646370412606,om
0.6800946980284359,0.7244023564318063,0.7686153168067407,0.5,0.7966982326761453,0.5054555965255398,0.41765677474144297,om
0.6594765809506947,0.7335659640219134,0.8281787661424374,0.5,0.7898255269835649,0.5272191645520444,0.44400214656300113,om
0.6397056403692284,0.5713982082461653,0.4838266752000312,0.5,0.7005151293538503,0.3319133376000156,0.2619133376000156,om
0.5870124427505564,0.7681172232809023,0.915580877878617,0.5,0.7618827767190978,0.5559076622202106,0.4972717748134738,om
0.6327569209192235,0.8161547215758117,0.7566628731714824,0.5,0.7512817594747294,0.5478839588181412,0.39365187645442357,om
0.6503490792547321,0.76,0.6727309848442418,0.5,0.8140554443478906,0.501889111304219,0.3626591273289624,om
0.6114093532358537,0.76,0.925839203966951,0.5,0.779983184081372,0.570033631837256,0.4843457711379572,om
0.5753165929849527,0.7106331859699055,0.6791157088043854,0.5,0.77,0.44807040966347816,0.4768040377236673,om
0.6592175796090793,0.6637714331352461,0.6150857325409844,0.5,0.7403912101954603,0.44935824842843664,0.35715165607503185,om
0.680474188120376,0.75193880195361,0.48,0.5,0.8366806831573688,0.4471548712777447,0.26715487127774473,om
0.7295549829294441,0.8372186433090258,0.48,0.5,0.8589987115912493,0.5778861689148596,0.28910996585888826,om
0.6161274129174354,0.6855998185774365,0.48,0.5,0.748272768505128,0.38565455370102564,0.2838725870825645,om
0.7140357074044248,0.6581011709792038,0.48,0.5,0.7940357074044249,0.4621071222132746,0.24605356110663731,om
0.6910288354535901,0.5961730127215404,0.48,0.5,0.7653702404588447,0.39205767090718013,0.21771626590192553,om
0.6301646630590826,0.49061374412930797,0.48,0.5,0.7896706738818348,0.4501197549520601,0.28001496936900755,om
0.6509231644858345,0.5485848605603365,0.48,0.5,0.7648922026169986,0.42907683551416553,0.2883692657943338,om
0.6323652864585922,0.49881606770929826,0.48,0.5,0.7852694270828156,0.4517202083335216,0.28021502604169024,om
0.6615881678011634,0.5784468698432572,0.48,0.5,0.752094198638604,0.4184118321988367,0.29263526712046534,om
0.6342963636918166,0.5013267770056984,0.48,0.5,0.7884376859302485,0.4535152066569409,0.27492247927330765,om
0.6310643109557639,0.4985144876461105,0.48,0.5,0.7804212013981257,0.4372282685308342,0.2778713780884724,om
0.5357418270712089,0.8017148278572586,0.48,0.5,0.7166859311429034,0.38414258607137075,0.3783429655714517,om
0.699815805132249,0.6488948307934939,0.48,0.5,0.7258288769048796,0.40963161026449796,0.28361853849186736,om
0.6800402290155126,0.6500804580310252,0.48,0.5,0.6885599345669964,0.38720032716501807,0.31720032716501806,om
0.7033252189708218,0.7383678193740073,0.48,0.5,0.6883434762864727,0.44168086680106183,0.34164435216975997,om
0.7110153467395526,0.7164305293505,0.48,0.5,0.6762770619549737,0.4333844891318421,0.3576308576077105,om
0.6636610271535005,0.5825678246721265,0.48,0.5,0.7437160876639368,0.4415847432116249,0.3136610271535006,om
0.7125894591244537,0.6905232812311284,0.48,0.5,0.776556370177791,0.4791458293022448,0.3,om
0.6873129604080543,0.6629083218362442,0.48,0.5,0.7104987722451886,0.41584474755078427,0.2987811732653243,om
0.6504029317605425,0.6655164818873489,0.48,0.5,0.682644690816868,0.40591941364789147,0.28816117270421704,om
0.7441383247922673,0.7491140317570678,0.48,0.5,0.8216261782746674,0.5557645030669347,0.3,om
0.695784351355154,0.6593137953738575,0.48,0.5,0.7525490733645057,0.4383334247196598,0.3,om
0.741051416067926,0.4147371459830185,0.48,0.5,0.5710571897452773,0.6752686276943327,0.7005314817113142,imU
0.7072106842997807,0.42,0.48,0.5,0.6258424036773638,0.77,0.7914210350778021,imU
0.6875979732932942,0.38759797329329415,0.48,0.5,0.5787155412452472,0.6857547305625649,0.7187155412452472,imU
0.6147883751261599,0.3048730250756959,0.48,0.5,0.642478837512616,0.7574365125378479,0.777436512537848,imU
0.623602376413174,0.5209317490578841,0.7684225475504987,0.5,0.604534125471058,0.7545341254710579,0.7800807129239521,imU
0.736909740834196,0.2752014298352313,0.48,0.5,0.5755277926673568,0.7506909740834196,0.7806909740834196,imU
0.7193645447841205,0.4404873374229002,0.48,0.5,0.6025848049074802,0.7441949349691601,0.7741949349691601,imU
0.643427878729205,0.3647990302208871,0.48,0.5,0.6132860606353975,0.7446572121270795,0.77,imU
0.7035072889981137,0.43112560741650946,0.48,0.5,0.5708646739193389,0.7321207480844337,0.7598695332514147,imU
0.7773145877880119,0.49163382667389083,0.48,0.5,0.6105446088912969,0.7759530655597696,0.8008169133369454,imU
0.6598388848418099,0.3718328286507446,0.48,0.5,0.22334342698510895,0.6247583272627149,0.48109266996122574,imU
0.6925274762568887,0.4713971699921272,0.48,0.5,0.5203401337457356,0.7782260612529522,0.7278492924980318,imU
0.7972615589599039,0.3890462358396156,0.48,0.5,0.4454768820801922,0.7655383078007207,0.6927384410400961,imU
0.7161625159331787,0.48959371016705333,0.48,0.5,0.6737359116085846,0.8418171695751739,0.8538374840668214,imU
0.7862322850115562,0.3798582800924494,0.48,0.5,0.6260905651040056,0.7949291400462247,0.8149291400462246,imU
0.8200028191006902,0.44000281910069017,0.48,0.5,0.6224992952248275,0.7350014095503451,0.7691678412919543,imU
0.7735222718120306,0.4013630290827075,0.48,0.5,0.6164777281879694,0.7209086860551384,0.74,imU
0.5817731875651195,0.37934593402416,0.48,0.5,0.09793582659871847,0.5037353854926394,0.35681670500943896,imU
0.5939498105858539,0.3026393938747328,0.48,0.5,0.6423698863515124,0.7389405303596088,0.7613104167111212,imU
0.7368674712587412,0.40594800362532196,0.48,0.5,0.49313252874125885,0.7345402661832904,0.7004311978248069,imU
0.6106753813000018,0.30240522878000103,0.48,0.5,0.6420675381300002,0.7562026143900006,0.7762026143900006,imU
0.7733337265116562,0.394603268217061,0.48,0.5,0.5301586927131756,0.6842858827907098,0.7144445755038854,imU
0.6399163247702199,0.373008367522978,0.48,0.5,0.39559835889705547,0.5948744871553299,0.5747071366957697,imU
0.7104983196554715,0.3879992531802095,0.48,0.5,0.5220007468197905,0.6175009335247381,0.6530011202296857,imU
0.6359950173803018,0.40400498261969814,0.48,0.5,0.5672039860957585,0.7420149478590945,0.7684129548112152,imU
0.6802271607319524,0.4462880654467459,0.48,0.5,0.5737119345532541,0.7269695476426032,0.7602271607319525,imU
0.753538789557787,0.45505632278459013,0.48,0.5,0.4651689683537705,0.6812922420884426,0.7025844841768852,imU
0.8322648158023285,0.4895702675445738,0.48,0.5,0.5495702675445738,0.7765621403565904,0.74,imU
0.5463280855796829,0.5669255816155366,0.8277023264621464,0.5,0.5533731664023903,0.706686583201195,0.74,imU
0.5945693897479081,0.566004757254881,0.48,0.5,0.5632894521288351,0.73,0.76,imU
0.691232193737752,0.48049287749510083,0.48,0.5,0.5491634615459652,0.7786705840508644,0.7446303418786744,imU
0.6857409934934108,0.4843951965298191,0.48,0.5,0.48609879913245474,0.7086542030364084,0.735604803470181,imU
0.4948237132287316,0.46,0.48,0.5,0.5995569420469269,0.7385397815747805,0.7685397815747805,imU
0.7622339267195536,0.6839375216052082,0.48,0.5,0.4970214310405952,0.7181910646383631,0.746276788800744,imU
0.758073273085425,0.7027212538782724,0.48,0.5,0.5008563230731444,0.7085014346219972,0.7485014346219973,imU
0.8216829314614255,0.5789237706444709,0.48,0.5,0.6927591608169547,0.871917695086242,0.711448167836609,imU
0.7636559059712128,0.6673477636691846,0.48,0.5,0.4951254587050497,0.7234049885611133,0.7439068233813121,imU
0.7060501238791859,0.44535004129306194,0.48,0.5,0.5053500412930619,0.7736214344704374,0.7782713931773755,imU
0.6764741227343939,0.5460660150624935,0.722952731937472,0.5,0.5546721679218745,0.7472948245468788,0.74,imU
0.7962490941101623,0.5368754529449189,0.48,0.5,0.5493736411652435,0.8390604617478652,0.831871829385568,imU
0.7941457810857427,0.5465506027020368,0.48,0.5,0.5927855351511179,0.8282915621714855,0.726202410808147,imU
0.5953560433114341,0.40155263681471903,0.48,0.5,0.11705109745072684,0.5267662628015795,0.38197988878844,imU
0.5829174396454699,0.5992322527248763,0.48,0.5,0.5887716043598021,0.7307677472751236,0.7596929010899506,imU
0.6603117216005958,0.5441309762778463,0.48,0.5,0.5306391622952118,0.7090491161041924,0.7320654881389232,imU
0.7965368911392864,0.4319221346835718,0.48,0.5,0.4415409741771418,0.6484590258228582,0.6638442693671437,imU
0.7534910162972903,0.4550690623207226,0.48,0.5,0.46520718696216784,0.6813017967405419,0.7026035934810839,imU
0.7276816537555659,0.4441138099246804,0.48,0.5,0.516159173122217,0.6151364915234487,0.6451364915234488,imU
0.6332470994540048,0.4639240791730987,0.48,0.5,0.5604182780811084,0.6767529005459951,0.7126692449297735,imU
0.6563718918629048,0.4854421622056428,0.48,0.5,0.5422675675856845,0.7013605405514106,0.7409070270342738,imU
0.6433451061224734,0.5021030178107229,0.48,0.5,0.59,0.7357586460111339,0.765758646011134,imU
0.630781587091828,0.42312634836731194,0.48,0.5,0.48,0.7668736516326881,0.7968736516326881,imU
0.6254262299949312,0.4211434425012672,0.48,0.5,0.4840020487544351,0.7691424181240496,0.7991424181240496,imU
0.63,0.473936389784026,0.48,0.5,0.5758869151716018,0.7400353390088744,0.7760282712070996,imU
0.6342454940426557,0.4146931324466804,0.48,0.5,0.4863682410639835,0.756202144361369,0.787263517872033,imU
0.5056573886163062,0.587116124330014,0.9373704455347754,0.5,0.5624088290178932,0.7196353160715729,0.7484309015626264,imU
0.6864708756367263,0.4294958393766752,0.48,0.5,0.5894958393766752,0.742520803116624,0.7720166424932993,imU
0.7538961547322665,0.49252708381331106,0.48,0.5,0.6078950322358888,0.8011580128943556,0.8211580128943555,imU
0.8183052037666423,0.39833895924667156,0.48,0.5,0.552474683389978,0.7649156112999267,0.7832545705465983,imU
0.817961952100697,0.39754529064859284,0.48,0.5,0.5932336959922541,0.8738315200387297,0.8859873173668991,imU
0.8284894778202508,0.48377630544937283,0.48,0.5,0.6439579112810034,0.7683078719886203,0.7967973498088712,imU
0.81,0.5280261306645279,0.48,0.5,0.5667102177742129,0.8656136236989507,0.8756136236989507,imU
0.8205931216818456,0.45406772485952407,0.48,0.5,0.5605931216818456,0.6836439153264886,0.7136439153264886,imU
0.7902597008534648,0.5087624233285966,0.48,0.5,0.6522154524893421,0.8069060583214913,0.8275248466571931,imU
0.6701409032829733,0.501205480087671,0.48,0.5,0.5905675142230922,0.8165244630199604,0.8347514687091973,imU
0.7030970789376041,0.3622496120584241,0.48,0.5,0.5824036969455477,0.7625577818326714,0.785038521221781,imU
0.6016883771703785,0.49292209429259465,0.48,0.5,0.570616858561108,0.7070779057074054,0.7329626439208311,imU
0.6769547025277749,0.4714974834737653,0.48,0.5,0.6372462252106479,0.7514974834737653,0.7814974834737654,imU
0.6715598550328575,0.37069326890349225,0.48,0.5,0.5393067310965078,0.6391334138706347,0.6789600966447618,imU
0.6841170231903605,0.37627423252904907,0.48,0.5,0.5337257674709509,0.6321572093386887,0.6705886512064264,imU
0.6729681715485674,0.4709222799160029,0.48,0.5,0.5348127313805731,0.6857350112965759,0.7244381941417193,imU
0.7464688173139852,0.342344086569926,0.48,0.5,0.5315727596007012,0.6621663076587455,0.6921663076587455,imU
0.6448249197645719,0.5621854634706663,0.48,0.5,0.6494228431175243,0.8002269964116197,0.8194228431175243,imU
0.6824639959641121,0.4917396275580628,0.48,0.5,0.6904349068895157,0.842463995964112,0.8540581781491928,imU
0.7194659391656449,0.4677089946699361,0.48,0.5,0.676640873001226,0.7977089946699361,0.8193885581693231,imU
0.645147613949668,0.448284128683444,0.48,0.5,0.662707546904637,0.609142064341722,0.658284128683444,imU
0.6510592554219011,0.4458527792167871,0.48,0.5,0.6672351861445248,0.6321185108438022,0.6779712900605893,imU
0.8255374985838566,0.5343352266290258,0.48,0.5,0.6362659093483897,0.7786704532580515,0.8033698852693438,imU
0.592016607022353,0.5011822858428234,0.6463424289891762,0.5,0.6348121784830589,0.6419889286517646,0.6855911429214118,imU
0.7919544190755785,0.4718784508682092,0.48,0.5,0.49781767630231377,0.7499240317926308,0.7278176763023138,imU
0.8289656397083617,0.5326437598055744,0.48,0.5,0.6837938382501698,0.8685063186390211,0.7367812009721278,imU
0.8340508735626497,0.5360339157084332,0.48,0.5,0.7143052413758983,0.892237409959032,0.7198304214578343,imU
0.7642419450743364,0.5082541017889386,0.48,0.5,0.5186370823884955,0.7756814588057522,0.7457580549256636,imU
0.614658382504278,0.4282065255145946,0.7299068379073977,0.5,0.5651940992710116,0.7307763970840463,0.7607763970840463,imU
0.7150222251554255,0.5389403499509182,0.6920748497873126,0.5,0.5896081875204507,0.7396081875204508,0.7696081875204508,imU
0.7771296946381097,0.43927423562058343,0.5964663751031971,0.5,0.5832807860517386,0.8496847163104317,0.8641641922759393,imU
0.7141668563491772,0.5736486178893226,0.6849546883741293,0.5,0.6024099457957903,0.770585636851129,0.7945270731660161,imU
0.5039801640943677,0.5960198359056322,0.9515354311395253,0.5,0.5525439124830039,0.711864021879249,0.741864021879249,imU
0.8455609493518945,0.4268878101296211,0.48,0.5,0.49589266454632613,0.73,0.7258926645463262,imU
0.8243012720516797,0.3828675147011198,0.48,0.5,0.4828675147011198,0.7856987279483203,0.7190562622509331,imU
0.8026140787526822,0.5178453800015895,0.48,0.5,0.6544582012568547,0.8604594587542718,0.6487674412536757,imU
0.8064962385497336,0.5447862516357523,0.48,0.5,0.6351299607419438,0.8529924770994672,0.7191450065430094,imU
0.6235389952175545,0.4518509569579902,0.48,0.5,0.6012339713053267,0.7652270334771187,0.7923050239122277,imU
0.7135974635052342,0.409683043793719,0.48,0.5,0.6009878503642241,0.7478658211684114,0.7767194927010469,imU
0.681539669151861,0.44128044113085185,0.48,0.5,0.5970502757067824,0.737179889717287,0.7685899448586435,imU
0.657472039361649,0.4733706141844679,0.48,0.5,0.6171066338652924,0.729157346453883,0.7645786732269415,imU
0.8251850469494518,0.5291110281696711,0.48,0.5,0.5882220563393421,0.7891110281696712,0.8091110281696711,imU
0.7808045244319084,0.37333316988656506,0.48,0.5,0.5934482420454962,0.7734482420454962,0.7995402017045802,imU
0.767867154278217,0.4367133866316792,0.48,0.5,0.5258216533420802,0.6931992685826746,0.7168880762029718,imU
0.6679629079482062,0.5094907269870516,0.48,0.5,0.5457639095194227,0.6905092730129485,0.714322932139567,imU
0.7801092487691588,0.5449453756154207,0.48,0.5,0.5049453756154206,0.7193445073850478,0.709672253692524,imU
0.6049359942227961,0.49373399855569905,0.48,0.5,0.5693990021664515,0.706266001444301,0.7320492516248386,imU
0.8583523945558658,0.4172067605878536,0.48,0.5,0.487877746760317,0.7132405635271218,0.7206709861724633,imU
0.6389052478979697,0.39722631197449243,0.48,0.5,0.16335787184695444,0.5416789359234773,0.43048681985120574,imU
0.6281106004700385,0.44456733385559843,0.48,0.5,0.36992320250687244,0.6255914010967567,0.5947260688079535,imU
0.6608761206651829,0.40271903016629573,0.48,0.5,0.19631418099777428,0.5581570904988872,0.4625276759700584,imU
0.7980112997061163,0.45500941642176357,0.48,0.5,0.4800188328435271,0.7450094164217635,0.6980112997061163,imU
0.6776822008509908,0.37488867326881237,0.48,0.5,0.5337145629400984,0.6462854370599016,0.68,imU
0.7586172197571789,0.3630219911258439,0.48,0.5,0.5013186725827707,0.7385531120971285,0.7227655604856423,imU
0.7155506199198721,0.6244715904407029,0.48,0.5,0.42,0.7233703506009586,0.6595049059815656,pp
0.721054921212304,0.54920337121155,0.48,0.5,0.39395051666691794,0.502109842424608,0.376576943939234,pp
0.7351174078640249,0.49390607370878004,0.48,0.5,0.42,0.53609392629122,0.36032550614239833,pp
0.6770095073885365,0.5968625756505923,0.48,0.5,0.5370095073885365,0.5791184095723347,0.35445980999090565,pp
0.7033419266124389,0.5966322935502445,0.48,0.5,0.5332645871004891,0.46318724758853913,0.3932388072631724,pp
0.6495438305971045,0.6820802420041363,0.48,0.5,0.5888320968016545,0.43350370959503637,0.40116790319834544,pp
0.6710405470434704,0.7900765353913544,0.48,0.5,0.3252792706087062,0.4026396353043531,0.31583781182611853,pp
0.6986061645405188,0.6858184936215566,0.48,0.5,0.4465761992972051,0.5021515411351297,0.26290924681077826,pp
0.6709170468778637,0.7996943177073789,0.48,0.5,0.4421397760483486,0.43122272917048493,0.3953420433986413,pp
0.6820573568191475,0.656554863411698,0.48,0.5,0.43153117181702305,0.4860286784095737,0.4522967577255347,pp
0.6540837597554414,0.6190051170652972,0.48,0.5,0.48429315914404497,0.4740837597554414,0.45282736342381996,pp
0.5742603081011523,0.5447534360337174,0.48,0.5,0.4363379147116232,0.38584478677905804,0.3332740522360219,pp
0.732281384704938,0.6757792294259306,0.48,0.5,0.35422077057406937,0.6298290005820968,0.2652662311722208,pp
0.6462446586827474,0.8108582594805122,0.48,0.5,0.38873397604824217,0.45,0.3854291297402561,pp
0.6682533488887302,0.81,0.48,0.5,0.5301023103694709,0.4841778296291005,0.24222655777888896,pp
0.5575703941190242,0.685735698763132,0.48,0.5,0.534082652322054,0.46337193544924254,0.3039668459743262,pp
0.6976906251286993,0.5823093748713006,0.48,0.5,0.4892320311534755,0.3561546874356503,0.3384640623069511,pp
0.6800357152611265,0.643452384203755,0.48,0.5,0.4798928542166205,0.5272262057576484,0.5372262057576485,pp
0.6329941597633587,0.952093443786261,0.48,0.5,0.35598831952671733,0.4920350414198479,0.4630525621297718,pp
0.588494266016718,0.6560509500597073,0.48,0.5,0.3847159239952234,0.4647159239952234,0.34849426601671807,pp
0.5932768709221694,0.6332284745697432,0.48,0.5,0.42325267274595635,0.4533736636270218,0.28344625815566116,pp
0.681065786053463,0.738934213946537,0.48,0.5,0.4413345913521957,0.4655977355660477,0.38586654086478045,pp
0.6429088247520136,0.7998191133679525,0.48,0.5,0.36127352574395927,0.3885455876239932,0.4385455876239932,pp
0.6607699444061425,0.81,0.48,0.5,0.2869202223754304,0.4107699444061424,0.30845701876109816,pp
0.6600352722542159,0.7801058167626476,0.48,0.5,0.32971782196627325,0.42,0.23007054450843167,pp
0.6434328647034719,0.6685070294479212,0.48,0.5,0.48313427059305614,0.43716432351735957,0.29985167051110134,pp
0.667399930647121,0.845200138705758,0.48,0.5,0.3547998612942419,0.4987991677654513,0.43399930647120943,pp
0.6786881665560283,0.8172570755262406,0.48,0.5,0.3801192575858156,0.6478533634553189,0.5572570755262407,pp
0.4132661226184557,0.4777798801114877,0.48,0.5,0.4970825449581921,0.34034866757664783,0.37177063623954804,pp
0.5707725743108127,0.7577997756558588,0.48,0.5,0.47148639932747705,0.3468726864828834,0.39671817162072087,pp
0.4820388907522206,0.5250324089601839,0.48,0.5,0.4451224857964559,0.37645172068584565,0.43401296358407354,pp
0.7375294413584101,0.49926459490596187,0.48,0.5,0.4230881983019873,0.5381470810188077,0.366794036264372,pp
0.6855108967758793,0.6855371815615221,0.48,0.5,0.4534410248867192,0.5017205124433596,0.44309166544091877,pp
0.6626452276096817,0.644193699112913,0.48,0.5,0.49,0.637677292745153,0.26232270725484697,pp
0.6279432422369964,0.5730851366445054,0.48,0.5,0.4848581055924908,0.6681202546734429,0.21851081986703308,pp
0.6808271333412508,0.6325564718046163,0.48,0.5,0.4704511025610574,0.5787968358785558,0.27428581026798193,pp
0.6971782103778795,0.6915346311336387,0.48,0.5,0.3272771994359423,0.4043564207557591,0.2644059152847905,pp
0.707833486847828,0.7648574060248479,0.48,0.5,0.476214351506212,0.471619135341616,0.37323827068323195,pp
0.6387964765860891,0.8490044042673888,0.48,0.5,0.3592123319486884,0.4590044042673887,0.3202079276812997,pp
0.63,0.7849037676276058,0.48,0.5,0.39749465375708926,0.40252673121455396,0.23008553988657254,pp
0.5770298504650198,0.6040597009300396,0.48,0.5,0.4146044766275694,0.46179850779081016,0.3370298504650198,pp
0.6803877609944193,0.6380174842936867,0.48,0.5,0.5712069937174747,0.48637901884757606,0.41879300628252536,pp
0.6319967148589609,0.7000164257051956,0.48,0.5,0.5620624176797436,0.39800328514103916,0.35206241767974367,pp
0.7204353889842064,0.7312968691947871,0.48,0.5,0.406956925989471,0.54,0.3339138519789419,pp
0.681885206892973,0.7573775172843237,0.48,0.5,0.42622958621405393,0.4513112413578382,0.38795148281945846,pp
0.6582992723926272,0.8217007276073729,0.48,0.5,0.4736958768915539,0.4743990298568362,0.2963041231084461,pp
0.625581766198483,0.5507658120951884,0.48,0.5,0.42596467224607726,0.502695156587343,0.3594256409286087,pp
0.7281021508312137,0.5394041201512534,0.48,0.5,0.4762043016624274,0.585863798891715,0.44776164806050134,pp
0.70467801793975,0.5936269372108749,0.48,0.5,0.552982973090375,0.5258475224246876,0.42883049551506247,pp
0.7466540656013848,0.8416729671993076,0.48,0.5,0.354182417998269,0.5216729671993077,0.3291635164003462,pp
0.6395877703678017,0.6883510814712067,0.48,0.5,0.3564428037126941,0.43520611481609917,0.3260305740804958,pp
0.6603676723470279,0.6601225574490094,0.48,0.5,0.3444484914794581,0.41469360637747676,0.2943259340304488,pp
0.6932309529510313,0.6287714354123762,0.48,0.5,0.4470761881958746,0.5692381180412541,0.6266214473840347,pp
0.6491050114275349,0.7754364138788837,0.48,0.5,0.4490828506128372,0.45465222937990696,0.4428400914202791,pp
0.6646865856914893,0.71,0.48,0.5,0.4111716464228723,0.5398359783776587,0.4085823211436157,pp
0.6534589239645243,0.8182705380177379,0.48,0.5,0.42345892396452434,0.46037677189357284,0.21736874462527833,pp
0.6330953870553284,0.798092258893432,0.48,0.5,0.3961907741106568,0.4452369035573728,0.2966645812254024,pp
0.6306808837436596,0.8001702209359149,0.48,0.5,0.45642536034578707,0.31187243029506395,0.2893191162563404,pp
0.6466867857236313,0.7499396428291062,0.48,0.5,0.43218869046061453,0.41568297624966477,0.32337357144726253,pp
0.6320420168522729,0.7059159662954541,0.48,0.5,0.5952352940113631,0.401361344568182,0.3944243698465914,pp
0.6876515255565726,0.5932878642207982,0.48,0.5,0.45765152555657274,0.4376515255565727,0.5049697635620654,pp
0.6507953644397523,0.7809776151289415,0.48,0.5,0.4315907288795045,0.44088648978434686,0.34,pp
0.6971348686822217,0.7785208349874044,0.48,0.5,0.4385953939533348,0.4799627205170348,0.3285767542118522,pp
0.7301275265534556,0.7424468639360602,0.48,0.5,0.4549362367232722,0.3825318816383639,0.38751062721278795,pp
0.6370892471400303,0.7945537642998481,0.48,0.5,0.47089247140030377,0.3687322585799089,0.32469569566057715,pp
0.6501196196943456,0.7886056056269559,0.48,0.5,0.465697197186522,0.5244224225078236,0.41952152122261754,pp
0.5837731972209261,0.5625845373598798,0.48,0.5,0.4311886598610463,0.3723773197220926,0.3106979387494167,pp
0.6770775321086642,0.6828770327702943,0.48,0.5,0.42826469331361505,0.36881283879504906,0.3764385163851472,pp
0.3909302009563016,0.5015544326359124,0.48,0.5,0.5253121158398054,0.4239045212791241,0.4135985520024331,pp
0.3462848966545402,0.42432005893569524,0.48,0.5,0.513135988212861,0.41510082593170594,0.47862719764257217,pp
0.6111285503038282,0.6147899852126798,0.48,0.5,0.3433792973328945,0.3919717862424043,0.28732286981770305,pp
0.6276419079894983,0.8185371380157526,0.48,0.5,0.4561790460052509,0.4058514479369898,0.442985732440928,pp
0.6198996968861621,0.6048913382933422,0.48,0.5,0.459949848443081,0.3849749242215405,0.31996656562872067,pp
0.5712471854200247,0.5779592507925833,0.48,0.5,0.4215646109349815,0.37281179635500616,0.3196825744850431,pp
0.7025118079274268,0.612455129875778,0.48,0.5,0.43252125426936827,0.5175165310983976,0.29254014695325126,pp
0.6883233949802893,0.6634128401576859,0.48,0.5,0.6224552774113017,0.4808383025098554,0.3949105548226034,pp
0.6631601866884664,0.6998453675785623,0.48,0.5,0.5686518552879233,0.4838342590445048,0.4598453675785623,pp
0.6344091794909718,0.7055908205090282,0.48,0.5,0.6022045897454859,0.4058789059879624,0.39146972649699063,pp
0.5559319226711568,0.7399189555609009,0.48,0.5,0.43004862666345944,0.46601296711025586,0.4640518684410234,pp
0.6372000405472719,0.7251304612264816,0.48,0.5,0.33081735428292575,0.3909043284339135,0.44288693360371595,pp
0.484363044358504,0.6303338716208255,0.48,0.5,0.5147390602233706,0.49,0.5336953011168529,pp
0.7211291152203517,0.5977417695592965,0.48,0.5,0.47,0.599798739686495,0.380201260313505,pp
0.7183024459138005,0.6395576983160649,0.48,0.5,0.4555349639425336,0.593209783655202,0.343395108172399,pp
0.652984795816955,0.7775380104576126,0.48,0.5,0.382984795816955,0.42765590786916946,0.42182128585626305,pp
0.684172825096102,0.5718447982074213,0.48,0.5,0.48368959641484255,0.36291358745194896,0.34213757848905546,pp
0.6547105238395622,0.6410864693491343,0.48,0.5,0.4247105238395622,0.38159398637739306,0.22521804086782093,pp
0.6577664331534475,0.594029195855819,0.48,0.5,0.4519416082883619,0.4198540207209047,0.46359125801853324,pp
0.6159281381693185,0.6065209519862502,0.48,0.5,0.43762874473227265,0.39889220725397767,0.38059281381693183,pp
0.5782476783405459,0.5825779161279404,0.48,0.5,0.42391744055315134,0.4004127972342431,0.34257791612794036,pp
0.6206997205856355,0.7196418592344126,0.48,0.5,0.384914605044988,0.41561432563062345,0.36561432563062346,pp
0.6629119844677123,0.7656960051774293,0.48,0.5,0.41278402070971704,0.5043039948225707,0.5328480025887147,pp
0.39573130405416634,0.6405210276412878,0.48,0.5,0.4716873834152273,0.8894789723587122,0.6813144819411361,im
0.6670636215174526,0.6562381729104716,0.48,0.5,0.6040821098300471,0.6062381729104716,0.6535318107587262,im
0.600808877688595,0.46805392517923966,0.48,0.5,0.504161775537719,0.825838224462281,0.8448651870519008,im
0.3783760951749471,0.49,0.48,0.5,0.5454615143425476,0.8538376095174947,0.8153504380699789,im
0.6033558168783834,0.4,0.48,0.5,0.6604866292649637,0.71904360412886,0.7552348833030881,im
0.3219049087939597,0.42102776992857643,0.48,0.5,0.5018044880851642,0.7945865357445072,0.811854698439562,im
0.5809568069698379,0.385336000792027,0.48,0.5,0.6513440031681081,0.7205295988911622,0.754663999207973,im
0.4768051066716434,0.5282236586507412,0.48,0.5,0.5895271493403007,0.71,0.7472779573313426,im
0.437436562256511,0.5402078867888147,0.48,0.5,0.71,0.6219168452844741,0.6689376339633556,im
0.5480198925945664,0.47198010740543367,0.48,0.5,0.5702475134256791,0.7782674060202456,0.798762432871604,im
0.4991518952125635,0.6551312982269584,0.48,0.5,0.6805251929078332,0.6469091579786876,0.6894748070921668,im
0.4636102560876896,0.4434575501442759,0.48,0.5,0.5651863252164139,0.7987965813041035,0.8187965813041035,im
0.7373263414935154,0.6090956107795245,0.48,0.5,0.6252424394157006,0.719515121168599,0.7514941456491452,im
0.7722225977366917,0.45936497207523097,0.48,0.5,0.5155024488045901,0.7551849348422055,0.7787299441504619,im
0.5346064114588616,0.5046064114588615,0.48,0.5,0.5751789038823357,0.7899284384470657,0.8099284384470657,im
0.5445518134169043,0.5010544040124819,0.48,0.5,0.4039015543573466,0.87,0.88,im
0.5319131288093152,0.427726434227571,0.48,0.5,0.51,0.8772088702788372,0.8648059135192249,im
0.3732937170257329,0.46994057553859936,0.48,0.5,0.37335314148713356,0.8023441658096091,0.24121634120928337,im
0.5803083110621934,0.5453671432397706,0.48,0.5,0.5488032469271685,0.7764097407815056,0.8008884420106381,im
0.35713940392099974,0.5580614711485,0.48,0.5,0.3784632212874996,0.7664302980395001,0.7903073557425001,im
0.40273688094655125,0.5256520284419064,0.48,0.5,0.3784912539643675,0.7759590621696361,0.7979795310848181,im
0.44964564507411786,0.5165485483580392,0.48,0.5,0.6148343347391666,0.8117257258209803,0.817245746007696,im
0.6188850198084801,0.7277700396169602,0.48,0.5,0.6301200176075379,0.7398799823924621,0.6809949625839821,im
0.1792924658460872,0.4571051272439256,0.48,0.5,0.6113652250198012,0.7101644227164721,0.7484703522637267,im
0.36688036642484895,0.47076448515831654,0.48,0.5,0.5120386270888442,0.6940772541776882,0.7235675974054772,im
0.3516558848661253,0.5030064690803249,0.48,0.5,0.6591211741249497,0.8914523510981748,0.8930064690803249,im
0.6132243611912738,0.45768962401982227,0.48,0.5,0.5558965413399408,0.8682069173201185,0.8782069173201185,im
0.42126070864993737,0.5412607086499374,0.48,0.5,0.4956303543249687,0.8017765354429108,0.8248137795357591,im
0.5761733616686926,0.4841155744457951,0.9174009871181346,0.5,0.5511190978879434,0.7652346723337385,0.7952346723337386,im
0.4481678767436113,0.37024634962995584,0.48,0.5,0.5909853985198233,0.7416551105180619,0.7697536503700442,im
0.3774735532519239,0.3593455263697325,0.48,0.5,0.5800914477729938,0.7092540785967387,0.7432723681513375,im
0.6590015891386181,0.5301050958801455,0.48,0.5,0.5899474520599273,0.6602627397003636,0.6604729314606547,im
0.49640250474189684,0.5530213776080433,0.48,0.5,0.5969786223919568,0.7476981214435774,0.777338371917767,im
0.6397184491720203,0.5317393182037828,0.48,0.5,0.648056310165596,0.7861126203311919,0.8065985427897929,im
0.34,0.5079185159387669,0.48,0.5,0.6606333217244509,0.8947962898469172,0.8895925796938343,im
0.43944669083296467,0.5140154578408589,0.48,0.5,0.5460618313634353,0.7553539437878117,0.7840154578408589,im
0.3424768131581503,0.5546046213370162,0.48,0.5,0.33775585682803944,0.782697689331492,0.8010116334993095,im
0.5261978771896998,0.46924911549570825,0.6801908011553657,0.5,0.5769010614051501,0.7761501769008584,0.8,im
0.12490440456046165,0.4398088091209233,0.48,0.5,0.5932169657965376,0.6619908646564222,0.7081213703569993,im
0.6043845542402246,0.590464447655566,0.48,0.5,0.5869762984370441,0.7125917441968194,0.7004319573661365,im
0.8809261604133755,0.5227784812401265,0.48,0.5,0.5251230659777075,0.7184876934022292,0.7569753868044585,im
0.6033640120610098,0.4978140822369962,0.48,0.5,0.5684031293859991,0.750589047149003,0.7384031293859992,im
0.15234624559341325,0.4946924911868265,0.48,0.5,0.3874031580494006,0.4493165966510473,0.5297494036428139,im
0.5189033940384408,0.4516775455288306,0.48,0.5,0.5798547651081822,0.7098547651081821,0.6623384468149364,im
0.30269491763689405,0.37780145210374455,0.48,0.5,0.4821041142939429,0.6565012100864538,0.6965012100864537,im
0.6278297565093722,0.6501669418069714,0.48,0.5,0.6541570367560021,0.6741735451742843,0.7135057779463987,im
0.6545342588962553,0.4701920973889817,0.48,0.5,0.5015657838492726,0.7272526270794181,0.7572526270794181,im
0.6802788571267837,0.42595330610867177,0.48,0.5,0.5241861224547201,0.7195817143098244,0.7312094694003842,im
0.5899174059187492,0.5599174059187493,0.48,0.5,0.5501651881625015,0.7991740591874928,0.8193392473499942,im
0.3896630481108164,0.3759326096221633,0.48,0.5,0.5760168475944591,0.8125391230226937,0.8324548850503979,im
0.6136038339199189,0.6399100516430271,0.48,0.5,0.6663062177231082,0.6624325387322703,0.7036937822768918,im
0.6060381653447946,0.4553552574270811,0.48,0.5,0.4537157940583351,0.814644742572919,0.834180268315627,im
0.6535834332020626,0.46140656263024055,0.48,0.5,0.5360884352859111,0.777186874739519,0.7384393757814431,im
0.5781317369999635,0.5486852964073817,0.48,0.5,0.5700691949259272,0.7016606782222546,0.7413838985185456,im
0.35959587259703724,0.4686529086567907,0.48,0.5,0.5093264543283954,0.6894611634627162,0.7195958725970372,im
0.5269785195923862,0.4841966981125425,0.48,0.5,0.5941966981125425,0.7599520682144459,0.7842446298980966,im
0.34203370124144056,0.6374607801369512,0.48,0.5,0.538303311172965,0.7498314937927972,0.7798314937927973,im
0.0767749698682606,0.5985930204895827,0.48,0.5,0.4906709987947304,0.9112770156685045,0.40019494576286907,im
0.5887224323849889,0.5819822520782927,0.48,0.5,0.5380177479217073,0.7494271168482705,0.7807046844632816,im
0.5787764302694347,0.49658509535129564,0.48,0.5,0.5660956674590695,0.8226807628103652,0.8087764302694347,im
0.2073655736608095,0.4837724043898651,0.48,0.5,0.6503195809772513,0.6821356102430185,0.6854091985367117,im
0.6661324129580564,0.5152828903016928,0.48,0.5,0.6974531355334795,0.7506603612877116,0.7806603612877117,im
0.8038109808944548,0.3737412884436493,0.48,0.5,0.6025174231127014,0.7193532211091233,0.7493532211091233,im
0.608252730490557,0.5203882821132096,0.48,0.5,0.5415531284528383,0.6717472695094431,0.5252418085283292,im
0.5954740465230144,0.5182784459584042,0.48,0.5,0.5432884158840782,0.8317215540415958,0.7320508782911707,im
0.307633209408009,0.45805642932184476,0.48,0.5,0.38604232199138355,0.7658307120344657,0.1780564293218448,im
0.38278159621965935,0.5162751081347485,0.48,0.5,0.4692270545602218,0.67,0.4902008650779881,im
0.1350498211768131,0.5016832737256044,0.48,0.5,0.4168152430066025,0.688498516732207,0.274258005490824,im
0.5982371884095448,0.5000587603863486,0.9969444599098776,0.5,0.5392948753638179,0.7690598338184239,0.7972970222279687,im
0.5302309353244403,0.43318350861128013,0.48,0.5,0.31294017680411856,0.8613608189811998,0.6636205862947184,im
0.5156159746580722,0.7184457861125716,0.48,0.5,0.5926686791688575,0.7418328302077857,0.7112755975670711,im
0.3854510016659698,0.515428887347408,0.48,0.5,0.5074377330748328,0.8491532824644649,0.7385888041074413,im
