2025-09-20 11:52:46,851:WARNING:
'cuml' is a soft dependency and not included in the pycaret installation. Please run: `pip install cuml` to install.
2025-09-20 11:52:46,851:WARNING:
'cuml' is a soft dependency and not included in the pycaret installation. Please run: `pip install cuml` to install.
2025-09-20 11:52:46,851:WARNING:
'cuml' is a soft dependency and not included in the pycaret installation. Please run: `pip install cuml` to install.
2025-09-20 11:52:46,851:WARNING:
'cuml' is a soft dependency and not included in the pycaret installation. Please run: `pip install cuml` to install.
2025-09-20 11:52:50,061:INFO:PyCaret AnomalyExperiment
2025-09-20 11:52:50,062:INFO:Logging name: anomaly-default-name
2025-09-20 11:52:50,062:INFO:ML Usecase: MLUsecase.ANOMALY
2025-09-20 11:52:50,062:INFO:version 3.3.2
2025-09-20 11:52:50,062:INFO:Initializing setup()
2025-09-20 11:52:50,062:INFO:self.USI: 3758
2025-09-20 11:52:50,062:INFO:self._variable_keys: {'data', 'memory', 'exp_name_log', 'pipeline', 'log_plots_param', 'html_param', 'exp_id', 'idx', 'logging_param', 'gpu_n_jobs_param', 'gpu_param', 'X', '_ml_usecase', 'seed', 'USI', 'n_jobs_param', '_available_plots'}
2025-09-20 11:52:50,062:INFO:Checking environment
2025-09-20 11:52:50,062:INFO:python_version: 3.9.0
2025-09-20 11:52:50,062:INFO:python_build: ('tags/v3.9.0:9cf6752', 'Oct  5 2020 15:34:40')
2025-09-20 11:52:50,063:INFO:machine: AMD64
2025-09-20 11:52:50,063:INFO:platform: Windows-10-10.0.19041-SP0
2025-09-20 11:52:50,065:INFO:Memory: svmem(total=8464662528, available=889888768, percent=89.5, used=7574773760, free=889888768)
2025-09-20 11:52:50,066:INFO:Physical Core: 2
2025-09-20 11:52:50,066:INFO:Logical Core: 4
2025-09-20 11:52:50,066:INFO:Checking libraries
2025-09-20 11:52:50,066:INFO:System:
2025-09-20 11:52:50,067:INFO:    python: 3.9.0 (tags/v3.9.0:9cf6752, Oct  5 2020, 15:34:40) [MSC v.1927 64 bit (AMD64)]
2025-09-20 11:52:50,067:INFO:executable: c:\Users\USERB-PC\AppData\Local\Programs\Python\Python39\python.exe
2025-09-20 11:52:50,067:INFO:   machine: Windows-10-10.0.19041-SP0
2025-09-20 11:52:50,067:INFO:PyCaret required dependencies:
2025-09-20 11:52:50,572:INFO:                 pip: 25.2
2025-09-20 11:52:50,573:INFO:          setuptools: 49.2.1
2025-09-20 11:52:50,573:INFO:             pycaret: 3.3.2
2025-09-20 11:52:50,573:INFO:             IPython: 8.18.1
2025-09-20 11:52:50,573:INFO:          ipywidgets: 8.1.7
2025-09-20 11:52:50,573:INFO:                tqdm: 4.67.1
2025-09-20 11:52:50,573:INFO:               numpy: 1.24.3
2025-09-20 11:52:50,573:INFO:              pandas: 2.0.3
2025-09-20 11:52:50,573:INFO:              jinja2: 3.1.5
2025-09-20 11:52:50,573:INFO:               scipy: 1.11.4
2025-09-20 11:52:50,573:INFO:              joblib: 1.3.2
2025-09-20 11:52:50,574:INFO:             sklearn: 1.4.2
2025-09-20 11:52:50,574:INFO:                pyod: 2.0.5
2025-09-20 11:52:50,574:INFO:            imblearn: 0.12.4
2025-09-20 11:52:50,574:INFO:   category_encoders: 2.6.4
2025-09-20 11:52:50,574:INFO:            lightgbm: 4.6.0
2025-09-20 11:52:50,574:INFO:               numba: 0.60.0
2025-09-20 11:52:50,574:INFO:            requests: 2.32.3
2025-09-20 11:52:50,574:INFO:          matplotlib: 3.7.2
2025-09-20 11:52:50,574:INFO:          scikitplot: 0.3.7
2025-09-20 11:52:50,574:INFO:         yellowbrick: 1.5
2025-09-20 11:52:50,574:INFO:              plotly: 6.3.0
2025-09-20 11:52:50,574:INFO:    plotly-resampler: Not installed
2025-09-20 11:52:50,574:INFO:             kaleido: 1.1.0
2025-09-20 11:52:50,574:INFO:           schemdraw: 0.15
2025-09-20 11:52:50,574:INFO:         statsmodels: 0.14.5
2025-09-20 11:52:50,574:INFO:              sktime: 0.26.0
2025-09-20 11:52:50,574:INFO:               tbats: 1.1.3
2025-09-20 11:52:50,574:INFO:            pmdarima: 2.0.4
2025-09-20 11:52:50,574:INFO:              psutil: 7.0.0
2025-09-20 11:52:50,574:INFO:          markupsafe: 3.0.2
2025-09-20 11:52:50,574:INFO:             pickle5: Not installed
2025-09-20 11:52:50,574:INFO:         cloudpickle: 3.1.1
2025-09-20 11:52:50,575:INFO:         deprecation: 2.1.0
2025-09-20 11:52:50,575:INFO:              xxhash: 3.5.0
2025-09-20 11:52:50,575:INFO:           wurlitzer: Not installed
2025-09-20 11:52:50,575:INFO:PyCaret optional dependencies:
2025-09-20 11:52:50,588:INFO:                shap: Not installed
2025-09-20 11:52:50,588:INFO:           interpret: Not installed
2025-09-20 11:52:50,588:INFO:                umap: Not installed
2025-09-20 11:52:50,588:INFO:     ydata_profiling: Not installed
2025-09-20 11:52:50,588:INFO:  explainerdashboard: Not installed
2025-09-20 11:52:50,588:INFO:             autoviz: Not installed
2025-09-20 11:52:50,588:INFO:           fairlearn: Not installed
2025-09-20 11:52:50,588:INFO:          deepchecks: Not installed
2025-09-20 11:52:50,589:INFO:             xgboost: Not installed
2025-09-20 11:52:50,589:INFO:            catboost: Not installed
2025-09-20 11:52:50,589:INFO:              kmodes: Not installed
2025-09-20 11:52:50,589:INFO:             mlxtend: 0.23.4
2025-09-20 11:52:50,589:INFO:       statsforecast: Not installed
2025-09-20 11:52:50,589:INFO:        tune_sklearn: Not installed
2025-09-20 11:52:50,589:INFO:                 ray: Not installed
2025-09-20 11:52:50,589:INFO:            hyperopt: Not installed
2025-09-20 11:52:50,589:INFO:              optuna: Not installed
2025-09-20 11:52:50,589:INFO:               skopt: Not installed
2025-09-20 11:52:50,590:INFO:              mlflow: Not installed
2025-09-20 11:52:50,590:INFO:              gradio: Not installed
2025-09-20 11:52:50,590:INFO:             fastapi: Not installed
2025-09-20 11:52:50,590:INFO:             uvicorn: Not installed
2025-09-20 11:52:50,590:INFO:              m2cgen: Not installed
2025-09-20 11:52:50,590:INFO:           evidently: Not installed
2025-09-20 11:52:50,590:INFO:               fugue: Not installed
2025-09-20 11:52:50,590:INFO:           streamlit: Not installed
2025-09-20 11:52:50,590:INFO:             prophet: Not installed
2025-09-20 11:52:50,590:INFO:None
2025-09-20 11:52:50,590:INFO:Set up data.
2025-09-20 11:52:50,594:INFO:Set up index.
2025-09-20 11:52:50,594:INFO:Assigning column types.
2025-09-20 11:52:50,600:INFO:Engine successfully changes for model 'kmeans' to 'sklearn'.
2025-09-20 11:52:53,205:INFO:Engine successfully changes for model 'dbscan' to 'sklearn'.
2025-09-20 11:52:53,208:INFO:Preparing preprocessing pipeline...
2025-09-20 11:52:53,208:INFO:Set up simple imputation.
2025-09-20 11:52:53,260:INFO:Finished creating preprocessing pipeline.
2025-09-20 11:52:53,268:INFO:Pipeline: Pipeline(memory=FastMemory(location=C:\Users\USERB-PC\AppData\Local\Temp\joblib),
         steps=[('numerical_imputer',
                 TransformerWrapper(include=['sepal length', 'sepal width',
                                             'petal length', 'petal width'],
                                    transformer=SimpleImputer())),
                ('categorical_imputer',
                 TransformerWrapper(include=[],
                                    transformer=SimpleImputer(strategy='most_frequent')))])
2025-09-20 11:52:53,268:INFO:Creating final display dataframe.
2025-09-20 11:52:53,300:INFO:Setup _display_container:                Description                 Value
0               Session id                  7502
1      Original data shape              (150, 4)
2   Transformed data shape              (150, 4)
3         Numeric features                     4
4               Preprocess                  True
5          Imputation type                simple
6       Numeric imputation                  mean
7   Categorical imputation                  mode
8                 CPU Jobs                    -1
9                  Use GPU                 False
10          Log Experiment                 False
11         Experiment Name  anomaly-default-name
12                     USI                  3758
2025-09-20 11:52:53,312:INFO:setup() successfully completed in 3.29s...............
2025-09-20 11:52:53,312:INFO:Initializing create_model()
2025-09-20 11:52:53,313:INFO:create_model(self=<pycaret.anomaly.oop.AnomalyExperiment object at 0x000001C0559FBCA0>, estimator=abod, num_clusters=4, fraction=0.05, ground_truth=None, round=4, fit_kwargs=None, experiment_custom_tags=None, verbose=True, system=True, add_to_model_list=True, raise_num_clusters=False, display=None, kwargs={})
2025-09-20 11:52:53,313:INFO:Checking exceptions
2025-09-20 11:52:53,370:INFO:Importing untrained model
2025-09-20 11:52:53,377:INFO:Angle-base Outlier Detection Imported successfully
2025-09-20 11:52:53,392:INFO:Fitting Model
2025-09-20 11:52:56,162:INFO:ABOD(contamination=0.05, method='fast', n_neighbors=5)
2025-09-20 11:52:56,162:INFO:create_models() successfully completed......................................
2025-09-20 11:52:56,174:INFO:Uploading results into container
2025-09-20 11:52:56,174:INFO:Uploading model into container now
2025-09-20 11:52:56,181:INFO:_master_model_container: 1
2025-09-20 11:52:56,181:INFO:_display_container: 1
2025-09-20 11:52:56,183:INFO:ABOD(contamination=0.05, method='fast', n_neighbors=5)
2025-09-20 11:52:56,184:INFO:create_model() successfully completed......................................
2025-09-20 11:52:56,374:INFO:Initializing assign_model()
2025-09-20 11:52:56,374:INFO:assign_model(self=<pycaret.anomaly.oop.AnomalyExperiment object at 0x000001C0559FBCA0>, model=ABOD(contamination=0.05, method='fast', n_neighbors=5), transformation=False, score=True, verbose=True)
2025-09-20 11:52:56,375:INFO:Checking exceptions
2025-09-20 11:52:56,375:INFO:Determining Trained Model
2025-09-20 11:52:56,375:INFO:Trained Model : Angle-base Outlier Detection
2025-09-20 11:52:56,375:INFO:Copying data
2025-09-20 11:52:56,376:INFO:(150, 6)
2025-09-20 11:52:56,377:INFO:assign_model() successfully completed......................................
2025-09-20 11:55:36,226:WARNING:
'cuml' is a soft dependency and not included in the pycaret installation. Please run: `pip install cuml` to install.
2025-09-20 11:55:36,226:WARNING:
'cuml' is a soft dependency and not included in the pycaret installation. Please run: `pip install cuml` to install.
2025-09-20 11:55:36,226:WARNING:
'cuml' is a soft dependency and not included in the pycaret installation. Please run: `pip install cuml` to install.
2025-09-20 11:55:36,226:WARNING:
'cuml' is a soft dependency and not included in the pycaret installation. Please run: `pip install cuml` to install.
2025-09-20 11:55:37,120:INFO:PyCaret AnomalyExperiment
2025-09-20 11:55:37,121:INFO:Logging name: anomaly-default-name
2025-09-20 11:55:37,121:INFO:ML Usecase: MLUsecase.ANOMALY
2025-09-20 11:55:37,121:INFO:version 3.3.2
2025-09-20 11:55:37,121:INFO:Initializing setup()
2025-09-20 11:55:37,121:INFO:self.USI: fca7
2025-09-20 11:55:37,121:INFO:self._variable_keys: {'data', 'idx', 'seed', 'exp_id', 'n_jobs_param', 'log_plots_param', 'gpu_param', '_available_plots', 'logging_param', 'pipeline', 'X', 'exp_name_log', 'memory', '_ml_usecase', 'USI', 'gpu_n_jobs_param', 'html_param'}
2025-09-20 11:55:37,121:INFO:Checking environment
2025-09-20 11:55:37,121:INFO:python_version: 3.9.0
2025-09-20 11:55:37,121:INFO:python_build: ('tags/v3.9.0:9cf6752', 'Oct  5 2020 15:34:40')
2025-09-20 11:55:37,121:INFO:machine: AMD64
2025-09-20 11:55:37,121:INFO:platform: Windows-10-10.0.19041-SP0
2025-09-20 11:55:37,124:INFO:Memory: svmem(total=8464662528, available=682016768, percent=91.9, used=7782645760, free=682016768)
2025-09-20 11:55:37,124:INFO:Physical Core: 2
2025-09-20 11:55:37,124:INFO:Logical Core: 4
2025-09-20 11:55:37,124:INFO:Checking libraries
2025-09-20 11:55:37,124:INFO:System:
2025-09-20 11:55:37,124:INFO:    python: 3.9.0 (tags/v3.9.0:9cf6752, Oct  5 2020, 15:34:40) [MSC v.1927 64 bit (AMD64)]
2025-09-20 11:55:37,124:INFO:executable: C:\Users\USERB-PC\AppData\Local\Programs\Python\Python39\python.exe
2025-09-20 11:55:37,125:INFO:   machine: Windows-10-10.0.19041-SP0
2025-09-20 11:55:37,125:INFO:PyCaret required dependencies:
2025-09-20 11:55:37,209:INFO:                 pip: 25.2
2025-09-20 11:55:37,209:INFO:          setuptools: 49.2.1
2025-09-20 11:55:37,209:INFO:             pycaret: 3.3.2
2025-09-20 11:55:37,209:INFO:             IPython: 8.18.1
2025-09-20 11:55:37,209:INFO:          ipywidgets: 8.1.7
2025-09-20 11:55:37,209:INFO:                tqdm: 4.67.1
2025-09-20 11:55:37,209:INFO:               numpy: 1.24.3
2025-09-20 11:55:37,209:INFO:              pandas: 2.0.3
2025-09-20 11:55:37,210:INFO:              jinja2: 3.1.5
2025-09-20 11:55:37,210:INFO:               scipy: 1.11.4
2025-09-20 11:55:37,210:INFO:              joblib: 1.3.2
2025-09-20 11:55:37,210:INFO:             sklearn: 1.4.2
2025-09-20 11:55:37,210:INFO:                pyod: 2.0.5
2025-09-20 11:55:37,210:INFO:            imblearn: 0.12.4
2025-09-20 11:55:37,210:INFO:   category_encoders: 2.6.4
2025-09-20 11:55:37,210:INFO:            lightgbm: 4.6.0
2025-09-20 11:55:37,210:INFO:               numba: 0.60.0
2025-09-20 11:55:37,210:INFO:            requests: 2.32.3
2025-09-20 11:55:37,210:INFO:          matplotlib: 3.7.2
2025-09-20 11:55:37,210:INFO:          scikitplot: 0.3.7
2025-09-20 11:55:37,210:INFO:         yellowbrick: 1.5
2025-09-20 11:55:37,210:INFO:              plotly: 6.3.0
2025-09-20 11:55:37,210:INFO:    plotly-resampler: Not installed
2025-09-20 11:55:37,210:INFO:             kaleido: 1.1.0
2025-09-20 11:55:37,210:INFO:           schemdraw: 0.15
2025-09-20 11:55:37,210:INFO:         statsmodels: 0.14.5
2025-09-20 11:55:37,210:INFO:              sktime: 0.26.0
2025-09-20 11:55:37,210:INFO:               tbats: 1.1.3
2025-09-20 11:55:37,210:INFO:            pmdarima: 2.0.4
2025-09-20 11:55:37,211:INFO:              psutil: 7.0.0
2025-09-20 11:55:37,211:INFO:          markupsafe: 3.0.2
2025-09-20 11:55:37,211:INFO:             pickle5: Not installed
2025-09-20 11:55:37,211:INFO:         cloudpickle: 3.1.1
2025-09-20 11:55:37,211:INFO:         deprecation: 2.1.0
2025-09-20 11:55:37,211:INFO:              xxhash: 3.5.0
2025-09-20 11:55:37,211:INFO:           wurlitzer: Not installed
2025-09-20 11:55:37,211:INFO:PyCaret optional dependencies:
2025-09-20 11:55:37,223:INFO:                shap: Not installed
2025-09-20 11:55:37,223:INFO:           interpret: Not installed
2025-09-20 11:55:37,224:INFO:                umap: Not installed
2025-09-20 11:55:37,224:INFO:     ydata_profiling: Not installed
2025-09-20 11:55:37,224:INFO:  explainerdashboard: Not installed
2025-09-20 11:55:37,224:INFO:             autoviz: Not installed
2025-09-20 11:55:37,224:INFO:           fairlearn: Not installed
2025-09-20 11:55:37,224:INFO:          deepchecks: Not installed
2025-09-20 11:55:37,224:INFO:             xgboost: Not installed
2025-09-20 11:55:37,224:INFO:            catboost: Not installed
2025-09-20 11:55:37,224:INFO:              kmodes: Not installed
2025-09-20 11:55:37,224:INFO:             mlxtend: 0.23.4
2025-09-20 11:55:37,224:INFO:       statsforecast: Not installed
2025-09-20 11:55:37,224:INFO:        tune_sklearn: Not installed
2025-09-20 11:55:37,224:INFO:                 ray: Not installed
2025-09-20 11:55:37,224:INFO:            hyperopt: Not installed
2025-09-20 11:55:37,224:INFO:              optuna: Not installed
2025-09-20 11:55:37,224:INFO:               skopt: Not installed
2025-09-20 11:55:37,224:INFO:              mlflow: Not installed
2025-09-20 11:55:37,224:INFO:              gradio: Not installed
2025-09-20 11:55:37,225:INFO:             fastapi: Not installed
2025-09-20 11:55:37,225:INFO:             uvicorn: Not installed
2025-09-20 11:55:37,225:INFO:              m2cgen: Not installed
2025-09-20 11:55:37,225:INFO:           evidently: Not installed
2025-09-20 11:55:37,225:INFO:               fugue: Not installed
2025-09-20 11:55:37,225:INFO:           streamlit: Not installed
2025-09-20 11:55:37,225:INFO:             prophet: Not installed
2025-09-20 11:55:37,225:INFO:None
2025-09-20 11:55:37,225:INFO:Set up data.
2025-09-20 11:55:37,228:INFO:Set up index.
2025-09-20 11:55:37,228:INFO:Assigning column types.
2025-09-20 11:55:37,230:INFO:Engine successfully changes for model 'kmeans' to 'sklearn'.
2025-09-20 11:55:37,856:INFO:Engine successfully changes for model 'dbscan' to 'sklearn'.
2025-09-20 11:55:37,859:INFO:Preparing preprocessing pipeline...
2025-09-20 11:55:37,859:INFO:Set up simple imputation.
2025-09-20 11:55:37,874:INFO:Finished creating preprocessing pipeline.
2025-09-20 11:55:37,879:INFO:Pipeline: Pipeline(memory=FastMemory(location=C:\Users\USERB-PC\AppData\Local\Temp\joblib),
         steps=[('numerical_imputer',
                 TransformerWrapper(include=['sepal length', 'sepal width',
                                             'petal length', 'petal width'],
                                    transformer=SimpleImputer())),
                ('categorical_imputer',
                 TransformerWrapper(include=[],
                                    transformer=SimpleImputer(strategy='most_frequent')))])
2025-09-20 11:55:37,879:INFO:Creating final display dataframe.
2025-09-20 11:55:37,894:INFO:Setup _display_container:                Description                 Value
0               Session id                  4335
1      Original data shape              (150, 4)
2   Transformed data shape              (150, 4)
3         Numeric features                     4
4               Preprocess                  True
5          Imputation type                simple
6       Numeric imputation                  mean
7   Categorical imputation                  mode
8                 CPU Jobs                    -1
9                  Use GPU                 False
10          Log Experiment                 False
11         Experiment Name  anomaly-default-name
12                     USI                  fca7
2025-09-20 11:55:37,903:INFO:setup() successfully completed in 0.78s...............
2025-09-20 11:55:37,903:INFO:Initializing create_model()
2025-09-20 11:55:37,903:INFO:create_model(self=<pycaret.anomaly.oop.AnomalyExperiment object at 0x000001FD6ADBA040>, estimator=abod, num_clusters=4, fraction=0.05, ground_truth=None, round=4, fit_kwargs=None, experiment_custom_tags=None, verbose=True, system=True, add_to_model_list=True, raise_num_clusters=False, display=None, kwargs={})
2025-09-20 11:55:37,903:INFO:Checking exceptions
2025-09-20 11:55:37,942:INFO:Importing untrained model
2025-09-20 11:55:37,946:INFO:Angle-base Outlier Detection Imported successfully
2025-09-20 11:55:37,951:INFO:Fitting Model
2025-09-20 11:55:39,896:INFO:ABOD(contamination=0.05, method='fast', n_neighbors=5)
2025-09-20 11:55:39,896:INFO:create_models() successfully completed......................................
2025-09-20 11:55:39,900:INFO:Uploading results into container
2025-09-20 11:55:39,900:INFO:Uploading model into container now
2025-09-20 11:55:39,903:INFO:_master_model_container: 1
2025-09-20 11:55:39,904:INFO:_display_container: 1
2025-09-20 11:55:39,904:INFO:ABOD(contamination=0.05, method='fast', n_neighbors=5)
2025-09-20 11:55:39,904:INFO:create_model() successfully completed......................................
2025-09-20 11:55:39,991:INFO:Initializing assign_model()
2025-09-20 11:55:39,991:INFO:assign_model(self=<pycaret.anomaly.oop.AnomalyExperiment object at 0x000001FD6ADBA040>, model=ABOD(contamination=0.05, method='fast', n_neighbors=5), transformation=False, score=True, verbose=True)
2025-09-20 11:55:39,991:INFO:Checking exceptions
2025-09-20 11:55:39,991:INFO:Determining Trained Model
2025-09-20 11:55:39,991:INFO:Trained Model : Angle-base Outlier Detection
2025-09-20 11:55:39,991:INFO:Copying data
2025-09-20 11:55:39,993:INFO:(150, 6)
2025-09-20 11:55:39,993:INFO:assign_model() successfully completed......................................
2025-09-20 11:58:25,883:WARNING:
'cuml' is a soft dependency and not included in the pycaret installation. Please run: `pip install cuml` to install.
2025-09-20 11:58:25,883:WARNING:
'cuml' is a soft dependency and not included in the pycaret installation. Please run: `pip install cuml` to install.
2025-09-20 11:58:25,883:WARNING:
'cuml' is a soft dependency and not included in the pycaret installation. Please run: `pip install cuml` to install.
2025-09-20 11:58:25,883:WARNING:
'cuml' is a soft dependency and not included in the pycaret installation. Please run: `pip install cuml` to install.
2025-09-20 11:58:26,808:INFO:PyCaret AnomalyExperiment
2025-09-20 11:58:26,808:INFO:Logging name: anomaly-default-name
2025-09-20 11:58:26,808:INFO:ML Usecase: MLUsecase.ANOMALY
2025-09-20 11:58:26,808:INFO:version 3.3.2
2025-09-20 11:58:26,808:INFO:Initializing setup()
2025-09-20 11:58:26,808:INFO:self.USI: a45d
2025-09-20 11:58:26,808:INFO:self._variable_keys: {'data', 'pipeline', 'X', 'memory', 'log_plots_param', 'gpu_n_jobs_param', 'idx', '_available_plots', 'exp_id', 'logging_param', 'USI', '_ml_usecase', 'html_param', 'seed', 'n_jobs_param', 'gpu_param', 'exp_name_log'}
2025-09-20 11:58:26,808:INFO:Checking environment
2025-09-20 11:58:26,809:INFO:python_version: 3.9.0
2025-09-20 11:58:26,809:INFO:python_build: ('tags/v3.9.0:9cf6752', 'Oct  5 2020 15:34:40')
2025-09-20 11:58:26,809:INFO:machine: AMD64
2025-09-20 11:58:26,809:INFO:platform: Windows-10-10.0.19041-SP0
2025-09-20 11:58:26,811:INFO:Memory: svmem(total=8464662528, available=1036886016, percent=87.8, used=7427776512, free=1036886016)
2025-09-20 11:58:26,811:INFO:Physical Core: 2
2025-09-20 11:58:26,811:INFO:Logical Core: 4
2025-09-20 11:58:26,811:INFO:Checking libraries
2025-09-20 11:58:26,811:INFO:System:
2025-09-20 11:58:26,811:INFO:    python: 3.9.0 (tags/v3.9.0:9cf6752, Oct  5 2020, 15:34:40) [MSC v.1927 64 bit (AMD64)]
2025-09-20 11:58:26,811:INFO:executable: C:\Users\USERB-PC\AppData\Local\Programs\Python\Python39\python.exe
2025-09-20 11:58:26,811:INFO:   machine: Windows-10-10.0.19041-SP0
2025-09-20 11:58:26,812:INFO:PyCaret required dependencies:
2025-09-20 11:58:26,899:INFO:                 pip: 25.2
2025-09-20 11:58:26,899:INFO:          setuptools: 49.2.1
2025-09-20 11:58:26,899:INFO:             pycaret: 3.3.2
2025-09-20 11:58:26,899:INFO:             IPython: 8.18.1
2025-09-20 11:58:26,899:INFO:          ipywidgets: 8.1.7
2025-09-20 11:58:26,899:INFO:                tqdm: 4.67.1
2025-09-20 11:58:26,899:INFO:               numpy: 1.24.3
2025-09-20 11:58:26,899:INFO:              pandas: 2.0.3
2025-09-20 11:58:26,899:INFO:              jinja2: 3.1.5
2025-09-20 11:58:26,899:INFO:               scipy: 1.11.4
2025-09-20 11:58:26,899:INFO:              joblib: 1.3.2
2025-09-20 11:58:26,899:INFO:             sklearn: 1.4.2
2025-09-20 11:58:26,900:INFO:                pyod: 2.0.5
2025-09-20 11:58:26,900:INFO:            imblearn: 0.12.4
2025-09-20 11:58:26,900:INFO:   category_encoders: 2.6.4
2025-09-20 11:58:26,900:INFO:            lightgbm: 4.6.0
2025-09-20 11:58:26,900:INFO:               numba: 0.60.0
2025-09-20 11:58:26,900:INFO:            requests: 2.32.3
2025-09-20 11:58:26,900:INFO:          matplotlib: 3.7.2
2025-09-20 11:58:26,900:INFO:          scikitplot: 0.3.7
2025-09-20 11:58:26,900:INFO:         yellowbrick: 1.5
2025-09-20 11:58:26,900:INFO:              plotly: 6.3.0
2025-09-20 11:58:26,900:INFO:    plotly-resampler: Not installed
2025-09-20 11:58:26,900:INFO:             kaleido: 1.1.0
2025-09-20 11:58:26,900:INFO:           schemdraw: 0.15
2025-09-20 11:58:26,900:INFO:         statsmodels: 0.14.5
2025-09-20 11:58:26,900:INFO:              sktime: 0.26.0
2025-09-20 11:58:26,900:INFO:               tbats: 1.1.3
2025-09-20 11:58:26,900:INFO:            pmdarima: 2.0.4
2025-09-20 11:58:26,900:INFO:              psutil: 7.0.0
2025-09-20 11:58:26,900:INFO:          markupsafe: 3.0.2
2025-09-20 11:58:26,900:INFO:             pickle5: Not installed
2025-09-20 11:58:26,900:INFO:         cloudpickle: 3.1.1
2025-09-20 11:58:26,900:INFO:         deprecation: 2.1.0
2025-09-20 11:58:26,901:INFO:              xxhash: 3.5.0
2025-09-20 11:58:26,901:INFO:           wurlitzer: Not installed
2025-09-20 11:58:26,901:INFO:PyCaret optional dependencies:
2025-09-20 11:58:26,912:INFO:                shap: Not installed
2025-09-20 11:58:26,912:INFO:           interpret: Not installed
2025-09-20 11:58:26,913:INFO:                umap: Not installed
2025-09-20 11:58:26,913:INFO:     ydata_profiling: Not installed
2025-09-20 11:58:26,913:INFO:  explainerdashboard: Not installed
2025-09-20 11:58:26,913:INFO:             autoviz: Not installed
2025-09-20 11:58:26,913:INFO:           fairlearn: Not installed
2025-09-20 11:58:26,913:INFO:          deepchecks: Not installed
2025-09-20 11:58:26,913:INFO:             xgboost: Not installed
2025-09-20 11:58:26,913:INFO:            catboost: Not installed
2025-09-20 11:58:26,913:INFO:              kmodes: Not installed
2025-09-20 11:58:26,913:INFO:             mlxtend: 0.23.4
2025-09-20 11:58:26,913:INFO:       statsforecast: Not installed
2025-09-20 11:58:26,913:INFO:        tune_sklearn: Not installed
2025-09-20 11:58:26,913:INFO:                 ray: Not installed
2025-09-20 11:58:26,913:INFO:            hyperopt: Not installed
2025-09-20 11:58:26,913:INFO:              optuna: Not installed
2025-09-20 11:58:26,913:INFO:               skopt: Not installed
2025-09-20 11:58:26,913:INFO:              mlflow: Not installed
2025-09-20 11:58:26,913:INFO:              gradio: Not installed
2025-09-20 11:58:26,913:INFO:             fastapi: Not installed
2025-09-20 11:58:26,913:INFO:             uvicorn: Not installed
2025-09-20 11:58:26,914:INFO:              m2cgen: Not installed
2025-09-20 11:58:26,914:INFO:           evidently: Not installed
2025-09-20 11:58:26,914:INFO:               fugue: Not installed
2025-09-20 11:58:26,914:INFO:           streamlit: Not installed
2025-09-20 11:58:26,914:INFO:             prophet: Not installed
2025-09-20 11:58:26,914:INFO:None
2025-09-20 11:58:26,914:INFO:Set up data.
2025-09-20 11:58:26,917:INFO:Set up index.
2025-09-20 11:58:26,917:INFO:Assigning column types.
2025-09-20 11:58:26,919:INFO:Engine successfully changes for model 'kmeans' to 'sklearn'.
2025-09-20 11:58:27,535:INFO:Engine successfully changes for model 'dbscan' to 'sklearn'.
2025-09-20 11:58:27,538:INFO:Preparing preprocessing pipeline...
2025-09-20 11:58:27,538:INFO:Set up simple imputation.
2025-09-20 11:58:27,555:INFO:Finished creating preprocessing pipeline.
2025-09-20 11:58:27,561:INFO:Pipeline: Pipeline(memory=FastMemory(location=C:\Users\USERB-PC\AppData\Local\Temp\joblib),
         steps=[('numerical_imputer',
                 TransformerWrapper(include=['sepal length', 'sepal width',
                                             'petal length', 'petal width'],
                                    transformer=SimpleImputer())),
                ('categorical_imputer',
                 TransformerWrapper(include=[],
                                    transformer=SimpleImputer(strategy='most_frequent')))])
2025-09-20 11:58:27,561:INFO:Creating final display dataframe.
2025-09-20 11:58:27,580:INFO:Setup _display_container:                Description                 Value
0               Session id                  4006
1      Original data shape              (150, 4)
2   Transformed data shape              (150, 4)
3         Numeric features                     4
4               Preprocess                  True
5          Imputation type                simple
6       Numeric imputation                  mean
7   Categorical imputation                  mode
8                 CPU Jobs                    -1
9                  Use GPU                 False
10          Log Experiment                 False
11         Experiment Name  anomaly-default-name
12                     USI                  a45d
2025-09-20 11:58:27,588:INFO:setup() successfully completed in 0.78s...............
2025-09-20 11:58:27,588:INFO:Initializing create_model()
2025-09-20 11:58:27,589:INFO:create_model(self=<pycaret.anomaly.oop.AnomalyExperiment object at 0x0000020E34E6B040>, estimator=abod, num_clusters=4, fraction=0.05, ground_truth=None, round=4, fit_kwargs=None, experiment_custom_tags=None, verbose=True, system=True, add_to_model_list=True, raise_num_clusters=False, display=None, kwargs={})
2025-09-20 11:58:27,589:INFO:Checking exceptions
2025-09-20 11:58:27,625:INFO:Importing untrained model
2025-09-20 11:58:27,631:INFO:Angle-base Outlier Detection Imported successfully
2025-09-20 11:58:27,636:INFO:Fitting Model
2025-09-20 11:58:29,719:INFO:ABOD(contamination=0.05, method='fast', n_neighbors=5)
2025-09-20 11:58:29,720:INFO:create_models() successfully completed......................................
2025-09-20 11:58:29,724:INFO:Uploading results into container
2025-09-20 11:58:29,724:INFO:Uploading model into container now
2025-09-20 11:58:29,727:INFO:_master_model_container: 1
2025-09-20 11:58:29,728:INFO:_display_container: 1
2025-09-20 11:58:29,728:INFO:ABOD(contamination=0.05, method='fast', n_neighbors=5)
2025-09-20 11:58:29,728:INFO:create_model() successfully completed......................................
2025-09-20 11:58:29,814:INFO:Initializing assign_model()
2025-09-20 11:58:29,815:INFO:assign_model(self=<pycaret.anomaly.oop.AnomalyExperiment object at 0x0000020E34E6B040>, model=ABOD(contamination=0.05, method='fast', n_neighbors=5), transformation=False, score=True, verbose=True)
2025-09-20 11:58:29,815:INFO:Checking exceptions
2025-09-20 11:58:29,815:INFO:Determining Trained Model
2025-09-20 11:58:29,815:INFO:Trained Model : Angle-base Outlier Detection
2025-09-20 11:58:29,815:INFO:Copying data
2025-09-20 11:58:29,816:INFO:(150, 6)
2025-09-20 11:58:29,817:INFO:assign_model() successfully completed......................................
2025-09-20 12:00:54,512:WARNING:
'cuml' is a soft dependency and not included in the pycaret installation. Please run: `pip install cuml` to install.
2025-09-20 12:00:54,512:WARNING:
'cuml' is a soft dependency and not included in the pycaret installation. Please run: `pip install cuml` to install.
2025-09-20 12:00:54,512:WARNING:
'cuml' is a soft dependency and not included in the pycaret installation. Please run: `pip install cuml` to install.
2025-09-20 12:00:54,512:WARNING:
'cuml' is a soft dependency and not included in the pycaret installation. Please run: `pip install cuml` to install.
2025-09-20 12:00:55,373:INFO:PyCaret AnomalyExperiment
2025-09-20 12:00:55,373:INFO:Logging name: anomaly-default-name
2025-09-20 12:00:55,373:INFO:ML Usecase: MLUsecase.ANOMALY
2025-09-20 12:00:55,373:INFO:version 3.3.2
2025-09-20 12:00:55,373:INFO:Initializing setup()
2025-09-20 12:00:55,373:INFO:self.USI: 00df
2025-09-20 12:00:55,373:INFO:self._variable_keys: {'gpu_n_jobs_param', '_available_plots', 'html_param', 'logging_param', 'X', 'log_plots_param', 'seed', 'pipeline', 'exp_name_log', 'idx', 'USI', 'exp_id', 'gpu_param', 'n_jobs_param', '_ml_usecase', 'data', 'memory'}
2025-09-20 12:00:55,373:INFO:Checking environment
2025-09-20 12:00:55,374:INFO:python_version: 3.9.0
2025-09-20 12:00:55,374:INFO:python_build: ('tags/v3.9.0:9cf6752', 'Oct  5 2020 15:34:40')
2025-09-20 12:00:55,374:INFO:machine: AMD64
2025-09-20 12:00:55,374:INFO:platform: Windows-10-10.0.19041-SP0
2025-09-20 12:00:55,376:INFO:Memory: svmem(total=8464662528, available=924962816, percent=89.1, used=7539699712, free=924962816)
2025-09-20 12:00:55,376:INFO:Physical Core: 2
2025-09-20 12:00:55,376:INFO:Logical Core: 4
2025-09-20 12:00:55,376:INFO:Checking libraries
2025-09-20 12:00:55,377:INFO:System:
2025-09-20 12:00:55,377:INFO:    python: 3.9.0 (tags/v3.9.0:9cf6752, Oct  5 2020, 15:34:40) [MSC v.1927 64 bit (AMD64)]
2025-09-20 12:00:55,377:INFO:executable: C:\Users\USERB-PC\AppData\Local\Programs\Python\Python39\python.exe
2025-09-20 12:00:55,377:INFO:   machine: Windows-10-10.0.19041-SP0
2025-09-20 12:00:55,377:INFO:PyCaret required dependencies:
2025-09-20 12:00:55,461:INFO:                 pip: 25.2
2025-09-20 12:00:55,461:INFO:          setuptools: 49.2.1
2025-09-20 12:00:55,462:INFO:             pycaret: 3.3.2
2025-09-20 12:00:55,462:INFO:             IPython: 8.18.1
2025-09-20 12:00:55,462:INFO:          ipywidgets: 8.1.7
2025-09-20 12:00:55,462:INFO:                tqdm: 4.67.1
2025-09-20 12:00:55,462:INFO:               numpy: 1.24.3
2025-09-20 12:00:55,462:INFO:              pandas: 2.0.3
2025-09-20 12:00:55,462:INFO:              jinja2: 3.1.5
2025-09-20 12:00:55,462:INFO:               scipy: 1.11.4
2025-09-20 12:00:55,462:INFO:              joblib: 1.3.2
2025-09-20 12:00:55,462:INFO:             sklearn: 1.4.2
2025-09-20 12:00:55,462:INFO:                pyod: 2.0.5
2025-09-20 12:00:55,462:INFO:            imblearn: 0.12.4
2025-09-20 12:00:55,462:INFO:   category_encoders: 2.6.4
2025-09-20 12:00:55,462:INFO:            lightgbm: 4.6.0
2025-09-20 12:00:55,462:INFO:               numba: 0.60.0
2025-09-20 12:00:55,462:INFO:            requests: 2.32.3
2025-09-20 12:00:55,462:INFO:          matplotlib: 3.7.2
2025-09-20 12:00:55,462:INFO:          scikitplot: 0.3.7
2025-09-20 12:00:55,462:INFO:         yellowbrick: 1.5
2025-09-20 12:00:55,462:INFO:              plotly: 6.3.0
2025-09-20 12:00:55,462:INFO:    plotly-resampler: Not installed
2025-09-20 12:00:55,462:INFO:             kaleido: 1.1.0
2025-09-20 12:00:55,463:INFO:           schemdraw: 0.15
2025-09-20 12:00:55,463:INFO:         statsmodels: 0.14.5
2025-09-20 12:00:55,463:INFO:              sktime: 0.26.0
2025-09-20 12:00:55,463:INFO:               tbats: 1.1.3
2025-09-20 12:00:55,463:INFO:            pmdarima: 2.0.4
2025-09-20 12:00:55,463:INFO:              psutil: 7.0.0
2025-09-20 12:00:55,463:INFO:          markupsafe: 3.0.2
2025-09-20 12:00:55,463:INFO:             pickle5: Not installed
2025-09-20 12:00:55,463:INFO:         cloudpickle: 3.1.1
2025-09-20 12:00:55,463:INFO:         deprecation: 2.1.0
2025-09-20 12:00:55,463:INFO:              xxhash: 3.5.0
2025-09-20 12:00:55,463:INFO:           wurlitzer: Not installed
2025-09-20 12:00:55,463:INFO:PyCaret optional dependencies:
2025-09-20 12:00:55,475:INFO:                shap: Not installed
2025-09-20 12:00:55,475:INFO:           interpret: Not installed
2025-09-20 12:00:55,475:INFO:                umap: Not installed
2025-09-20 12:00:55,475:INFO:     ydata_profiling: Not installed
2025-09-20 12:00:55,475:INFO:  explainerdashboard: Not installed
2025-09-20 12:00:55,475:INFO:             autoviz: Not installed
2025-09-20 12:00:55,475:INFO:           fairlearn: Not installed
2025-09-20 12:00:55,475:INFO:          deepchecks: Not installed
2025-09-20 12:00:55,476:INFO:             xgboost: Not installed
2025-09-20 12:00:55,476:INFO:            catboost: Not installed
2025-09-20 12:00:55,476:INFO:              kmodes: Not installed
2025-09-20 12:00:55,476:INFO:             mlxtend: 0.23.4
2025-09-20 12:00:55,476:INFO:       statsforecast: Not installed
2025-09-20 12:00:55,476:INFO:        tune_sklearn: Not installed
2025-09-20 12:00:55,476:INFO:                 ray: Not installed
2025-09-20 12:00:55,476:INFO:            hyperopt: Not installed
2025-09-20 12:00:55,476:INFO:              optuna: Not installed
2025-09-20 12:00:55,476:INFO:               skopt: Not installed
2025-09-20 12:00:55,476:INFO:              mlflow: Not installed
2025-09-20 12:00:55,476:INFO:              gradio: Not installed
2025-09-20 12:00:55,476:INFO:             fastapi: Not installed
2025-09-20 12:00:55,476:INFO:             uvicorn: Not installed
2025-09-20 12:00:55,476:INFO:              m2cgen: Not installed
2025-09-20 12:00:55,476:INFO:           evidently: Not installed
2025-09-20 12:00:55,476:INFO:               fugue: Not installed
2025-09-20 12:00:55,476:INFO:           streamlit: Not installed
2025-09-20 12:00:55,476:INFO:             prophet: Not installed
2025-09-20 12:00:55,476:INFO:None
2025-09-20 12:00:55,477:INFO:Set up data.
2025-09-20 12:00:55,479:INFO:Set up index.
2025-09-20 12:00:55,479:INFO:Assigning column types.
2025-09-20 12:00:55,482:INFO:Engine successfully changes for model 'kmeans' to 'sklearn'.
2025-09-20 12:00:56,102:INFO:Engine successfully changes for model 'dbscan' to 'sklearn'.
2025-09-20 12:00:56,105:INFO:Preparing preprocessing pipeline...
2025-09-20 12:00:56,106:INFO:Set up simple imputation.
2025-09-20 12:00:56,124:INFO:Finished creating preprocessing pipeline.
2025-09-20 12:00:56,130:INFO:Pipeline: Pipeline(memory=FastMemory(location=C:\Users\USERB-PC\AppData\Local\Temp\joblib),
         steps=[('numerical_imputer',
                 TransformerWrapper(include=['sepal length', 'sepal width',
                                             'petal length', 'petal width'],
                                    transformer=SimpleImputer())),
                ('categorical_imputer',
                 TransformerWrapper(include=[],
                                    transformer=SimpleImputer(strategy='most_frequent')))])
2025-09-20 12:00:56,130:INFO:Creating final display dataframe.
2025-09-20 12:00:56,145:INFO:Setup _display_container:                Description                 Value
0               Session id                  8743
1      Original data shape              (150, 4)
2   Transformed data shape              (150, 4)
3         Numeric features                     4
4               Preprocess                  True
5          Imputation type                simple
6       Numeric imputation                  mean
7   Categorical imputation                  mode
8                 CPU Jobs                    -1
9                  Use GPU                 False
10          Log Experiment                 False
11         Experiment Name  anomaly-default-name
12                     USI                  00df
2025-09-20 12:00:56,154:INFO:setup() successfully completed in 0.78s...............
2025-09-20 12:00:56,154:INFO:Initializing create_model()
2025-09-20 12:00:56,154:INFO:create_model(self=<pycaret.anomaly.oop.AnomalyExperiment object at 0x000002179EA6A040>, estimator=abod, num_clusters=4, fraction=0.05, ground_truth=None, round=4, fit_kwargs=None, experiment_custom_tags=None, verbose=True, system=True, add_to_model_list=True, raise_num_clusters=False, display=None, kwargs={})
2025-09-20 12:00:56,155:INFO:Checking exceptions
2025-09-20 12:00:56,196:INFO:Importing untrained model
2025-09-20 12:00:56,201:INFO:Angle-base Outlier Detection Imported successfully
2025-09-20 12:00:56,206:INFO:Fitting Model
2025-09-20 12:00:58,329:INFO:ABOD(contamination=0.05, method='fast', n_neighbors=5)
2025-09-20 12:00:58,329:INFO:create_models() successfully completed......................................
2025-09-20 12:00:58,333:INFO:Uploading results into container
2025-09-20 12:00:58,334:INFO:Uploading model into container now
2025-09-20 12:00:58,337:INFO:_master_model_container: 1
2025-09-20 12:00:58,337:INFO:_display_container: 1
2025-09-20 12:00:58,337:INFO:ABOD(contamination=0.05, method='fast', n_neighbors=5)
2025-09-20 12:00:58,337:INFO:create_model() successfully completed......................................
2025-09-20 12:00:58,423:INFO:Initializing assign_model()
2025-09-20 12:00:58,424:INFO:assign_model(self=<pycaret.anomaly.oop.AnomalyExperiment object at 0x000002179EA6A040>, model=ABOD(contamination=0.05, method='fast', n_neighbors=5), transformation=False, score=True, verbose=True)
2025-09-20 12:00:58,424:INFO:Checking exceptions
2025-09-20 12:00:58,424:INFO:Determining Trained Model
2025-09-20 12:00:58,424:INFO:Trained Model : Angle-base Outlier Detection
2025-09-20 12:00:58,424:INFO:Copying data
2025-09-20 12:00:58,427:INFO:(150, 6)
2025-09-20 12:00:58,427:INFO:assign_model() successfully completed......................................
2025-09-20 12:03:35,250:WARNING:
'cuml' is a soft dependency and not included in the pycaret installation. Please run: `pip install cuml` to install.
2025-09-20 12:03:35,250:WARNING:
'cuml' is a soft dependency and not included in the pycaret installation. Please run: `pip install cuml` to install.
2025-09-20 12:03:35,250:WARNING:
'cuml' is a soft dependency and not included in the pycaret installation. Please run: `pip install cuml` to install.
2025-09-20 12:03:35,250:WARNING:
'cuml' is a soft dependency and not included in the pycaret installation. Please run: `pip install cuml` to install.
2025-09-20 12:03:36,086:INFO:PyCaret AnomalyExperiment
2025-09-20 12:03:36,086:INFO:Logging name: anomaly-default-name
2025-09-20 12:03:36,086:INFO:ML Usecase: MLUsecase.ANOMALY
2025-09-20 12:03:36,086:INFO:version 3.3.2
2025-09-20 12:03:36,087:INFO:Initializing setup()
2025-09-20 12:03:36,087:INFO:self.USI: 27f9
2025-09-20 12:03:36,087:INFO:self._variable_keys: {'pipeline', 'logging_param', 'gpu_n_jobs_param', 'idx', '_available_plots', '_ml_usecase', 'html_param', 'log_plots_param', 'data', 'X', 'exp_id', 'n_jobs_param', 'memory', 'USI', 'exp_name_log', 'seed', 'gpu_param'}
2025-09-20 12:03:36,087:INFO:Checking environment
2025-09-20 12:03:36,087:INFO:python_version: 3.9.0
2025-09-20 12:03:36,087:INFO:python_build: ('tags/v3.9.0:9cf6752', 'Oct  5 2020 15:34:40')
2025-09-20 12:03:36,087:INFO:machine: AMD64
2025-09-20 12:03:36,087:INFO:platform: Windows-10-10.0.19041-SP0
2025-09-20 12:03:36,089:INFO:Memory: svmem(total=8464662528, available=1100517376, percent=87.0, used=7364145152, free=1100517376)
2025-09-20 12:03:36,089:INFO:Physical Core: 2
2025-09-20 12:03:36,089:INFO:Logical Core: 4
2025-09-20 12:03:36,090:INFO:Checking libraries
2025-09-20 12:03:36,090:INFO:System:
2025-09-20 12:03:36,090:INFO:    python: 3.9.0 (tags/v3.9.0:9cf6752, Oct  5 2020, 15:34:40) [MSC v.1927 64 bit (AMD64)]
2025-09-20 12:03:36,090:INFO:executable: C:\Users\USERB-PC\AppData\Local\Programs\Python\Python39\python.exe
2025-09-20 12:03:36,090:INFO:   machine: Windows-10-10.0.19041-SP0
2025-09-20 12:03:36,090:INFO:PyCaret required dependencies:
2025-09-20 12:03:36,175:INFO:                 pip: 25.2
2025-09-20 12:03:36,175:INFO:          setuptools: 49.2.1
2025-09-20 12:03:36,175:INFO:             pycaret: 3.3.2
2025-09-20 12:03:36,175:INFO:             IPython: 8.18.1
2025-09-20 12:03:36,175:INFO:          ipywidgets: 8.1.7
2025-09-20 12:03:36,175:INFO:                tqdm: 4.67.1
2025-09-20 12:03:36,175:INFO:               numpy: 1.24.3
2025-09-20 12:03:36,175:INFO:              pandas: 2.0.3
2025-09-20 12:03:36,175:INFO:              jinja2: 3.1.5
2025-09-20 12:03:36,175:INFO:               scipy: 1.11.4
2025-09-20 12:03:36,175:INFO:              joblib: 1.3.2
2025-09-20 12:03:36,175:INFO:             sklearn: 1.4.2
2025-09-20 12:03:36,175:INFO:                pyod: 2.0.5
2025-09-20 12:03:36,176:INFO:            imblearn: 0.12.4
2025-09-20 12:03:36,176:INFO:   category_encoders: 2.6.4
2025-09-20 12:03:36,176:INFO:            lightgbm: 4.6.0
2025-09-20 12:03:36,176:INFO:               numba: 0.60.0
2025-09-20 12:03:36,176:INFO:            requests: 2.32.3
2025-09-20 12:03:36,176:INFO:          matplotlib: 3.7.2
2025-09-20 12:03:36,176:INFO:          scikitplot: 0.3.7
2025-09-20 12:03:36,176:INFO:         yellowbrick: 1.5
2025-09-20 12:03:36,176:INFO:              plotly: 6.3.0
2025-09-20 12:03:36,176:INFO:    plotly-resampler: Not installed
2025-09-20 12:03:36,176:INFO:             kaleido: 1.1.0
2025-09-20 12:03:36,176:INFO:           schemdraw: 0.15
2025-09-20 12:03:36,176:INFO:         statsmodels: 0.14.5
2025-09-20 12:03:36,176:INFO:              sktime: 0.26.0
2025-09-20 12:03:36,176:INFO:               tbats: 1.1.3
2025-09-20 12:03:36,176:INFO:            pmdarima: 2.0.4
2025-09-20 12:03:36,176:INFO:              psutil: 7.0.0
2025-09-20 12:03:36,176:INFO:          markupsafe: 3.0.2
2025-09-20 12:03:36,177:INFO:             pickle5: Not installed
2025-09-20 12:03:36,177:INFO:         cloudpickle: 3.1.1
2025-09-20 12:03:36,177:INFO:         deprecation: 2.1.0
2025-09-20 12:03:36,177:INFO:              xxhash: 3.5.0
2025-09-20 12:03:36,177:INFO:           wurlitzer: Not installed
2025-09-20 12:03:36,177:INFO:PyCaret optional dependencies:
2025-09-20 12:03:36,190:INFO:                shap: Not installed
2025-09-20 12:03:36,190:INFO:           interpret: Not installed
2025-09-20 12:03:36,190:INFO:                umap: Not installed
2025-09-20 12:03:36,190:INFO:     ydata_profiling: Not installed
2025-09-20 12:03:36,190:INFO:  explainerdashboard: Not installed
2025-09-20 12:03:36,190:INFO:             autoviz: Not installed
2025-09-20 12:03:36,190:INFO:           fairlearn: Not installed
2025-09-20 12:03:36,190:INFO:          deepchecks: Not installed
2025-09-20 12:03:36,191:INFO:             xgboost: Not installed
2025-09-20 12:03:36,191:INFO:            catboost: Not installed
2025-09-20 12:03:36,191:INFO:              kmodes: Not installed
2025-09-20 12:03:36,191:INFO:             mlxtend: 0.23.4
2025-09-20 12:03:36,191:INFO:       statsforecast: Not installed
2025-09-20 12:03:36,191:INFO:        tune_sklearn: Not installed
2025-09-20 12:03:36,191:INFO:                 ray: Not installed
2025-09-20 12:03:36,191:INFO:            hyperopt: Not installed
2025-09-20 12:03:36,191:INFO:              optuna: Not installed
2025-09-20 12:03:36,191:INFO:               skopt: Not installed
2025-09-20 12:03:36,191:INFO:              mlflow: Not installed
2025-09-20 12:03:36,191:INFO:              gradio: Not installed
2025-09-20 12:03:36,191:INFO:             fastapi: Not installed
2025-09-20 12:03:36,191:INFO:             uvicorn: Not installed
2025-09-20 12:03:36,191:INFO:              m2cgen: Not installed
2025-09-20 12:03:36,191:INFO:           evidently: Not installed
2025-09-20 12:03:36,191:INFO:               fugue: Not installed
2025-09-20 12:03:36,191:INFO:           streamlit: Not installed
2025-09-20 12:03:36,192:INFO:             prophet: Not installed
2025-09-20 12:03:36,192:INFO:None
2025-09-20 12:03:36,192:INFO:Set up data.
2025-09-20 12:03:36,195:INFO:Set up index.
2025-09-20 12:03:36,195:INFO:Assigning column types.
2025-09-20 12:03:36,197:INFO:Engine successfully changes for model 'kmeans' to 'sklearn'.
2025-09-20 12:03:36,805:INFO:Engine successfully changes for model 'dbscan' to 'sklearn'.
2025-09-20 12:03:36,808:INFO:Preparing preprocessing pipeline...
2025-09-20 12:03:36,808:INFO:Set up simple imputation.
2025-09-20 12:03:36,824:INFO:Finished creating preprocessing pipeline.
2025-09-20 12:03:36,829:INFO:Pipeline: Pipeline(memory=FastMemory(location=C:\Users\USERB-PC\AppData\Local\Temp\joblib),
         steps=[('numerical_imputer',
                 TransformerWrapper(include=['sepal length', 'sepal width',
                                             'petal length', 'petal width'],
                                    transformer=SimpleImputer())),
                ('categorical_imputer',
                 TransformerWrapper(include=[],
                                    transformer=SimpleImputer(strategy='most_frequent')))])
2025-09-20 12:03:36,829:INFO:Creating final display dataframe.
2025-09-20 12:03:36,845:INFO:Setup _display_container:                Description                 Value
0               Session id                   754
1      Original data shape              (150, 4)
2   Transformed data shape              (150, 4)
3         Numeric features                     4
4               Preprocess                  True
5          Imputation type                simple
6       Numeric imputation                  mean
7   Categorical imputation                  mode
8                 CPU Jobs                    -1
9                  Use GPU                 False
10          Log Experiment                 False
11         Experiment Name  anomaly-default-name
12                     USI                  27f9
2025-09-20 12:03:36,854:INFO:setup() successfully completed in 0.77s...............
2025-09-20 12:03:36,854:INFO:Initializing create_model()
2025-09-20 12:03:36,854:INFO:create_model(self=<pycaret.anomaly.oop.AnomalyExperiment object at 0x000001C455C7B040>, estimator=abod, num_clusters=4, fraction=0.05, ground_truth=None, round=4, fit_kwargs=None, experiment_custom_tags=None, verbose=True, system=True, add_to_model_list=True, raise_num_clusters=False, display=None, kwargs={})
2025-09-20 12:03:36,855:INFO:Checking exceptions
2025-09-20 12:03:36,896:INFO:Importing untrained model
2025-09-20 12:03:36,901:INFO:Angle-base Outlier Detection Imported successfully
2025-09-20 12:03:36,906:INFO:Fitting Model
2025-09-20 12:03:38,853:INFO:ABOD(contamination=0.05, method='fast', n_neighbors=5)
2025-09-20 12:03:38,854:INFO:create_models() successfully completed......................................
2025-09-20 12:03:38,858:INFO:Uploading results into container
2025-09-20 12:03:38,858:INFO:Uploading model into container now
2025-09-20 12:03:38,861:INFO:_master_model_container: 1
2025-09-20 12:03:38,862:INFO:_display_container: 1
2025-09-20 12:03:38,862:INFO:ABOD(contamination=0.05, method='fast', n_neighbors=5)
2025-09-20 12:03:38,862:INFO:create_model() successfully completed......................................
2025-09-20 12:03:38,948:INFO:Initializing assign_model()
2025-09-20 12:03:38,948:INFO:assign_model(self=<pycaret.anomaly.oop.AnomalyExperiment object at 0x000001C455C7B040>, model=ABOD(contamination=0.05, method='fast', n_neighbors=5), transformation=False, score=True, verbose=True)
2025-09-20 12:03:38,948:INFO:Checking exceptions
2025-09-20 12:03:38,948:INFO:Determining Trained Model
2025-09-20 12:03:38,948:INFO:Trained Model : Angle-base Outlier Detection
2025-09-20 12:03:38,948:INFO:Copying data
2025-09-20 12:03:38,950:INFO:(150, 6)
2025-09-20 12:03:38,950:INFO:assign_model() successfully completed......................................
2025-09-22 16:07:30,256:WARNING:
'cuml' is a soft dependency and not included in the pycaret installation. Please run: `pip install cuml` to install.
2025-09-22 16:07:30,257:WARNING:
'cuml' is a soft dependency and not included in the pycaret installation. Please run: `pip install cuml` to install.
2025-09-22 16:07:30,257:WARNING:
'cuml' is a soft dependency and not included in the pycaret installation. Please run: `pip install cuml` to install.
2025-09-22 16:07:30,257:WARNING:
'cuml' is a soft dependency and not included in the pycaret installation. Please run: `pip install cuml` to install.
2025-09-22 16:07:32,256:INFO:PyCaret AnomalyExperiment
2025-09-22 16:07:32,256:INFO:Logging name: anomaly-default-name
2025-09-22 16:07:32,256:INFO:ML Usecase: MLUsecase.ANOMALY
2025-09-22 16:07:32,256:INFO:version 3.3.2
2025-09-22 16:07:32,257:INFO:Initializing setup()
2025-09-22 16:07:32,257:INFO:self.USI: d278
2025-09-22 16:07:32,257:INFO:self._variable_keys: {'memory', 'pipeline', 'gpu_n_jobs_param', 'seed', '_ml_usecase', 'n_jobs_param', 'exp_id', 'USI', 'exp_name_log', 'log_plots_param', 'gpu_param', 'logging_param', 'html_param', 'data', 'X', '_available_plots', 'idx'}
2025-09-22 16:07:32,257:INFO:Checking environment
2025-09-22 16:07:32,257:INFO:python_version: 3.9.0
2025-09-22 16:07:32,257:INFO:python_build: ('tags/v3.9.0:9cf6752', 'Oct  5 2020 15:34:40')
2025-09-22 16:07:32,257:INFO:machine: AMD64
2025-09-22 16:07:32,257:INFO:platform: Windows-10-10.0.19041-SP0
2025-09-22 16:07:32,260:INFO:Memory: svmem(total=8464662528, available=731586560, percent=91.4, used=7733075968, free=731586560)
2025-09-22 16:07:32,260:INFO:Physical Core: 2
2025-09-22 16:07:32,260:INFO:Logical Core: 4
2025-09-22 16:07:32,260:INFO:Checking libraries
2025-09-22 16:07:32,260:INFO:System:
2025-09-22 16:07:32,260:INFO:    python: 3.9.0 (tags/v3.9.0:9cf6752, Oct  5 2020, 15:34:40) [MSC v.1927 64 bit (AMD64)]
2025-09-22 16:07:32,260:INFO:executable: C:\Users\USERB-PC\AppData\Local\Programs\Python\Python39\python.exe
2025-09-22 16:07:32,261:INFO:   machine: Windows-10-10.0.19041-SP0
2025-09-22 16:07:32,261:INFO:PyCaret required dependencies:
2025-09-22 16:07:32,422:INFO:                 pip: 25.2
2025-09-22 16:07:32,423:INFO:          setuptools: 49.2.1
2025-09-22 16:07:32,423:INFO:             pycaret: 3.3.2
2025-09-22 16:07:32,423:INFO:             IPython: 8.18.1
2025-09-22 16:07:32,423:INFO:          ipywidgets: 8.1.7
2025-09-22 16:07:32,423:INFO:                tqdm: 4.67.1
2025-09-22 16:07:32,423:INFO:               numpy: 1.24.3
2025-09-22 16:07:32,423:INFO:              pandas: 2.0.3
2025-09-22 16:07:32,423:INFO:              jinja2: 3.1.5
2025-09-22 16:07:32,423:INFO:               scipy: 1.11.4
2025-09-22 16:07:32,423:INFO:              joblib: 1.3.2
2025-09-22 16:07:32,423:INFO:             sklearn: 1.4.2
2025-09-22 16:07:32,423:INFO:                pyod: 2.0.5
2025-09-22 16:07:32,423:INFO:            imblearn: 0.12.4
2025-09-22 16:07:32,423:INFO:   category_encoders: 2.6.4
2025-09-22 16:07:32,423:INFO:            lightgbm: 4.6.0
2025-09-22 16:07:32,423:INFO:               numba: 0.60.0
2025-09-22 16:07:32,423:INFO:            requests: 2.32.3
2025-09-22 16:07:32,423:INFO:          matplotlib: 3.7.2
2025-09-22 16:07:32,424:INFO:          scikitplot: 0.3.7
2025-09-22 16:07:32,424:INFO:         yellowbrick: 1.5
2025-09-22 16:07:32,424:INFO:              plotly: 6.3.0
2025-09-22 16:07:32,424:INFO:    plotly-resampler: Not installed
2025-09-22 16:07:32,424:INFO:             kaleido: 1.1.0
2025-09-22 16:07:32,424:INFO:           schemdraw: 0.15
2025-09-22 16:07:32,424:INFO:         statsmodels: 0.14.5
2025-09-22 16:07:32,424:INFO:              sktime: 0.26.0
2025-09-22 16:07:32,424:INFO:               tbats: 1.1.3
2025-09-22 16:07:32,424:INFO:            pmdarima: 2.0.4
2025-09-22 16:07:32,424:INFO:              psutil: 7.0.0
2025-09-22 16:07:32,424:INFO:          markupsafe: 3.0.2
2025-09-22 16:07:32,424:INFO:             pickle5: Not installed
2025-09-22 16:07:32,424:INFO:         cloudpickle: 3.1.1
2025-09-22 16:07:32,424:INFO:         deprecation: 2.1.0
2025-09-22 16:07:32,424:INFO:              xxhash: 3.5.0
2025-09-22 16:07:32,424:INFO:           wurlitzer: Not installed
2025-09-22 16:07:32,424:INFO:PyCaret optional dependencies:
2025-09-22 16:07:32,437:INFO:                shap: Not installed
2025-09-22 16:07:32,437:INFO:           interpret: Not installed
2025-09-22 16:07:32,437:INFO:                umap: Not installed
2025-09-22 16:07:32,437:INFO:     ydata_profiling: Not installed
2025-09-22 16:07:32,437:INFO:  explainerdashboard: Not installed
2025-09-22 16:07:32,437:INFO:             autoviz: Not installed
2025-09-22 16:07:32,437:INFO:           fairlearn: Not installed
2025-09-22 16:07:32,438:INFO:          deepchecks: Not installed
2025-09-22 16:07:32,438:INFO:             xgboost: Not installed
2025-09-22 16:07:32,438:INFO:            catboost: Not installed
2025-09-22 16:07:32,438:INFO:              kmodes: Not installed
2025-09-22 16:07:32,438:INFO:             mlxtend: 0.23.4
2025-09-22 16:07:32,438:INFO:       statsforecast: Not installed
2025-09-22 16:07:32,438:INFO:        tune_sklearn: Not installed
2025-09-22 16:07:32,438:INFO:                 ray: Not installed
2025-09-22 16:07:32,438:INFO:            hyperopt: Not installed
2025-09-22 16:07:32,438:INFO:              optuna: Not installed
2025-09-22 16:07:32,438:INFO:               skopt: Not installed
2025-09-22 16:07:32,438:INFO:              mlflow: Not installed
2025-09-22 16:07:32,438:INFO:              gradio: Not installed
2025-09-22 16:07:32,438:INFO:             fastapi: Not installed
2025-09-22 16:07:32,438:INFO:             uvicorn: Not installed
2025-09-22 16:07:32,438:INFO:              m2cgen: Not installed
2025-09-22 16:07:32,438:INFO:           evidently: Not installed
2025-09-22 16:07:32,438:INFO:               fugue: Not installed
2025-09-22 16:07:32,438:INFO:           streamlit: Not installed
2025-09-22 16:07:32,438:INFO:             prophet: Not installed
2025-09-22 16:07:32,438:INFO:None
2025-09-22 16:07:32,439:INFO:Set up data.
2025-09-22 16:07:32,442:INFO:Set up index.
2025-09-22 16:07:32,442:INFO:Assigning column types.
2025-09-22 16:07:32,446:INFO:Engine successfully changes for model 'kmeans' to 'sklearn'.
2025-09-22 16:07:34,497:INFO:Engine successfully changes for model 'dbscan' to 'sklearn'.
2025-09-22 16:07:34,540:INFO:Preparing preprocessing pipeline...
2025-09-22 16:07:34,540:INFO:Set up simple imputation.
2025-09-22 16:07:34,561:INFO:Finished creating preprocessing pipeline.
2025-09-22 16:07:34,567:INFO:Pipeline: Pipeline(memory=FastMemory(location=C:\Users\USERB-PC\AppData\Local\Temp\joblib),
         steps=[('numerical_imputer',
                 TransformerWrapper(include=['sepal length', 'sepal width',
                                             'petal length', 'petal width'],
                                    transformer=SimpleImputer())),
                ('categorical_imputer',
                 TransformerWrapper(include=[],
                                    transformer=SimpleImputer(strategy='most_frequent')))])
2025-09-22 16:07:34,568:INFO:Creating final display dataframe.
2025-09-22 16:07:34,586:INFO:Setup _display_container:                Description                 Value
0               Session id                  4028
1      Original data shape              (150, 4)
2   Transformed data shape              (150, 4)
3         Numeric features                     4
4               Preprocess                  True
5          Imputation type                simple
6       Numeric imputation                  mean
7   Categorical imputation                  mode
8                 CPU Jobs                    -1
9                  Use GPU                 False
10          Log Experiment                 False
11         Experiment Name  anomaly-default-name
12                     USI                  d278
2025-09-22 16:07:34,597:INFO:setup() successfully completed in 2.34s...............
2025-09-22 16:07:34,597:INFO:Initializing create_model()
2025-09-22 16:07:34,597:INFO:create_model(self=<pycaret.anomaly.oop.AnomalyExperiment object at 0x00000238E0DC1460>, estimator=abod, num_clusters=4, fraction=0.05, ground_truth=None, round=4, fit_kwargs=None, experiment_custom_tags=None, verbose=True, system=True, add_to_model_list=True, raise_num_clusters=False, display=None, kwargs={})
2025-09-22 16:07:34,598:INFO:Checking exceptions
2025-09-22 16:07:34,638:INFO:Importing untrained model
2025-09-22 16:07:34,643:INFO:Angle-base Outlier Detection Imported successfully
2025-09-22 16:07:34,649:INFO:Fitting Model
2025-09-22 16:07:37,182:INFO:ABOD(contamination=0.05, method='fast', n_neighbors=5)
2025-09-22 16:07:37,183:INFO:create_models() successfully completed......................................
2025-09-22 16:07:37,187:INFO:Uploading results into container
2025-09-22 16:07:37,187:INFO:Uploading model into container now
2025-09-22 16:07:37,190:INFO:_master_model_container: 1
2025-09-22 16:07:37,191:INFO:_display_container: 1
2025-09-22 16:07:37,191:INFO:ABOD(contamination=0.05, method='fast', n_neighbors=5)
2025-09-22 16:07:37,191:INFO:create_model() successfully completed......................................
2025-09-22 16:07:37,282:INFO:Initializing assign_model()
2025-09-22 16:07:37,283:INFO:assign_model(self=<pycaret.anomaly.oop.AnomalyExperiment object at 0x00000238E0DC1460>, model=ABOD(contamination=0.05, method='fast', n_neighbors=5), transformation=False, score=True, verbose=True)
2025-09-22 16:07:37,283:INFO:Checking exceptions
2025-09-22 16:07:37,283:INFO:Determining Trained Model
2025-09-22 16:07:37,283:INFO:Trained Model : Angle-base Outlier Detection
2025-09-22 16:07:37,283:INFO:Copying data
2025-09-22 16:07:37,285:INFO:(150, 6)
2025-09-22 16:07:37,285:INFO:assign_model() successfully completed......................................
2025-09-22 17:19:38,585:WARNING:
'cuml' is a soft dependency and not included in the pycaret installation. Please run: `pip install cuml` to install.
2025-09-22 17:19:38,585:WARNING:
'cuml' is a soft dependency and not included in the pycaret installation. Please run: `pip install cuml` to install.
2025-09-22 17:19:38,585:WARNING:
'cuml' is a soft dependency and not included in the pycaret installation. Please run: `pip install cuml` to install.
2025-09-22 17:19:38,585:WARNING:
'cuml' is a soft dependency and not included in the pycaret installation. Please run: `pip install cuml` to install.
2025-09-22 17:19:39,929:INFO:PyCaret AnomalyExperiment
2025-09-22 17:19:39,929:INFO:Logging name: anomaly-default-name
2025-09-22 17:19:39,929:INFO:ML Usecase: MLUsecase.ANOMALY
2025-09-22 17:19:39,929:INFO:version 3.3.2
2025-09-22 17:19:39,929:INFO:Initializing setup()
2025-09-22 17:19:39,929:INFO:self.USI: e6bb
2025-09-22 17:19:39,929:INFO:self._variable_keys: {'USI', 'html_param', 'logging_param', 'gpu_param', 'n_jobs_param', 'data', '_ml_usecase', 'pipeline', 'idx', 'memory', 'exp_id', 'exp_name_log', 'gpu_n_jobs_param', 'X', '_available_plots', 'log_plots_param', 'seed'}
2025-09-22 17:19:39,929:INFO:Checking environment
2025-09-22 17:19:39,929:INFO:python_version: 3.9.0
2025-09-22 17:19:39,929:INFO:python_build: ('tags/v3.9.0:9cf6752', 'Oct  5 2020 15:34:40')
2025-09-22 17:19:39,929:INFO:machine: AMD64
2025-09-22 17:19:39,929:INFO:platform: Windows-10-10.0.19041-SP0
2025-09-22 17:19:39,932:INFO:Memory: svmem(total=8464662528, available=1184927744, percent=86.0, used=7279734784, free=1184927744)
2025-09-22 17:19:39,932:INFO:Physical Core: 2
2025-09-22 17:19:39,933:INFO:Logical Core: 4
2025-09-22 17:19:39,933:INFO:Checking libraries
2025-09-22 17:19:39,933:INFO:System:
2025-09-22 17:19:39,933:INFO:    python: 3.9.0 (tags/v3.9.0:9cf6752, Oct  5 2020, 15:34:40) [MSC v.1927 64 bit (AMD64)]
2025-09-22 17:19:39,933:INFO:executable: C:\Users\USERB-PC\AppData\Local\Programs\Python\Python39\python.exe
2025-09-22 17:19:39,933:INFO:   machine: Windows-10-10.0.19041-SP0
2025-09-22 17:19:39,933:INFO:PyCaret required dependencies:
2025-09-22 17:19:40,028:INFO:                 pip: 25.2
2025-09-22 17:19:40,028:INFO:          setuptools: 49.2.1
2025-09-22 17:19:40,028:INFO:             pycaret: 3.3.2
2025-09-22 17:19:40,028:INFO:             IPython: 8.18.1
2025-09-22 17:19:40,029:INFO:          ipywidgets: 8.1.7
2025-09-22 17:19:40,029:INFO:                tqdm: 4.67.1
2025-09-22 17:19:40,029:INFO:               numpy: 1.24.3
2025-09-22 17:19:40,029:INFO:              pandas: 2.0.3
2025-09-22 17:19:40,029:INFO:              jinja2: 3.1.5
2025-09-22 17:19:40,029:INFO:               scipy: 1.11.4
2025-09-22 17:19:40,029:INFO:              joblib: 1.3.2
2025-09-22 17:19:40,029:INFO:             sklearn: 1.4.2
2025-09-22 17:19:40,029:INFO:                pyod: 2.0.5
2025-09-22 17:19:40,029:INFO:            imblearn: 0.12.4
2025-09-22 17:19:40,029:INFO:   category_encoders: 2.6.4
2025-09-22 17:19:40,029:INFO:            lightgbm: 4.6.0
2025-09-22 17:19:40,029:INFO:               numba: 0.60.0
2025-09-22 17:19:40,029:INFO:            requests: 2.32.3
2025-09-22 17:19:40,029:INFO:          matplotlib: 3.7.2
2025-09-22 17:19:40,029:INFO:          scikitplot: 0.3.7
2025-09-22 17:19:40,029:INFO:         yellowbrick: 1.5
2025-09-22 17:19:40,029:INFO:              plotly: 6.3.0
2025-09-22 17:19:40,029:INFO:    plotly-resampler: Not installed
2025-09-22 17:19:40,030:INFO:             kaleido: 1.1.0
2025-09-22 17:19:40,030:INFO:           schemdraw: 0.15
2025-09-22 17:19:40,030:INFO:         statsmodels: 0.14.5
2025-09-22 17:19:40,030:INFO:              sktime: 0.26.0
2025-09-22 17:19:40,030:INFO:               tbats: 1.1.3
2025-09-22 17:19:40,030:INFO:            pmdarima: 2.0.4
2025-09-22 17:19:40,030:INFO:              psutil: 7.0.0
2025-09-22 17:19:40,030:INFO:          markupsafe: 3.0.2
2025-09-22 17:19:40,030:INFO:             pickle5: Not installed
2025-09-22 17:19:40,030:INFO:         cloudpickle: 3.1.1
2025-09-22 17:19:40,030:INFO:         deprecation: 2.1.0
2025-09-22 17:19:40,030:INFO:              xxhash: 3.5.0
2025-09-22 17:19:40,030:INFO:           wurlitzer: Not installed
2025-09-22 17:19:40,030:INFO:PyCaret optional dependencies:
2025-09-22 17:19:40,043:INFO:                shap: Not installed
2025-09-22 17:19:40,043:INFO:           interpret: Not installed
2025-09-22 17:19:40,043:INFO:                umap: Not installed
2025-09-22 17:19:40,043:INFO:     ydata_profiling: Not installed
2025-09-22 17:19:40,043:INFO:  explainerdashboard: Not installed
2025-09-22 17:19:40,044:INFO:             autoviz: Not installed
2025-09-22 17:19:40,044:INFO:           fairlearn: Not installed
2025-09-22 17:19:40,044:INFO:          deepchecks: Not installed
2025-09-22 17:19:40,044:INFO:             xgboost: Not installed
2025-09-22 17:19:40,044:INFO:            catboost: Not installed
2025-09-22 17:19:40,044:INFO:              kmodes: Not installed
2025-09-22 17:19:40,044:INFO:             mlxtend: 0.23.4
2025-09-22 17:19:40,044:INFO:       statsforecast: Not installed
2025-09-22 17:19:40,044:INFO:        tune_sklearn: Not installed
2025-09-22 17:19:40,044:INFO:                 ray: Not installed
2025-09-22 17:19:40,044:INFO:            hyperopt: Not installed
2025-09-22 17:19:40,044:INFO:              optuna: Not installed
2025-09-22 17:19:40,044:INFO:               skopt: Not installed
2025-09-22 17:19:40,044:INFO:              mlflow: Not installed
2025-09-22 17:19:40,044:INFO:              gradio: Not installed
2025-09-22 17:19:40,044:INFO:             fastapi: Not installed
2025-09-22 17:19:40,044:INFO:             uvicorn: Not installed
2025-09-22 17:19:40,045:INFO:              m2cgen: Not installed
2025-09-22 17:19:40,045:INFO:           evidently: Not installed
2025-09-22 17:19:40,045:INFO:               fugue: Not installed
2025-09-22 17:19:40,045:INFO:           streamlit: Not installed
2025-09-22 17:19:40,045:INFO:             prophet: Not installed
2025-09-22 17:19:40,045:INFO:None
2025-09-22 17:19:40,045:INFO:Set up data.
2025-09-22 17:19:40,048:INFO:Set up index.
2025-09-22 17:19:40,048:INFO:Assigning column types.
2025-09-22 17:19:40,051:INFO:Engine successfully changes for model 'kmeans' to 'sklearn'.
2025-09-22 17:19:40,903:INFO:Engine successfully changes for model 'dbscan' to 'sklearn'.
2025-09-22 17:19:40,906:INFO:Preparing preprocessing pipeline...
2025-09-22 17:19:40,906:INFO:Set up simple imputation.
2025-09-22 17:19:40,989:INFO:Finished creating preprocessing pipeline.
2025-09-22 17:19:40,996:INFO:Pipeline: Pipeline(memory=FastMemory(location=C:\Users\USERB-PC\AppData\Local\Temp\joblib),
         steps=[('numerical_imputer',
                 TransformerWrapper(include=['sepal length', 'sepal width',
                                             'petal length', 'petal width'],
                                    transformer=SimpleImputer())),
                ('categorical_imputer',
                 TransformerWrapper(include=[],
                                    transformer=SimpleImputer(strategy='most_frequent')))])
2025-09-22 17:19:40,997:INFO:Creating final display dataframe.
2025-09-22 17:19:41,025:INFO:Setup _display_container:                Description                 Value
0               Session id                  1322
1      Original data shape              (150, 4)
2   Transformed data shape              (150, 4)
3         Numeric features                     4
4               Preprocess                  True
5          Imputation type                simple
6       Numeric imputation                  mean
7   Categorical imputation                  mode
8                 CPU Jobs                    -1
9                  Use GPU                 False
10          Log Experiment                 False
11         Experiment Name  anomaly-default-name
12                     USI                  e6bb
2025-09-22 17:19:41,036:INFO:setup() successfully completed in 1.11s...............
2025-09-22 17:19:41,036:INFO:Initializing create_model()
2025-09-22 17:19:41,037:INFO:create_model(self=<pycaret.anomaly.oop.AnomalyExperiment object at 0x000001F72FD9F250>, estimator=abod, num_clusters=4, fraction=0.05, ground_truth=None, round=4, fit_kwargs=None, experiment_custom_tags=None, verbose=True, system=True, add_to_model_list=True, raise_num_clusters=False, display=None, kwargs={})
2025-09-22 17:19:41,037:INFO:Checking exceptions
2025-09-22 17:19:41,080:INFO:Importing untrained model
2025-09-22 17:19:41,085:INFO:Angle-base Outlier Detection Imported successfully
2025-09-22 17:19:41,091:INFO:Fitting Model
2025-09-22 17:19:43,473:INFO:ABOD(contamination=0.05, method='fast', n_neighbors=5)
2025-09-22 17:19:43,473:INFO:create_models() successfully completed......................................
2025-09-22 17:19:43,477:INFO:Uploading results into container
2025-09-22 17:19:43,477:INFO:Uploading model into container now
2025-09-22 17:19:43,481:INFO:_master_model_container: 1
2025-09-22 17:19:43,481:INFO:_display_container: 1
2025-09-22 17:19:43,481:INFO:ABOD(contamination=0.05, method='fast', n_neighbors=5)
2025-09-22 17:19:43,482:INFO:create_model() successfully completed......................................
2025-09-22 17:19:43,583:INFO:Initializing assign_model()
2025-09-22 17:19:43,583:INFO:assign_model(self=<pycaret.anomaly.oop.AnomalyExperiment object at 0x000001F72FD9F250>, model=ABOD(contamination=0.05, method='fast', n_neighbors=5), transformation=False, score=True, verbose=True)
2025-09-22 17:19:43,584:INFO:Checking exceptions
2025-09-22 17:19:43,585:INFO:Determining Trained Model
2025-09-22 17:19:43,585:INFO:Trained Model : Angle-base Outlier Detection
2025-09-22 17:19:43,585:INFO:Copying data
2025-09-22 17:19:43,588:INFO:(150, 6)
2025-09-22 17:19:43,588:INFO:assign_model() successfully completed......................................
2025-09-22 19:51:17,167:WARNING:
'cuml' is a soft dependency and not included in the pycaret installation. Please run: `pip install cuml` to install.
2025-09-22 19:51:17,167:WARNING:
'cuml' is a soft dependency and not included in the pycaret installation. Please run: `pip install cuml` to install.
2025-09-22 19:51:17,168:WARNING:
'cuml' is a soft dependency and not included in the pycaret installation. Please run: `pip install cuml` to install.
2025-09-22 19:51:17,168:WARNING:
'cuml' is a soft dependency and not included in the pycaret installation. Please run: `pip install cuml` to install.
2025-09-22 19:51:18,491:INFO:PyCaret AnomalyExperiment
2025-09-22 19:51:18,491:INFO:Logging name: anomaly-default-name
2025-09-22 19:51:18,491:INFO:ML Usecase: MLUsecase.ANOMALY
2025-09-22 19:51:18,492:INFO:version 3.3.2
2025-09-22 19:51:18,492:INFO:Initializing setup()
2025-09-22 19:51:18,492:INFO:self.USI: b679
2025-09-22 19:51:18,492:INFO:self._variable_keys: {'_ml_usecase', 'seed', 'log_plots_param', 'html_param', 'X', 'gpu_n_jobs_param', 'USI', 'idx', '_available_plots', 'exp_name_log', 'n_jobs_param', 'pipeline', 'data', 'exp_id', 'memory', 'gpu_param', 'logging_param'}
2025-09-22 19:51:18,492:INFO:Checking environment
2025-09-22 19:51:18,492:INFO:python_version: 3.9.0
2025-09-22 19:51:18,492:INFO:python_build: ('tags/v3.9.0:9cf6752', 'Oct  5 2020 15:34:40')
2025-09-22 19:51:18,492:INFO:machine: AMD64
2025-09-22 19:51:18,492:INFO:platform: Windows-10-10.0.19041-SP0
2025-09-22 19:51:18,495:INFO:Memory: svmem(total=8464662528, available=399319040, percent=95.3, used=8065343488, free=399319040)
2025-09-22 19:51:18,495:INFO:Physical Core: 2
2025-09-22 19:51:18,495:INFO:Logical Core: 4
2025-09-22 19:51:18,495:INFO:Checking libraries
2025-09-22 19:51:18,495:INFO:System:
2025-09-22 19:51:18,495:INFO:    python: 3.9.0 (tags/v3.9.0:9cf6752, Oct  5 2020, 15:34:40) [MSC v.1927 64 bit (AMD64)]
2025-09-22 19:51:18,495:INFO:executable: C:\Users\USERB-PC\AppData\Local\Programs\Python\Python39\python.exe
2025-09-22 19:51:18,495:INFO:   machine: Windows-10-10.0.19041-SP0
2025-09-22 19:51:18,495:INFO:PyCaret required dependencies:
2025-09-22 19:51:18,597:INFO:                 pip: 25.2
2025-09-22 19:51:18,597:INFO:          setuptools: 49.2.1
2025-09-22 19:51:18,597:INFO:             pycaret: 3.3.2
2025-09-22 19:51:18,597:INFO:             IPython: 8.18.1
2025-09-22 19:51:18,597:INFO:          ipywidgets: 8.1.7
2025-09-22 19:51:18,597:INFO:                tqdm: 4.67.1
2025-09-22 19:51:18,597:INFO:               numpy: 1.24.3
2025-09-22 19:51:18,597:INFO:              pandas: 2.0.3
2025-09-22 19:51:18,597:INFO:              jinja2: 3.1.5
2025-09-22 19:51:18,597:INFO:               scipy: 1.11.4
2025-09-22 19:51:18,597:INFO:              joblib: 1.3.2
2025-09-22 19:51:18,597:INFO:             sklearn: 1.4.2
2025-09-22 19:51:18,597:INFO:                pyod: 2.0.5
2025-09-22 19:51:18,597:INFO:            imblearn: 0.12.4
2025-09-22 19:51:18,597:INFO:   category_encoders: 2.6.4
2025-09-22 19:51:18,597:INFO:            lightgbm: 4.6.0
2025-09-22 19:51:18,597:INFO:               numba: 0.60.0
2025-09-22 19:51:18,597:INFO:            requests: 2.32.3
2025-09-22 19:51:18,597:INFO:          matplotlib: 3.7.2
2025-09-22 19:51:18,597:INFO:          scikitplot: 0.3.7
2025-09-22 19:51:18,598:INFO:         yellowbrick: 1.5
2025-09-22 19:51:18,598:INFO:              plotly: 6.3.0
2025-09-22 19:51:18,598:INFO:    plotly-resampler: Not installed
2025-09-22 19:51:18,598:INFO:             kaleido: 1.1.0
2025-09-22 19:51:18,598:INFO:           schemdraw: 0.15
2025-09-22 19:51:18,598:INFO:         statsmodels: 0.14.5
2025-09-22 19:51:18,598:INFO:              sktime: 0.26.0
2025-09-22 19:51:18,598:INFO:               tbats: 1.1.3
2025-09-22 19:51:18,598:INFO:            pmdarima: 2.0.4
2025-09-22 19:51:18,598:INFO:              psutil: 7.0.0
2025-09-22 19:51:18,598:INFO:          markupsafe: 3.0.2
2025-09-22 19:51:18,598:INFO:             pickle5: Not installed
2025-09-22 19:51:18,598:INFO:         cloudpickle: 3.1.1
2025-09-22 19:51:18,599:INFO:         deprecation: 2.1.0
2025-09-22 19:51:18,599:INFO:              xxhash: 3.5.0
2025-09-22 19:51:18,599:INFO:           wurlitzer: Not installed
2025-09-22 19:51:18,599:INFO:PyCaret optional dependencies:
2025-09-22 19:51:18,611:INFO:                shap: Not installed
2025-09-22 19:51:18,611:INFO:           interpret: Not installed
2025-09-22 19:51:18,611:INFO:                umap: Not installed
2025-09-22 19:51:18,611:INFO:     ydata_profiling: Not installed
2025-09-22 19:51:18,611:INFO:  explainerdashboard: Not installed
2025-09-22 19:51:18,611:INFO:             autoviz: Not installed
2025-09-22 19:51:18,612:INFO:           fairlearn: Not installed
2025-09-22 19:51:18,612:INFO:          deepchecks: Not installed
2025-09-22 19:51:18,612:INFO:             xgboost: Not installed
2025-09-22 19:51:18,612:INFO:            catboost: Not installed
2025-09-22 19:51:18,612:INFO:              kmodes: Not installed
2025-09-22 19:51:18,612:INFO:             mlxtend: 0.23.4
2025-09-22 19:51:18,612:INFO:       statsforecast: Not installed
2025-09-22 19:51:18,612:INFO:        tune_sklearn: Not installed
2025-09-22 19:51:18,612:INFO:                 ray: Not installed
2025-09-22 19:51:18,612:INFO:            hyperopt: Not installed
2025-09-22 19:51:18,612:INFO:              optuna: Not installed
2025-09-22 19:51:18,612:INFO:               skopt: Not installed
2025-09-22 19:51:18,612:INFO:              mlflow: Not installed
2025-09-22 19:51:18,612:INFO:              gradio: Not installed
2025-09-22 19:51:18,612:INFO:             fastapi: Not installed
2025-09-22 19:51:18,612:INFO:             uvicorn: Not installed
2025-09-22 19:51:18,612:INFO:              m2cgen: Not installed
2025-09-22 19:51:18,612:INFO:           evidently: Not installed
2025-09-22 19:51:18,612:INFO:               fugue: Not installed
2025-09-22 19:51:18,612:INFO:           streamlit: Not installed
2025-09-22 19:51:18,612:INFO:             prophet: Not installed
2025-09-22 19:51:18,613:INFO:None
2025-09-22 19:51:18,613:INFO:Set up data.
2025-09-22 19:51:18,615:INFO:Set up index.
2025-09-22 19:51:18,616:INFO:Assigning column types.
2025-09-22 19:51:18,619:INFO:Engine successfully changes for model 'kmeans' to 'sklearn'.
2025-09-22 19:51:19,614:INFO:Engine successfully changes for model 'dbscan' to 'sklearn'.
2025-09-22 19:51:19,617:INFO:Preparing preprocessing pipeline...
2025-09-22 19:51:19,617:INFO:Set up simple imputation.
2025-09-22 19:51:19,637:INFO:Finished creating preprocessing pipeline.
2025-09-22 19:51:19,643:INFO:Pipeline: Pipeline(memory=FastMemory(location=C:\Users\USERB-PC\AppData\Local\Temp\joblib),
         steps=[('numerical_imputer',
                 TransformerWrapper(include=['sepal length', 'sepal width',
                                             'petal length', 'petal width'],
                                    transformer=SimpleImputer())),
                ('categorical_imputer',
                 TransformerWrapper(include=[],
                                    transformer=SimpleImputer(strategy='most_frequent')))])
2025-09-22 19:51:19,643:INFO:Creating final display dataframe.
2025-09-22 19:51:19,662:INFO:Setup _display_container:                Description                 Value
0               Session id                  7715
1      Original data shape              (150, 4)
2   Transformed data shape              (150, 4)
3         Numeric features                     4
4               Preprocess                  True
5          Imputation type                simple
6       Numeric imputation                  mean
7   Categorical imputation                  mode
8                 CPU Jobs                    -1
9                  Use GPU                 False
10          Log Experiment                 False
11         Experiment Name  anomaly-default-name
12                     USI                  b679
2025-09-22 19:51:19,672:INFO:setup() successfully completed in 1.18s...............
2025-09-22 19:51:19,673:INFO:Initializing create_model()
2025-09-22 19:51:19,673:INFO:create_model(self=<pycaret.anomaly.oop.AnomalyExperiment object at 0x00000204702CF280>, estimator=abod, num_clusters=4, fraction=0.05, ground_truth=None, round=4, fit_kwargs=None, experiment_custom_tags=None, verbose=True, system=True, add_to_model_list=True, raise_num_clusters=False, display=None, kwargs={})
2025-09-22 19:51:19,673:INFO:Checking exceptions
2025-09-22 19:51:19,715:INFO:Importing untrained model
2025-09-22 19:51:19,720:INFO:Angle-base Outlier Detection Imported successfully
2025-09-22 19:51:19,726:INFO:Fitting Model
2025-09-22 19:51:22,765:INFO:ABOD(contamination=0.05, method='fast', n_neighbors=5)
2025-09-22 19:51:22,765:INFO:create_models() successfully completed......................................
2025-09-22 19:51:22,770:INFO:Uploading results into container
2025-09-22 19:51:22,770:INFO:Uploading model into container now
2025-09-22 19:51:22,773:INFO:_master_model_container: 1
2025-09-22 19:51:22,774:INFO:_display_container: 1
2025-09-22 19:51:22,774:INFO:ABOD(contamination=0.05, method='fast', n_neighbors=5)
2025-09-22 19:51:22,774:INFO:create_model() successfully completed......................................
2025-09-22 19:51:22,870:INFO:Initializing assign_model()
2025-09-22 19:51:22,870:INFO:assign_model(self=<pycaret.anomaly.oop.AnomalyExperiment object at 0x00000204702CF280>, model=ABOD(contamination=0.05, method='fast', n_neighbors=5), transformation=False, score=True, verbose=True)
2025-09-22 19:51:22,870:INFO:Checking exceptions
2025-09-22 19:51:22,870:INFO:Determining Trained Model
2025-09-22 19:51:22,871:INFO:Trained Model : Angle-base Outlier Detection
2025-09-22 19:51:22,871:INFO:Copying data
2025-09-22 19:51:22,873:INFO:(150, 6)
2025-09-22 19:51:22,873:INFO:assign_model() successfully completed......................................
2025-09-22 19:53:47,700:WARNING:
'cuml' is a soft dependency and not included in the pycaret installation. Please run: `pip install cuml` to install.
2025-09-22 19:53:47,701:WARNING:
'cuml' is a soft dependency and not included in the pycaret installation. Please run: `pip install cuml` to install.
2025-09-22 19:53:47,701:WARNING:
'cuml' is a soft dependency and not included in the pycaret installation. Please run: `pip install cuml` to install.
2025-09-22 19:53:47,701:WARNING:
'cuml' is a soft dependency and not included in the pycaret installation. Please run: `pip install cuml` to install.
2025-09-22 19:53:48,911:INFO:PyCaret AnomalyExperiment
2025-09-22 19:53:48,911:INFO:Logging name: anomaly-default-name
2025-09-22 19:53:48,911:INFO:ML Usecase: MLUsecase.ANOMALY
2025-09-22 19:53:48,911:INFO:version 3.3.2
2025-09-22 19:53:48,911:INFO:Initializing setup()
2025-09-22 19:53:48,911:INFO:self.USI: 5c0a
2025-09-22 19:53:48,912:INFO:self._variable_keys: {'gpu_n_jobs_param', '_ml_usecase', 'n_jobs_param', '_available_plots', 'data', 'gpu_param', 'idx', 'exp_id', 'pipeline', 'html_param', 'memory', 'X', 'exp_name_log', 'USI', 'log_plots_param', 'seed', 'logging_param'}
2025-09-22 19:53:48,912:INFO:Checking environment
2025-09-22 19:53:48,912:INFO:python_version: 3.9.0
2025-09-22 19:53:48,912:INFO:python_build: ('tags/v3.9.0:9cf6752', 'Oct  5 2020 15:34:40')
2025-09-22 19:53:48,912:INFO:machine: AMD64
2025-09-22 19:53:48,912:INFO:platform: Windows-10-10.0.19041-SP0
2025-09-22 19:53:48,915:INFO:Memory: svmem(total=8464662528, available=677535744, percent=92.0, used=7787126784, free=677535744)
2025-09-22 19:53:48,915:INFO:Physical Core: 2
2025-09-22 19:53:48,915:INFO:Logical Core: 4
2025-09-22 19:53:48,915:INFO:Checking libraries
2025-09-22 19:53:48,915:INFO:System:
2025-09-22 19:53:48,915:INFO:    python: 3.9.0 (tags/v3.9.0:9cf6752, Oct  5 2020, 15:34:40) [MSC v.1927 64 bit (AMD64)]
2025-09-22 19:53:48,915:INFO:executable: C:\Users\USERB-PC\AppData\Local\Programs\Python\Python39\python.exe
2025-09-22 19:53:48,915:INFO:   machine: Windows-10-10.0.19041-SP0
2025-09-22 19:53:48,915:INFO:PyCaret required dependencies:
2025-09-22 19:53:49,013:INFO:                 pip: 25.2
2025-09-22 19:53:49,013:INFO:          setuptools: 49.2.1
2025-09-22 19:53:49,013:INFO:             pycaret: 3.3.2
2025-09-22 19:53:49,013:INFO:             IPython: 8.18.1
2025-09-22 19:53:49,013:INFO:          ipywidgets: 8.1.7
2025-09-22 19:53:49,013:INFO:                tqdm: 4.67.1
2025-09-22 19:53:49,013:INFO:               numpy: 1.24.3
2025-09-22 19:53:49,013:INFO:              pandas: 2.0.3
2025-09-22 19:53:49,013:INFO:              jinja2: 3.1.5
2025-09-22 19:53:49,013:INFO:               scipy: 1.11.4
2025-09-22 19:53:49,013:INFO:              joblib: 1.3.2
2025-09-22 19:53:49,013:INFO:             sklearn: 1.4.2
2025-09-22 19:53:49,014:INFO:                pyod: 2.0.5
2025-09-22 19:53:49,014:INFO:            imblearn: 0.12.4
2025-09-22 19:53:49,014:INFO:   category_encoders: 2.6.4
2025-09-22 19:53:49,014:INFO:            lightgbm: 4.6.0
2025-09-22 19:53:49,014:INFO:               numba: 0.60.0
2025-09-22 19:53:49,014:INFO:            requests: 2.32.3
2025-09-22 19:53:49,014:INFO:          matplotlib: 3.7.2
2025-09-22 19:53:49,014:INFO:          scikitplot: 0.3.7
2025-09-22 19:53:49,014:INFO:         yellowbrick: 1.5
2025-09-22 19:53:49,014:INFO:              plotly: 6.3.0
2025-09-22 19:53:49,015:INFO:    plotly-resampler: Not installed
2025-09-22 19:53:49,015:INFO:             kaleido: 1.1.0
2025-09-22 19:53:49,015:INFO:           schemdraw: 0.15
2025-09-22 19:53:49,015:INFO:         statsmodels: 0.14.5
2025-09-22 19:53:49,015:INFO:              sktime: 0.26.0
2025-09-22 19:53:49,015:INFO:               tbats: 1.1.3
2025-09-22 19:53:49,015:INFO:            pmdarima: 2.0.4
2025-09-22 19:53:49,015:INFO:              psutil: 7.0.0
2025-09-22 19:53:49,016:INFO:          markupsafe: 3.0.2
2025-09-22 19:53:49,016:INFO:             pickle5: Not installed
2025-09-22 19:53:49,016:INFO:         cloudpickle: 3.1.1
2025-09-22 19:53:49,016:INFO:         deprecation: 2.1.0
2025-09-22 19:53:49,016:INFO:              xxhash: 3.5.0
2025-09-22 19:53:49,016:INFO:           wurlitzer: Not installed
2025-09-22 19:53:49,016:INFO:PyCaret optional dependencies:
2025-09-22 19:53:49,030:INFO:                shap: Not installed
2025-09-22 19:53:49,030:INFO:           interpret: Not installed
2025-09-22 19:53:49,030:INFO:                umap: Not installed
2025-09-22 19:53:49,030:INFO:     ydata_profiling: Not installed
2025-09-22 19:53:49,030:INFO:  explainerdashboard: Not installed
2025-09-22 19:53:49,030:INFO:             autoviz: Not installed
2025-09-22 19:53:49,030:INFO:           fairlearn: Not installed
2025-09-22 19:53:49,030:INFO:          deepchecks: Not installed
2025-09-22 19:53:49,031:INFO:             xgboost: Not installed
2025-09-22 19:53:49,031:INFO:            catboost: Not installed
2025-09-22 19:53:49,031:INFO:              kmodes: Not installed
2025-09-22 19:53:49,031:INFO:             mlxtend: 0.23.4
2025-09-22 19:53:49,031:INFO:       statsforecast: Not installed
2025-09-22 19:53:49,031:INFO:        tune_sklearn: Not installed
2025-09-22 19:53:49,031:INFO:                 ray: Not installed
2025-09-22 19:53:49,031:INFO:            hyperopt: Not installed
2025-09-22 19:53:49,031:INFO:              optuna: Not installed
2025-09-22 19:53:49,031:INFO:               skopt: Not installed
2025-09-22 19:53:49,031:INFO:              mlflow: Not installed
2025-09-22 19:53:49,031:INFO:              gradio: Not installed
2025-09-22 19:53:49,031:INFO:             fastapi: Not installed
2025-09-22 19:53:49,031:INFO:             uvicorn: Not installed
2025-09-22 19:53:49,031:INFO:              m2cgen: Not installed
2025-09-22 19:53:49,031:INFO:           evidently: Not installed
2025-09-22 19:53:49,031:INFO:               fugue: Not installed
2025-09-22 19:53:49,031:INFO:           streamlit: Not installed
2025-09-22 19:53:49,031:INFO:             prophet: Not installed
2025-09-22 19:53:49,031:INFO:None
2025-09-22 19:53:49,032:INFO:Set up data.
2025-09-22 19:53:49,035:INFO:Set up index.
2025-09-22 19:53:49,035:INFO:Assigning column types.
2025-09-22 19:53:49,039:INFO:Engine successfully changes for model 'kmeans' to 'sklearn'.
2025-09-22 19:53:50,167:INFO:Engine successfully changes for model 'dbscan' to 'sklearn'.
2025-09-22 19:53:50,170:INFO:Preparing preprocessing pipeline...
2025-09-22 19:53:50,170:INFO:Set up simple imputation.
2025-09-22 19:53:50,190:INFO:Finished creating preprocessing pipeline.
2025-09-22 19:53:50,197:INFO:Pipeline: Pipeline(memory=FastMemory(location=C:\Users\USERB-PC\AppData\Local\Temp\joblib),
         steps=[('numerical_imputer',
                 TransformerWrapper(include=['sepal length', 'sepal width',
                                             'petal length', 'petal width'],
                                    transformer=SimpleImputer())),
                ('categorical_imputer',
                 TransformerWrapper(include=[],
                                    transformer=SimpleImputer(strategy='most_frequent')))])
2025-09-22 19:53:50,197:INFO:Creating final display dataframe.
2025-09-22 19:53:50,226:INFO:Setup _display_container:                Description                 Value
0               Session id                  3204
1      Original data shape              (150, 4)
2   Transformed data shape              (150, 4)
3         Numeric features                     4
4               Preprocess                  True
5          Imputation type                simple
6       Numeric imputation                  mean
7   Categorical imputation                  mode
8                 CPU Jobs                    -1
9                  Use GPU                 False
10          Log Experiment                 False
11         Experiment Name  anomaly-default-name
12                     USI                  5c0a
2025-09-22 19:53:50,237:INFO:setup() successfully completed in 1.33s...............
2025-09-22 19:53:50,238:INFO:Initializing create_model()
2025-09-22 19:53:50,238:INFO:create_model(self=<pycaret.anomaly.oop.AnomalyExperiment object at 0x000001DDC1AFC3D0>, estimator=abod, num_clusters=4, fraction=0.05, ground_truth=None, round=4, fit_kwargs=None, experiment_custom_tags=None, verbose=True, system=True, add_to_model_list=True, raise_num_clusters=False, display=None, kwargs={})
2025-09-22 19:53:50,239:INFO:Checking exceptions
2025-09-22 19:53:50,278:INFO:Importing untrained model
2025-09-22 19:53:50,283:INFO:Angle-base Outlier Detection Imported successfully
2025-09-22 19:53:50,289:INFO:Fitting Model
2025-09-22 19:53:52,703:INFO:ABOD(contamination=0.05, method='fast', n_neighbors=5)
2025-09-22 19:53:52,703:INFO:create_models() successfully completed......................................
2025-09-22 19:53:52,708:INFO:Uploading results into container
2025-09-22 19:53:52,708:INFO:Uploading model into container now
2025-09-22 19:53:52,711:INFO:_master_model_container: 1
2025-09-22 19:53:52,711:INFO:_display_container: 1
2025-09-22 19:53:52,712:INFO:ABOD(contamination=0.05, method='fast', n_neighbors=5)
2025-09-22 19:53:52,713:INFO:create_model() successfully completed......................................
2025-09-22 19:53:52,801:INFO:Initializing assign_model()
2025-09-22 19:53:52,801:INFO:assign_model(self=<pycaret.anomaly.oop.AnomalyExperiment object at 0x000001DDC1AFC3D0>, model=ABOD(contamination=0.05, method='fast', n_neighbors=5), transformation=False, score=True, verbose=True)
2025-09-22 19:53:52,801:INFO:Checking exceptions
2025-09-22 19:53:52,801:INFO:Determining Trained Model
2025-09-22 19:53:52,802:INFO:Trained Model : Angle-base Outlier Detection
2025-09-22 19:53:52,802:INFO:Copying data
2025-09-22 19:53:52,803:INFO:(150, 6)
2025-09-22 19:53:52,803:INFO:assign_model() successfully completed......................................
2025-09-22 20:06:54,982:WARNING:
'cuml' is a soft dependency and not included in the pycaret installation. Please run: `pip install cuml` to install.
2025-09-22 20:06:54,982:WARNING:
'cuml' is a soft dependency and not included in the pycaret installation. Please run: `pip install cuml` to install.
2025-09-22 20:06:54,982:WARNING:
'cuml' is a soft dependency and not included in the pycaret installation. Please run: `pip install cuml` to install.
2025-09-22 20:06:54,982:WARNING:
'cuml' is a soft dependency and not included in the pycaret installation. Please run: `pip install cuml` to install.
2025-09-22 20:06:55,952:INFO:PyCaret AnomalyExperiment
2025-09-22 20:06:55,952:INFO:Logging name: anomaly-default-name
2025-09-22 20:06:55,952:INFO:ML Usecase: MLUsecase.ANOMALY
2025-09-22 20:06:55,952:INFO:version 3.3.2
2025-09-22 20:06:55,952:INFO:Initializing setup()
2025-09-22 20:06:55,952:INFO:self.USI: 5604
2025-09-22 20:06:55,953:INFO:self._variable_keys: {'seed', 'idx', 'n_jobs_param', 'X', 'exp_id', '_ml_usecase', 'data', 'html_param', 'USI', 'logging_param', 'memory', '_available_plots', 'exp_name_log', 'log_plots_param', 'gpu_n_jobs_param', 'gpu_param', 'pipeline'}
2025-09-22 20:06:55,953:INFO:Checking environment
2025-09-22 20:06:55,953:INFO:python_version: 3.9.0
2025-09-22 20:06:55,953:INFO:python_build: ('tags/v3.9.0:9cf6752', 'Oct  5 2020 15:34:40')
2025-09-22 20:06:55,953:INFO:machine: AMD64
2025-09-22 20:06:55,953:INFO:platform: Windows-10-10.0.19041-SP0
2025-09-22 20:06:55,956:INFO:Memory: svmem(total=8464662528, available=1167716352, percent=86.2, used=7296946176, free=1167716352)
2025-09-22 20:06:55,956:INFO:Physical Core: 2
2025-09-22 20:06:55,956:INFO:Logical Core: 4
2025-09-22 20:06:55,956:INFO:Checking libraries
2025-09-22 20:06:55,956:INFO:System:
2025-09-22 20:06:55,956:INFO:    python: 3.9.0 (tags/v3.9.0:9cf6752, Oct  5 2020, 15:34:40) [MSC v.1927 64 bit (AMD64)]
2025-09-22 20:06:55,956:INFO:executable: C:\Users\USERB-PC\AppData\Local\Programs\Python\Python39\python.exe
2025-09-22 20:06:55,956:INFO:   machine: Windows-10-10.0.19041-SP0
2025-09-22 20:06:55,956:INFO:PyCaret required dependencies:
2025-09-22 20:06:56,044:INFO:                 pip: 25.2
2025-09-22 20:06:56,044:INFO:          setuptools: 49.2.1
2025-09-22 20:06:56,044:INFO:             pycaret: 3.3.2
2025-09-22 20:06:56,044:INFO:             IPython: 8.18.1
2025-09-22 20:06:56,044:INFO:          ipywidgets: 8.1.7
2025-09-22 20:06:56,044:INFO:                tqdm: 4.67.1
2025-09-22 20:06:56,044:INFO:               numpy: 1.24.3
2025-09-22 20:06:56,044:INFO:              pandas: 2.0.3
2025-09-22 20:06:56,044:INFO:              jinja2: 3.1.5
2025-09-22 20:06:56,044:INFO:               scipy: 1.11.4
2025-09-22 20:06:56,044:INFO:              joblib: 1.3.2
2025-09-22 20:06:56,044:INFO:             sklearn: 1.4.2
2025-09-22 20:06:56,044:INFO:                pyod: 2.0.5
2025-09-22 20:06:56,044:INFO:            imblearn: 0.12.4
2025-09-22 20:06:56,044:INFO:   category_encoders: 2.6.4
2025-09-22 20:06:56,044:INFO:            lightgbm: 4.6.0
2025-09-22 20:06:56,044:INFO:               numba: 0.60.0
2025-09-22 20:06:56,044:INFO:            requests: 2.32.3
2025-09-22 20:06:56,045:INFO:          matplotlib: 3.7.2
2025-09-22 20:06:56,045:INFO:          scikitplot: 0.3.7
2025-09-22 20:06:56,045:INFO:         yellowbrick: 1.5
2025-09-22 20:06:56,045:INFO:              plotly: 6.3.0
2025-09-22 20:06:56,045:INFO:    plotly-resampler: Not installed
2025-09-22 20:06:56,045:INFO:             kaleido: 1.1.0
2025-09-22 20:06:56,045:INFO:           schemdraw: 0.15
2025-09-22 20:06:56,045:INFO:         statsmodels: 0.14.5
2025-09-22 20:06:56,045:INFO:              sktime: 0.26.0
2025-09-22 20:06:56,045:INFO:               tbats: 1.1.3
2025-09-22 20:06:56,045:INFO:            pmdarima: 2.0.4
2025-09-22 20:06:56,045:INFO:              psutil: 7.0.0
2025-09-22 20:06:56,045:INFO:          markupsafe: 3.0.2
2025-09-22 20:06:56,045:INFO:             pickle5: Not installed
2025-09-22 20:06:56,045:INFO:         cloudpickle: 3.1.1
2025-09-22 20:06:56,045:INFO:         deprecation: 2.1.0
2025-09-22 20:06:56,045:INFO:              xxhash: 3.5.0
2025-09-22 20:06:56,045:INFO:           wurlitzer: Not installed
2025-09-22 20:06:56,045:INFO:PyCaret optional dependencies:
2025-09-22 20:06:56,058:INFO:                shap: Not installed
2025-09-22 20:06:56,058:INFO:           interpret: Not installed
2025-09-22 20:06:56,058:INFO:                umap: Not installed
2025-09-22 20:06:56,058:INFO:     ydata_profiling: Not installed
2025-09-22 20:06:56,058:INFO:  explainerdashboard: Not installed
2025-09-22 20:06:56,058:INFO:             autoviz: Not installed
2025-09-22 20:06:56,058:INFO:           fairlearn: Not installed
2025-09-22 20:06:56,058:INFO:          deepchecks: Not installed
2025-09-22 20:06:56,058:INFO:             xgboost: Not installed
2025-09-22 20:06:56,059:INFO:            catboost: Not installed
2025-09-22 20:06:56,059:INFO:              kmodes: Not installed
2025-09-22 20:06:56,059:INFO:             mlxtend: 0.23.4
2025-09-22 20:06:56,059:INFO:       statsforecast: Not installed
2025-09-22 20:06:56,059:INFO:        tune_sklearn: Not installed
2025-09-22 20:06:56,059:INFO:                 ray: Not installed
2025-09-22 20:06:56,059:INFO:            hyperopt: Not installed
2025-09-22 20:06:56,059:INFO:              optuna: Not installed
2025-09-22 20:06:56,059:INFO:               skopt: Not installed
2025-09-22 20:06:56,059:INFO:              mlflow: Not installed
2025-09-22 20:06:56,059:INFO:              gradio: Not installed
2025-09-22 20:06:56,059:INFO:             fastapi: Not installed
2025-09-22 20:06:56,059:INFO:             uvicorn: Not installed
2025-09-22 20:06:56,059:INFO:              m2cgen: Not installed
2025-09-22 20:06:56,059:INFO:           evidently: Not installed
2025-09-22 20:06:56,059:INFO:               fugue: Not installed
2025-09-22 20:06:56,059:INFO:           streamlit: Not installed
2025-09-22 20:06:56,059:INFO:             prophet: Not installed
2025-09-22 20:06:56,059:INFO:None
2025-09-22 20:06:56,059:INFO:Set up data.
2025-09-22 20:06:56,063:INFO:Set up index.
2025-09-22 20:06:56,063:INFO:Assigning column types.
2025-09-22 20:06:56,065:INFO:Engine successfully changes for model 'kmeans' to 'sklearn'.
2025-09-22 20:06:56,707:INFO:Engine successfully changes for model 'dbscan' to 'sklearn'.
2025-09-22 20:06:56,710:INFO:Preparing preprocessing pipeline...
2025-09-22 20:06:56,710:INFO:Set up simple imputation.
2025-09-22 20:06:56,733:INFO:Finished creating preprocessing pipeline.
2025-09-22 20:06:56,739:INFO:Pipeline: Pipeline(memory=FastMemory(location=C:\Users\USERB-PC\AppData\Local\Temp\joblib),
         steps=[('numerical_imputer',
                 TransformerWrapper(include=['sepal length', 'sepal width',
                                             'petal length', 'petal width'],
                                    transformer=SimpleImputer())),
                ('categorical_imputer',
                 TransformerWrapper(include=[],
                                    transformer=SimpleImputer(strategy='most_frequent')))])
2025-09-22 20:06:56,739:INFO:Creating final display dataframe.
2025-09-22 20:06:56,757:INFO:Setup _display_container:                Description                 Value
0               Session id                  4326
1      Original data shape              (150, 4)
2   Transformed data shape              (150, 4)
3         Numeric features                     4
4               Preprocess                  True
5          Imputation type                simple
6       Numeric imputation                  mean
7   Categorical imputation                  mode
8                 CPU Jobs                    -1
9                  Use GPU                 False
10          Log Experiment                 False
11         Experiment Name  anomaly-default-name
12                     USI                  5604
2025-09-22 20:06:56,766:INFO:setup() successfully completed in 0.81s...............
2025-09-22 20:06:56,766:INFO:Initializing create_model()
2025-09-22 20:06:56,766:INFO:create_model(self=<pycaret.anomaly.oop.AnomalyExperiment object at 0x000001692D590250>, estimator=abod, num_clusters=4, fraction=0.05, ground_truth=None, round=4, fit_kwargs=None, experiment_custom_tags=None, verbose=True, system=True, add_to_model_list=True, raise_num_clusters=False, display=None, kwargs={})
2025-09-22 20:06:56,766:INFO:Checking exceptions
2025-09-22 20:06:56,808:INFO:Importing untrained model
2025-09-22 20:06:56,812:INFO:Angle-base Outlier Detection Imported successfully
2025-09-22 20:06:56,818:INFO:Fitting Model
2025-09-22 20:06:58,957:INFO:ABOD(contamination=0.05, method='fast', n_neighbors=5)
2025-09-22 20:06:58,957:INFO:create_models() successfully completed......................................
2025-09-22 20:06:58,963:INFO:Uploading results into container
2025-09-22 20:06:58,963:INFO:Uploading model into container now
2025-09-22 20:06:58,967:INFO:_master_model_container: 1
2025-09-22 20:06:58,967:INFO:_display_container: 1
2025-09-22 20:06:58,967:INFO:ABOD(contamination=0.05, method='fast', n_neighbors=5)
2025-09-22 20:06:58,968:INFO:create_model() successfully completed......................................
2025-09-22 20:06:59,056:INFO:Initializing assign_model()
2025-09-22 20:06:59,056:INFO:assign_model(self=<pycaret.anomaly.oop.AnomalyExperiment object at 0x000001692D590250>, model=ABOD(contamination=0.05, method='fast', n_neighbors=5), transformation=False, score=True, verbose=True)
2025-09-22 20:06:59,056:INFO:Checking exceptions
2025-09-22 20:06:59,056:INFO:Determining Trained Model
2025-09-22 20:06:59,056:INFO:Trained Model : Angle-base Outlier Detection
2025-09-22 20:06:59,057:INFO:Copying data
2025-09-22 20:06:59,058:INFO:(150, 6)
2025-09-22 20:06:59,058:INFO:assign_model() successfully completed......................................
2025-09-22 20:18:10,631:WARNING:
'cuml' is a soft dependency and not included in the pycaret installation. Please run: `pip install cuml` to install.
2025-09-22 20:18:10,632:WARNING:
'cuml' is a soft dependency and not included in the pycaret installation. Please run: `pip install cuml` to install.
2025-09-22 20:18:10,632:WARNING:
'cuml' is a soft dependency and not included in the pycaret installation. Please run: `pip install cuml` to install.
2025-09-22 20:18:10,632:WARNING:
'cuml' is a soft dependency and not included in the pycaret installation. Please run: `pip install cuml` to install.
2025-09-22 20:18:11,857:INFO:PyCaret AnomalyExperiment
2025-09-22 20:18:11,857:INFO:Logging name: anomaly-default-name
2025-09-22 20:18:11,857:INFO:ML Usecase: MLUsecase.ANOMALY
2025-09-22 20:18:11,857:INFO:version 3.3.2
2025-09-22 20:18:11,857:INFO:Initializing setup()
2025-09-22 20:18:11,857:INFO:self.USI: 8cd2
2025-09-22 20:18:11,857:INFO:self._variable_keys: {'X', '_available_plots', 'logging_param', 'gpu_n_jobs_param', 'exp_name_log', 'USI', 'gpu_param', 'idx', '_ml_usecase', 'memory', 'pipeline', 'html_param', 'seed', 'exp_id', 'n_jobs_param', 'log_plots_param', 'data'}
2025-09-22 20:18:11,857:INFO:Checking environment
2025-09-22 20:18:11,857:INFO:python_version: 3.9.0
2025-09-22 20:18:11,857:INFO:python_build: ('tags/v3.9.0:9cf6752', 'Oct  5 2020 15:34:40')
2025-09-22 20:18:11,857:INFO:machine: AMD64
2025-09-22 20:18:11,857:INFO:platform: Windows-10-10.0.19041-SP0
2025-09-22 20:18:11,860:INFO:Memory: svmem(total=8464662528, available=549998592, percent=93.5, used=7914663936, free=549998592)
2025-09-22 20:18:11,860:INFO:Physical Core: 2
2025-09-22 20:18:11,860:INFO:Logical Core: 4
2025-09-22 20:18:11,860:INFO:Checking libraries
2025-09-22 20:18:11,860:INFO:System:
2025-09-22 20:18:11,861:INFO:    python: 3.9.0 (tags/v3.9.0:9cf6752, Oct  5 2020, 15:34:40) [MSC v.1927 64 bit (AMD64)]
2025-09-22 20:18:11,861:INFO:executable: C:\Users\USERB-PC\AppData\Local\Programs\Python\Python39\python.exe
2025-09-22 20:18:11,861:INFO:   machine: Windows-10-10.0.19041-SP0
2025-09-22 20:18:11,861:INFO:PyCaret required dependencies:
2025-09-22 20:18:12,001:INFO:                 pip: 25.2
2025-09-22 20:18:12,001:INFO:          setuptools: 49.2.1
2025-09-22 20:18:12,001:INFO:             pycaret: 3.3.2
2025-09-22 20:18:12,002:INFO:             IPython: 8.18.1
2025-09-22 20:18:12,002:INFO:          ipywidgets: 8.1.7
2025-09-22 20:18:12,002:INFO:                tqdm: 4.67.1
2025-09-22 20:18:12,002:INFO:               numpy: 1.24.3
2025-09-22 20:18:12,002:INFO:              pandas: 2.0.3
2025-09-22 20:18:12,002:INFO:              jinja2: 3.1.5
2025-09-22 20:18:12,002:INFO:               scipy: 1.11.4
2025-09-22 20:18:12,002:INFO:              joblib: 1.3.2
2025-09-22 20:18:12,002:INFO:             sklearn: 1.4.2
2025-09-22 20:18:12,002:INFO:                pyod: 2.0.5
2025-09-22 20:18:12,002:INFO:            imblearn: 0.12.4
2025-09-22 20:18:12,002:INFO:   category_encoders: 2.6.4
2025-09-22 20:18:12,002:INFO:            lightgbm: 4.6.0
2025-09-22 20:18:12,002:INFO:               numba: 0.60.0
2025-09-22 20:18:12,002:INFO:            requests: 2.32.3
2025-09-22 20:18:12,002:INFO:          matplotlib: 3.7.2
2025-09-22 20:18:12,002:INFO:          scikitplot: 0.3.7
2025-09-22 20:18:12,003:INFO:         yellowbrick: 1.5
2025-09-22 20:18:12,003:INFO:              plotly: 6.3.0
2025-09-22 20:18:12,003:INFO:    plotly-resampler: Not installed
2025-09-22 20:18:12,003:INFO:             kaleido: 1.1.0
2025-09-22 20:18:12,003:INFO:           schemdraw: 0.15
2025-09-22 20:18:12,003:INFO:         statsmodels: 0.14.5
2025-09-22 20:18:12,003:INFO:              sktime: 0.26.0
2025-09-22 20:18:12,003:INFO:               tbats: 1.1.3
2025-09-22 20:18:12,003:INFO:            pmdarima: 2.0.4
2025-09-22 20:18:12,003:INFO:              psutil: 7.0.0
2025-09-22 20:18:12,003:INFO:          markupsafe: 3.0.2
2025-09-22 20:18:12,003:INFO:             pickle5: Not installed
2025-09-22 20:18:12,003:INFO:         cloudpickle: 3.1.1
2025-09-22 20:18:12,003:INFO:         deprecation: 2.1.0
2025-09-22 20:18:12,003:INFO:              xxhash: 3.5.0
2025-09-22 20:18:12,003:INFO:           wurlitzer: Not installed
2025-09-22 20:18:12,003:INFO:PyCaret optional dependencies:
2025-09-22 20:18:12,016:INFO:                shap: Not installed
2025-09-22 20:18:12,016:INFO:           interpret: Not installed
2025-09-22 20:18:12,016:INFO:                umap: Not installed
2025-09-22 20:18:12,016:INFO:     ydata_profiling: Not installed
2025-09-22 20:18:12,016:INFO:  explainerdashboard: Not installed
2025-09-22 20:18:12,016:INFO:             autoviz: Not installed
2025-09-22 20:18:12,016:INFO:           fairlearn: Not installed
2025-09-22 20:18:12,016:INFO:          deepchecks: Not installed
2025-09-22 20:18:12,016:INFO:             xgboost: Not installed
2025-09-22 20:18:12,016:INFO:            catboost: Not installed
2025-09-22 20:18:12,016:INFO:              kmodes: Not installed
2025-09-22 20:18:12,016:INFO:             mlxtend: 0.23.4
2025-09-22 20:18:12,016:INFO:       statsforecast: Not installed
2025-09-22 20:18:12,016:INFO:        tune_sklearn: Not installed
2025-09-22 20:18:12,017:INFO:                 ray: Not installed
2025-09-22 20:18:12,017:INFO:            hyperopt: Not installed
2025-09-22 20:18:12,017:INFO:              optuna: Not installed
2025-09-22 20:18:12,017:INFO:               skopt: Not installed
2025-09-22 20:18:12,017:INFO:              mlflow: Not installed
2025-09-22 20:18:12,017:INFO:              gradio: Not installed
2025-09-22 20:18:12,017:INFO:             fastapi: Not installed
2025-09-22 20:18:12,017:INFO:             uvicorn: Not installed
2025-09-22 20:18:12,017:INFO:              m2cgen: Not installed
2025-09-22 20:18:12,017:INFO:           evidently: Not installed
2025-09-22 20:18:12,017:INFO:               fugue: Not installed
2025-09-22 20:18:12,017:INFO:           streamlit: Not installed
2025-09-22 20:18:12,017:INFO:             prophet: Not installed
2025-09-22 20:18:12,017:INFO:None
2025-09-22 20:18:12,017:INFO:Set up data.
2025-09-22 20:18:12,020:INFO:Set up index.
2025-09-22 20:18:12,020:INFO:Assigning column types.
2025-09-22 20:18:12,025:INFO:Engine successfully changes for model 'kmeans' to 'sklearn'.
2025-09-22 20:18:13,076:INFO:Engine successfully changes for model 'dbscan' to 'sklearn'.
2025-09-22 20:18:13,079:INFO:Preparing preprocessing pipeline...
2025-09-22 20:18:13,079:INFO:Set up simple imputation.
2025-09-22 20:18:13,099:INFO:Finished creating preprocessing pipeline.
2025-09-22 20:18:13,105:INFO:Pipeline: Pipeline(memory=FastMemory(location=C:\Users\USERB-PC\AppData\Local\Temp\joblib),
         steps=[('numerical_imputer',
                 TransformerWrapper(include=['sepal length', 'sepal width',
                                             'petal length', 'petal width'],
                                    transformer=SimpleImputer())),
                ('categorical_imputer',
                 TransformerWrapper(include=[],
                                    transformer=SimpleImputer(strategy='most_frequent')))])
2025-09-22 20:18:13,105:INFO:Creating final display dataframe.
2025-09-22 20:18:13,122:INFO:Setup _display_container:                Description                 Value
0               Session id                  2166
1      Original data shape              (150, 4)
2   Transformed data shape              (150, 4)
3         Numeric features                     4
4               Preprocess                  True
5          Imputation type                simple
6       Numeric imputation                  mean
7   Categorical imputation                  mode
8                 CPU Jobs                    -1
9                  Use GPU                 False
10          Log Experiment                 False
11         Experiment Name  anomaly-default-name
12                     USI                  8cd2
2025-09-22 20:18:13,133:INFO:setup() successfully completed in 1.28s...............
2025-09-22 20:18:13,134:INFO:Initializing create_model()
2025-09-22 20:18:13,134:INFO:create_model(self=<pycaret.anomaly.oop.AnomalyExperiment object at 0x000001A497F4BD90>, estimator=abod, num_clusters=4, fraction=0.05, ground_truth=None, round=4, fit_kwargs=None, experiment_custom_tags=None, verbose=True, system=True, add_to_model_list=True, raise_num_clusters=False, display=None, kwargs={})
2025-09-22 20:18:13,134:INFO:Checking exceptions
2025-09-22 20:18:13,174:INFO:Importing untrained model
2025-09-22 20:18:13,179:INFO:Angle-base Outlier Detection Imported successfully
2025-09-22 20:18:13,184:INFO:Fitting Model
2025-09-22 20:18:15,771:INFO:ABOD(contamination=0.05, method='fast', n_neighbors=5)
2025-09-22 20:18:15,771:INFO:create_models() successfully completed......................................
2025-09-22 20:18:15,775:INFO:Uploading results into container
2025-09-22 20:18:15,775:INFO:Uploading model into container now
2025-09-22 20:18:15,779:INFO:_master_model_container: 1
2025-09-22 20:18:15,779:INFO:_display_container: 1
2025-09-22 20:18:15,780:INFO:ABOD(contamination=0.05, method='fast', n_neighbors=5)
2025-09-22 20:18:15,780:INFO:create_model() successfully completed......................................
2025-09-22 20:18:15,872:INFO:Initializing assign_model()
2025-09-22 20:18:15,872:INFO:assign_model(self=<pycaret.anomaly.oop.AnomalyExperiment object at 0x000001A497F4BD90>, model=ABOD(contamination=0.05, method='fast', n_neighbors=5), transformation=False, score=True, verbose=True)
2025-09-22 20:18:15,873:INFO:Checking exceptions
2025-09-22 20:18:15,873:INFO:Determining Trained Model
2025-09-22 20:18:15,873:INFO:Trained Model : Angle-base Outlier Detection
2025-09-22 20:18:15,873:INFO:Copying data
2025-09-22 20:18:15,874:INFO:(150, 6)
2025-09-22 20:18:15,874:INFO:assign_model() successfully completed......................................
2025-09-29 13:27:40,445:WARNING:
'cuml' is a soft dependency and not included in the pycaret installation. Please run: `pip install cuml` to install.
2025-09-29 13:27:40,445:WARNING:
'cuml' is a soft dependency and not included in the pycaret installation. Please run: `pip install cuml` to install.
2025-09-29 13:27:40,446:WARNING:
'cuml' is a soft dependency and not included in the pycaret installation. Please run: `pip install cuml` to install.
2025-09-29 13:27:40,446:WARNING:
'cuml' is a soft dependency and not included in the pycaret installation. Please run: `pip install cuml` to install.
2025-09-29 13:27:41,956:INFO:PyCaret AnomalyExperiment
2025-09-29 13:27:41,956:INFO:Logging name: anomaly-default-name
2025-09-29 13:27:41,956:INFO:ML Usecase: MLUsecase.ANOMALY
2025-09-29 13:27:41,956:INFO:version 3.3.2
2025-09-29 13:27:41,956:INFO:Initializing setup()
2025-09-29 13:27:41,956:INFO:self.USI: d8da
2025-09-29 13:27:41,956:INFO:self._variable_keys: {'data', 'pipeline', 'logging_param', 'n_jobs_param', 'html_param', '_available_plots', 'idx', 'gpu_param', 'USI', 'log_plots_param', 'memory', 'exp_name_log', 'gpu_n_jobs_param', 'X', 'seed', '_ml_usecase', 'exp_id'}
2025-09-29 13:27:41,956:INFO:Checking environment
2025-09-29 13:27:41,957:INFO:python_version: 3.9.0
2025-09-29 13:27:41,957:INFO:python_build: ('tags/v3.9.0:9cf6752', 'Oct  5 2020 15:34:40')
2025-09-29 13:27:41,957:INFO:machine: AMD64
2025-09-29 13:27:41,957:INFO:platform: Windows-10-10.0.19041-SP0
2025-09-29 13:27:41,959:INFO:Memory: svmem(total=8464662528, available=839622656, percent=90.1, used=7625039872, free=839622656)
2025-09-29 13:27:41,959:INFO:Physical Core: 2
2025-09-29 13:27:41,960:INFO:Logical Core: 4
2025-09-29 13:27:41,960:INFO:Checking libraries
2025-09-29 13:27:41,960:INFO:System:
2025-09-29 13:27:41,960:INFO:    python: 3.9.0 (tags/v3.9.0:9cf6752, Oct  5 2020, 15:34:40) [MSC v.1927 64 bit (AMD64)]
2025-09-29 13:27:41,960:INFO:executable: C:\Users\USERB-PC\AppData\Local\Programs\Python\Python39\python.exe
2025-09-29 13:27:41,960:INFO:   machine: Windows-10-10.0.19041-SP0
2025-09-29 13:27:41,960:INFO:PyCaret required dependencies:
2025-09-29 13:27:42,145:INFO:                 pip: 25.2
2025-09-29 13:27:42,145:INFO:          setuptools: 49.2.1
2025-09-29 13:27:42,145:INFO:             pycaret: 3.3.2
2025-09-29 13:27:42,146:INFO:             IPython: 8.18.1
2025-09-29 13:27:42,146:INFO:          ipywidgets: 8.1.7
2025-09-29 13:27:42,146:INFO:                tqdm: 4.67.1
2025-09-29 13:27:42,146:INFO:               numpy: 1.24.3
2025-09-29 13:27:42,146:INFO:              pandas: 2.0.3
2025-09-29 13:27:42,146:INFO:              jinja2: 3.1.5
2025-09-29 13:27:42,146:INFO:               scipy: 1.11.4
2025-09-29 13:27:42,146:INFO:              joblib: 1.3.2
2025-09-29 13:27:42,146:INFO:             sklearn: 1.4.2
2025-09-29 13:27:42,146:INFO:                pyod: 2.0.5
2025-09-29 13:27:42,146:INFO:            imblearn: 0.12.4
2025-09-29 13:27:42,146:INFO:   category_encoders: 2.6.4
2025-09-29 13:27:42,146:INFO:            lightgbm: 4.6.0
2025-09-29 13:27:42,146:INFO:               numba: 0.60.0
2025-09-29 13:27:42,146:INFO:            requests: 2.32.3
2025-09-29 13:27:42,146:INFO:          matplotlib: 3.7.2
2025-09-29 13:27:42,146:INFO:          scikitplot: 0.3.7
2025-09-29 13:27:42,146:INFO:         yellowbrick: 1.5
2025-09-29 13:27:42,146:INFO:              plotly: 6.3.0
2025-09-29 13:27:42,146:INFO:    plotly-resampler: Not installed
2025-09-29 13:27:42,146:INFO:             kaleido: 1.1.0
2025-09-29 13:27:42,147:INFO:           schemdraw: 0.15
2025-09-29 13:27:42,147:INFO:         statsmodels: 0.14.5
2025-09-29 13:27:42,147:INFO:              sktime: 0.26.0
2025-09-29 13:27:42,147:INFO:               tbats: 1.1.3
2025-09-29 13:27:42,147:INFO:            pmdarima: 2.0.4
2025-09-29 13:27:42,147:INFO:              psutil: 7.0.0
2025-09-29 13:27:42,147:INFO:          markupsafe: 3.0.2
2025-09-29 13:27:42,147:INFO:             pickle5: Not installed
2025-09-29 13:27:42,147:INFO:         cloudpickle: 3.1.1
2025-09-29 13:27:42,147:INFO:         deprecation: 2.1.0
2025-09-29 13:27:42,147:INFO:              xxhash: 3.5.0
2025-09-29 13:27:42,147:INFO:           wurlitzer: Not installed
2025-09-29 13:27:42,147:INFO:PyCaret optional dependencies:
2025-09-29 13:27:42,159:INFO:                shap: Not installed
2025-09-29 13:27:42,159:INFO:           interpret: Not installed
2025-09-29 13:27:42,159:INFO:                umap: Not installed
2025-09-29 13:27:42,160:INFO:     ydata_profiling: Not installed
2025-09-29 13:27:42,160:INFO:  explainerdashboard: Not installed
2025-09-29 13:27:42,160:INFO:             autoviz: Not installed
2025-09-29 13:27:42,160:INFO:           fairlearn: Not installed
2025-09-29 13:27:42,160:INFO:          deepchecks: Not installed
2025-09-29 13:27:42,160:INFO:             xgboost: Not installed
2025-09-29 13:27:42,160:INFO:            catboost: Not installed
2025-09-29 13:27:42,160:INFO:              kmodes: Not installed
2025-09-29 13:27:42,160:INFO:             mlxtend: 0.23.4
2025-09-29 13:27:42,160:INFO:       statsforecast: Not installed
2025-09-29 13:27:42,160:INFO:        tune_sklearn: Not installed
2025-09-29 13:27:42,160:INFO:                 ray: Not installed
2025-09-29 13:27:42,160:INFO:            hyperopt: Not installed
2025-09-29 13:27:42,160:INFO:              optuna: Not installed
2025-09-29 13:27:42,160:INFO:               skopt: Not installed
2025-09-29 13:27:42,160:INFO:              mlflow: Not installed
2025-09-29 13:27:42,160:INFO:              gradio: Not installed
2025-09-29 13:27:42,160:INFO:             fastapi: Not installed
2025-09-29 13:27:42,160:INFO:             uvicorn: Not installed
2025-09-29 13:27:42,160:INFO:              m2cgen: Not installed
2025-09-29 13:27:42,161:INFO:           evidently: Not installed
2025-09-29 13:27:42,161:INFO:               fugue: Not installed
2025-09-29 13:27:42,161:INFO:           streamlit: Not installed
2025-09-29 13:27:42,161:INFO:             prophet: Not installed
2025-09-29 13:27:42,161:INFO:None
2025-09-29 13:27:42,161:INFO:Set up data.
2025-09-29 13:27:42,164:INFO:Set up index.
2025-09-29 13:27:42,164:INFO:Assigning column types.
2025-09-29 13:27:42,167:INFO:Engine successfully changes for model 'kmeans' to 'sklearn'.
2025-09-29 13:27:43,626:INFO:Engine successfully changes for model 'dbscan' to 'sklearn'.
2025-09-29 13:27:43,641:INFO:Preparing preprocessing pipeline...
2025-09-29 13:27:43,642:INFO:Set up simple imputation.
2025-09-29 13:27:43,686:INFO:Finished creating preprocessing pipeline.
2025-09-29 13:27:43,694:INFO:Pipeline: Pipeline(memory=FastMemory(location=C:\Users\USERB-PC\AppData\Local\Temp\joblib),
         steps=[('numerical_imputer',
                 TransformerWrapper(include=['sepal length', 'sepal width',
                                             'petal length', 'petal width'],
                                    transformer=SimpleImputer())),
                ('categorical_imputer',
                 TransformerWrapper(include=[],
                                    transformer=SimpleImputer(strategy='most_frequent')))])
2025-09-29 13:27:43,694:INFO:Creating final display dataframe.
2025-09-29 13:27:43,721:INFO:Setup _display_container:                Description                 Value
0               Session id                  2334
1      Original data shape              (150, 4)
2   Transformed data shape              (150, 4)
3         Numeric features                     4
4               Preprocess                  True
5          Imputation type                simple
6       Numeric imputation                  mean
7   Categorical imputation                  mode
8                 CPU Jobs                    -1
9                  Use GPU                 False
10          Log Experiment                 False
11         Experiment Name  anomaly-default-name
12                     USI                  d8da
2025-09-29 13:27:43,732:INFO:setup() successfully completed in 1.78s...............
2025-09-29 13:27:43,732:INFO:Initializing create_model()
2025-09-29 13:27:43,732:INFO:create_model(self=<pycaret.anomaly.oop.AnomalyExperiment object at 0x00000241A3311250>, estimator=abod, num_clusters=4, fraction=0.05, ground_truth=None, round=4, fit_kwargs=None, experiment_custom_tags=None, verbose=True, system=True, add_to_model_list=True, raise_num_clusters=False, display=None, kwargs={})
2025-09-29 13:27:43,733:INFO:Checking exceptions
2025-09-29 13:27:43,773:INFO:Importing untrained model
2025-09-29 13:27:43,777:INFO:Angle-base Outlier Detection Imported successfully
2025-09-29 13:27:43,782:INFO:Fitting Model
2025-09-29 13:27:46,279:INFO:ABOD(contamination=0.05, method='fast', n_neighbors=5)
2025-09-29 13:27:46,279:INFO:create_models() successfully completed......................................
2025-09-29 13:27:46,283:INFO:Uploading results into container
2025-09-29 13:27:46,284:INFO:Uploading model into container now
2025-09-29 13:27:46,287:INFO:_master_model_container: 1
2025-09-29 13:27:46,287:INFO:_display_container: 1
2025-09-29 13:27:46,287:INFO:ABOD(contamination=0.05, method='fast', n_neighbors=5)
2025-09-29 13:27:46,288:INFO:create_model() successfully completed......................................
2025-09-29 13:27:46,376:INFO:Initializing assign_model()
2025-09-29 13:27:46,376:INFO:assign_model(self=<pycaret.anomaly.oop.AnomalyExperiment object at 0x00000241A3311250>, model=ABOD(contamination=0.05, method='fast', n_neighbors=5), transformation=False, score=True, verbose=True)
2025-09-29 13:27:46,376:INFO:Checking exceptions
2025-09-29 13:27:46,376:INFO:Determining Trained Model
2025-09-29 13:27:46,377:INFO:Trained Model : Angle-base Outlier Detection
2025-09-29 13:27:46,377:INFO:Copying data
2025-09-29 13:27:46,378:INFO:(150, 6)
2025-09-29 13:27:46,378:INFO:assign_model() successfully completed......................................
2025-09-29 16:54:44,662:WARNING:
'cuml' is a soft dependency and not included in the pycaret installation. Please run: `pip install cuml` to install.
2025-09-29 16:54:44,662:WARNING:
'cuml' is a soft dependency and not included in the pycaret installation. Please run: `pip install cuml` to install.
2025-09-29 16:54:44,662:WARNING:
'cuml' is a soft dependency and not included in the pycaret installation. Please run: `pip install cuml` to install.
2025-09-29 16:54:44,662:WARNING:
'cuml' is a soft dependency and not included in the pycaret installation. Please run: `pip install cuml` to install.
2025-09-29 16:54:45,808:INFO:PyCaret AnomalyExperiment
2025-09-29 16:54:45,808:INFO:Logging name: anomaly-default-name
2025-09-29 16:54:45,808:INFO:ML Usecase: MLUsecase.ANOMALY
2025-09-29 16:54:45,808:INFO:version 3.3.2
2025-09-29 16:54:45,808:INFO:Initializing setup()
2025-09-29 16:54:45,808:INFO:self.USI: 74fe
2025-09-29 16:54:45,808:INFO:self._variable_keys: {'idx', 'n_jobs_param', 'gpu_n_jobs_param', 'X', 'memory', 'logging_param', 'gpu_param', 'exp_name_log', '_available_plots', 'pipeline', 'USI', 'data', 'seed', 'log_plots_param', 'html_param', 'exp_id', '_ml_usecase'}
2025-09-29 16:54:45,809:INFO:Checking environment
2025-09-29 16:54:45,809:INFO:python_version: 3.9.0
2025-09-29 16:54:45,809:INFO:python_build: ('tags/v3.9.0:9cf6752', 'Oct  5 2020 15:34:40')
2025-09-29 16:54:45,809:INFO:machine: AMD64
2025-09-29 16:54:45,809:INFO:platform: Windows-10-10.0.19041-SP0
2025-09-29 16:54:45,812:INFO:Memory: svmem(total=8464662528, available=606871552, percent=92.8, used=7857790976, free=606871552)
2025-09-29 16:54:45,812:INFO:Physical Core: 2
2025-09-29 16:54:45,812:INFO:Logical Core: 4
2025-09-29 16:54:45,812:INFO:Checking libraries
2025-09-29 16:54:45,812:INFO:System:
2025-09-29 16:54:45,812:INFO:    python: 3.9.0 (tags/v3.9.0:9cf6752, Oct  5 2020, 15:34:40) [MSC v.1927 64 bit (AMD64)]
2025-09-29 16:54:45,812:INFO:executable: C:\Users\USERB-PC\AppData\Local\Programs\Python\Python39\python.exe
2025-09-29 16:54:45,812:INFO:   machine: Windows-10-10.0.19041-SP0
2025-09-29 16:54:45,812:INFO:PyCaret required dependencies:
2025-09-29 16:54:45,907:INFO:                 pip: 25.2
2025-09-29 16:54:45,907:INFO:          setuptools: 49.2.1
2025-09-29 16:54:45,907:INFO:             pycaret: 3.3.2
2025-09-29 16:54:45,907:INFO:             IPython: 8.18.1
2025-09-29 16:54:45,907:INFO:          ipywidgets: 8.1.7
2025-09-29 16:54:45,907:INFO:                tqdm: 4.67.1
2025-09-29 16:54:45,907:INFO:               numpy: 1.24.3
2025-09-29 16:54:45,907:INFO:              pandas: 2.0.3
2025-09-29 16:54:45,907:INFO:              jinja2: 3.1.5
2025-09-29 16:54:45,907:INFO:               scipy: 1.11.4
2025-09-29 16:54:45,908:INFO:              joblib: 1.3.2
2025-09-29 16:54:45,908:INFO:             sklearn: 1.4.2
2025-09-29 16:54:45,908:INFO:                pyod: 2.0.5
2025-09-29 16:54:45,908:INFO:            imblearn: 0.12.4
2025-09-29 16:54:45,908:INFO:   category_encoders: 2.6.4
2025-09-29 16:54:45,908:INFO:            lightgbm: 4.6.0
2025-09-29 16:54:45,908:INFO:               numba: 0.60.0
2025-09-29 16:54:45,908:INFO:            requests: 2.32.3
2025-09-29 16:54:45,908:INFO:          matplotlib: 3.7.2
2025-09-29 16:54:45,908:INFO:          scikitplot: 0.3.7
2025-09-29 16:54:45,908:INFO:         yellowbrick: 1.5
2025-09-29 16:54:45,908:INFO:              plotly: 6.3.0
2025-09-29 16:54:45,908:INFO:    plotly-resampler: Not installed
2025-09-29 16:54:45,908:INFO:             kaleido: 1.1.0
2025-09-29 16:54:45,908:INFO:           schemdraw: 0.15
2025-09-29 16:54:45,908:INFO:         statsmodels: 0.14.5
2025-09-29 16:54:45,908:INFO:              sktime: 0.26.0
2025-09-29 16:54:45,908:INFO:               tbats: 1.1.3
2025-09-29 16:54:45,909:INFO:            pmdarima: 2.0.4
2025-09-29 16:54:45,909:INFO:              psutil: 7.0.0
2025-09-29 16:54:45,909:INFO:          markupsafe: 3.0.2
2025-09-29 16:54:45,909:INFO:             pickle5: Not installed
2025-09-29 16:54:45,909:INFO:         cloudpickle: 3.1.1
2025-09-29 16:54:45,909:INFO:         deprecation: 2.1.0
2025-09-29 16:54:45,909:INFO:              xxhash: 3.5.0
2025-09-29 16:54:45,909:INFO:           wurlitzer: Not installed
2025-09-29 16:54:45,909:INFO:PyCaret optional dependencies:
2025-09-29 16:54:45,923:INFO:                shap: Not installed
2025-09-29 16:54:45,923:INFO:           interpret: Not installed
2025-09-29 16:54:45,923:INFO:                umap: Not installed
2025-09-29 16:54:45,923:INFO:     ydata_profiling: Not installed
2025-09-29 16:54:45,923:INFO:  explainerdashboard: Not installed
2025-09-29 16:54:45,923:INFO:             autoviz: Not installed
2025-09-29 16:54:45,923:INFO:           fairlearn: Not installed
2025-09-29 16:54:45,923:INFO:          deepchecks: Not installed
2025-09-29 16:54:45,923:INFO:             xgboost: Not installed
2025-09-29 16:54:45,923:INFO:            catboost: Not installed
2025-09-29 16:54:45,923:INFO:              kmodes: Not installed
2025-09-29 16:54:45,923:INFO:             mlxtend: 0.23.4
2025-09-29 16:54:45,923:INFO:       statsforecast: Not installed
2025-09-29 16:54:45,923:INFO:        tune_sklearn: Not installed
2025-09-29 16:54:45,923:INFO:                 ray: Not installed
2025-09-29 16:54:45,924:INFO:            hyperopt: Not installed
2025-09-29 16:54:45,924:INFO:              optuna: Not installed
2025-09-29 16:54:45,924:INFO:               skopt: Not installed
2025-09-29 16:54:45,924:INFO:              mlflow: Not installed
2025-09-29 16:54:45,924:INFO:              gradio: Not installed
2025-09-29 16:54:45,924:INFO:             fastapi: Not installed
2025-09-29 16:54:45,924:INFO:             uvicorn: Not installed
2025-09-29 16:54:45,924:INFO:              m2cgen: Not installed
2025-09-29 16:54:45,924:INFO:           evidently: Not installed
2025-09-29 16:54:45,924:INFO:               fugue: Not installed
2025-09-29 16:54:45,924:INFO:           streamlit: Not installed
2025-09-29 16:54:45,924:INFO:             prophet: Not installed
2025-09-29 16:54:45,924:INFO:None
2025-09-29 16:54:45,924:INFO:Set up data.
2025-09-29 16:54:45,928:INFO:Set up index.
2025-09-29 16:54:45,928:INFO:Assigning column types.
2025-09-29 16:54:45,930:INFO:Engine successfully changes for model 'kmeans' to 'sklearn'.
2025-09-29 16:54:46,962:INFO:Engine successfully changes for model 'dbscan' to 'sklearn'.
2025-09-29 16:54:46,965:INFO:Preparing preprocessing pipeline...
2025-09-29 16:54:46,965:INFO:Set up simple imputation.
2025-09-29 16:54:47,038:INFO:Finished creating preprocessing pipeline.
2025-09-29 16:54:47,046:INFO:Pipeline: Pipeline(memory=FastMemory(location=C:\Users\USERB-PC\AppData\Local\Temp\joblib),
         steps=[('numerical_imputer',
                 TransformerWrapper(include=['sepal length', 'sepal width',
                                             'petal length', 'petal width'],
                                    transformer=SimpleImputer())),
                ('categorical_imputer',
                 TransformerWrapper(include=[],
                                    transformer=SimpleImputer(strategy='most_frequent')))])
2025-09-29 16:54:47,046:INFO:Creating final display dataframe.
2025-09-29 16:54:47,065:INFO:Setup _display_container:                Description                 Value
0               Session id                  5185
1      Original data shape              (150, 4)
2   Transformed data shape              (150, 4)
3         Numeric features                     4
4               Preprocess                  True
5          Imputation type                simple
6       Numeric imputation                  mean
7   Categorical imputation                  mode
8                 CPU Jobs                    -1
9                  Use GPU                 False
10          Log Experiment                 False
11         Experiment Name  anomaly-default-name
12                     USI                  74fe
2025-09-29 16:54:47,077:INFO:setup() successfully completed in 1.27s...............
2025-09-29 16:54:47,078:INFO:Initializing create_model()
2025-09-29 16:54:47,078:INFO:create_model(self=<pycaret.anomaly.oop.AnomalyExperiment object at 0x000002116305DD00>, estimator=abod, num_clusters=4, fraction=0.05, ground_truth=None, round=4, fit_kwargs=None, experiment_custom_tags=None, verbose=True, system=True, add_to_model_list=True, raise_num_clusters=False, display=None, kwargs={})
2025-09-29 16:54:47,078:INFO:Checking exceptions
2025-09-29 16:54:47,117:INFO:Importing untrained model
2025-09-29 16:54:47,121:INFO:Angle-base Outlier Detection Imported successfully
2025-09-29 16:54:47,127:INFO:Fitting Model
2025-09-29 16:54:49,634:INFO:ABOD(contamination=0.05, method='fast', n_neighbors=5)
2025-09-29 16:54:49,634:INFO:create_models() successfully completed......................................
2025-09-29 16:54:49,638:INFO:Uploading results into container
2025-09-29 16:54:49,639:INFO:Uploading model into container now
2025-09-29 16:54:49,642:INFO:_master_model_container: 1
2025-09-29 16:54:49,642:INFO:_display_container: 1
2025-09-29 16:54:49,642:INFO:ABOD(contamination=0.05, method='fast', n_neighbors=5)
2025-09-29 16:54:49,642:INFO:create_model() successfully completed......................................
2025-09-29 16:54:49,731:INFO:Initializing assign_model()
2025-09-29 16:54:49,731:INFO:assign_model(self=<pycaret.anomaly.oop.AnomalyExperiment object at 0x000002116305DD00>, model=ABOD(contamination=0.05, method='fast', n_neighbors=5), transformation=False, score=True, verbose=True)
2025-09-29 16:54:49,732:INFO:Checking exceptions
2025-09-29 16:54:49,732:INFO:Determining Trained Model
2025-09-29 16:54:49,732:INFO:Trained Model : Angle-base Outlier Detection
2025-09-29 16:54:49,732:INFO:Copying data
2025-09-29 16:54:49,733:INFO:(150, 6)
2025-09-29 16:54:49,734:INFO:assign_model() successfully completed......................................
2025-09-29 20:11:35,356:WARNING:
'cuml' is a soft dependency and not included in the pycaret installation. Please run: `pip install cuml` to install.
2025-09-29 20:11:35,356:WARNING:
'cuml' is a soft dependency and not included in the pycaret installation. Please run: `pip install cuml` to install.
2025-09-29 20:11:35,356:WARNING:
'cuml' is a soft dependency and not included in the pycaret installation. Please run: `pip install cuml` to install.
2025-09-29 20:11:35,356:WARNING:
'cuml' is a soft dependency and not included in the pycaret installation. Please run: `pip install cuml` to install.
2025-09-29 20:11:36,546:INFO:PyCaret AnomalyExperiment
2025-09-29 20:11:36,546:INFO:Logging name: anomaly-default-name
2025-09-29 20:11:36,546:INFO:ML Usecase: MLUsecase.ANOMALY
2025-09-29 20:11:36,546:INFO:version 3.3.2
2025-09-29 20:11:36,546:INFO:Initializing setup()
2025-09-29 20:11:36,546:INFO:self.USI: 894a
2025-09-29 20:11:36,546:INFO:self._variable_keys: {'_ml_usecase', 'USI', 'exp_id', 'pipeline', 'memory', 'html_param', 'log_plots_param', 'idx', 'gpu_n_jobs_param', 'data', 'X', 'logging_param', 'exp_name_log', '_available_plots', 'gpu_param', 'n_jobs_param', 'seed'}
2025-09-29 20:11:36,546:INFO:Checking environment
2025-09-29 20:11:36,546:INFO:python_version: 3.9.0
2025-09-29 20:11:36,546:INFO:python_build: ('tags/v3.9.0:9cf6752', 'Oct  5 2020 15:34:40')
2025-09-29 20:11:36,546:INFO:machine: AMD64
2025-09-29 20:11:36,546:INFO:platform: Windows-10-10.0.19041-SP0
2025-09-29 20:11:36,549:INFO:Memory: svmem(total=8464662528, available=1235877888, percent=85.4, used=7228784640, free=1235877888)
2025-09-29 20:11:36,549:INFO:Physical Core: 2
2025-09-29 20:11:36,549:INFO:Logical Core: 4
2025-09-29 20:11:36,549:INFO:Checking libraries
2025-09-29 20:11:36,549:INFO:System:
2025-09-29 20:11:36,549:INFO:    python: 3.9.0 (tags/v3.9.0:9cf6752, Oct  5 2020, 15:34:40) [MSC v.1927 64 bit (AMD64)]
2025-09-29 20:11:36,550:INFO:executable: C:\Users\USERB-PC\AppData\Local\Programs\Python\Python39\python.exe
2025-09-29 20:11:36,550:INFO:   machine: Windows-10-10.0.19041-SP0
2025-09-29 20:11:36,550:INFO:PyCaret required dependencies:
2025-09-29 20:11:36,654:INFO:                 pip: 25.2
2025-09-29 20:11:36,654:INFO:          setuptools: 49.2.1
2025-09-29 20:11:36,654:INFO:             pycaret: 3.3.2
2025-09-29 20:11:36,654:INFO:             IPython: 8.18.1
2025-09-29 20:11:36,654:INFO:          ipywidgets: 8.1.7
2025-09-29 20:11:36,654:INFO:                tqdm: 4.67.1
2025-09-29 20:11:36,654:INFO:               numpy: 1.24.3
2025-09-29 20:11:36,654:INFO:              pandas: 2.0.3
2025-09-29 20:11:36,654:INFO:              jinja2: 3.1.5
2025-09-29 20:11:36,655:INFO:               scipy: 1.11.4
2025-09-29 20:11:36,655:INFO:              joblib: 1.3.2
2025-09-29 20:11:36,655:INFO:             sklearn: 1.4.2
2025-09-29 20:11:36,655:INFO:                pyod: 2.0.5
2025-09-29 20:11:36,655:INFO:            imblearn: 0.12.4
2025-09-29 20:11:36,655:INFO:   category_encoders: 2.6.4
2025-09-29 20:11:36,655:INFO:            lightgbm: 4.6.0
2025-09-29 20:11:36,655:INFO:               numba: 0.60.0
2025-09-29 20:11:36,655:INFO:            requests: 2.32.3
2025-09-29 20:11:36,655:INFO:          matplotlib: 3.7.2
2025-09-29 20:11:36,655:INFO:          scikitplot: 0.3.7
2025-09-29 20:11:36,655:INFO:         yellowbrick: 1.5
2025-09-29 20:11:36,655:INFO:              plotly: 6.3.0
2025-09-29 20:11:36,655:INFO:    plotly-resampler: Not installed
2025-09-29 20:11:36,655:INFO:             kaleido: 1.1.0
2025-09-29 20:11:36,655:INFO:           schemdraw: 0.15
2025-09-29 20:11:36,655:INFO:         statsmodels: 0.14.5
2025-09-29 20:11:36,655:INFO:              sktime: 0.26.0
2025-09-29 20:11:36,655:INFO:               tbats: 1.1.3
2025-09-29 20:11:36,655:INFO:            pmdarima: 2.0.4
2025-09-29 20:11:36,655:INFO:              psutil: 7.0.0
2025-09-29 20:11:36,655:INFO:          markupsafe: 3.0.2
2025-09-29 20:11:36,656:INFO:             pickle5: Not installed
2025-09-29 20:11:36,656:INFO:         cloudpickle: 3.1.1
2025-09-29 20:11:36,656:INFO:         deprecation: 2.1.0
2025-09-29 20:11:36,656:INFO:              xxhash: 3.5.0
2025-09-29 20:11:36,656:INFO:           wurlitzer: Not installed
2025-09-29 20:11:36,656:INFO:PyCaret optional dependencies:
2025-09-29 20:11:36,669:INFO:                shap: Not installed
2025-09-29 20:11:36,669:INFO:           interpret: Not installed
2025-09-29 20:11:36,669:INFO:                umap: Not installed
2025-09-29 20:11:36,670:INFO:     ydata_profiling: Not installed
2025-09-29 20:11:36,670:INFO:  explainerdashboard: Not installed
2025-09-29 20:11:36,670:INFO:             autoviz: Not installed
2025-09-29 20:11:36,670:INFO:           fairlearn: Not installed
2025-09-29 20:11:36,670:INFO:          deepchecks: Not installed
2025-09-29 20:11:36,670:INFO:             xgboost: Not installed
2025-09-29 20:11:36,670:INFO:            catboost: Not installed
2025-09-29 20:11:36,670:INFO:              kmodes: Not installed
2025-09-29 20:11:36,670:INFO:             mlxtend: 0.23.4
2025-09-29 20:11:36,670:INFO:       statsforecast: Not installed
2025-09-29 20:11:36,670:INFO:        tune_sklearn: Not installed
2025-09-29 20:11:36,670:INFO:                 ray: Not installed
2025-09-29 20:11:36,670:INFO:            hyperopt: Not installed
2025-09-29 20:11:36,670:INFO:              optuna: Not installed
2025-09-29 20:11:36,670:INFO:               skopt: Not installed
2025-09-29 20:11:36,670:INFO:              mlflow: Not installed
2025-09-29 20:11:36,670:INFO:              gradio: Not installed
2025-09-29 20:11:36,671:INFO:             fastapi: Not installed
2025-09-29 20:11:36,671:INFO:             uvicorn: Not installed
2025-09-29 20:11:36,671:INFO:              m2cgen: Not installed
2025-09-29 20:11:36,671:INFO:           evidently: Not installed
2025-09-29 20:11:36,671:INFO:               fugue: Not installed
2025-09-29 20:11:36,671:INFO:           streamlit: Not installed
2025-09-29 20:11:36,671:INFO:             prophet: Not installed
2025-09-29 20:11:36,671:INFO:None
2025-09-29 20:11:36,671:INFO:Set up data.
2025-09-29 20:11:36,674:INFO:Set up index.
2025-09-29 20:11:36,674:INFO:Assigning column types.
2025-09-29 20:11:36,678:INFO:Engine successfully changes for model 'kmeans' to 'sklearn'.
2025-09-29 20:11:37,696:INFO:Engine successfully changes for model 'dbscan' to 'sklearn'.
2025-09-29 20:11:37,700:INFO:Preparing preprocessing pipeline...
2025-09-29 20:11:37,700:INFO:Set up simple imputation.
2025-09-29 20:11:37,718:INFO:Finished creating preprocessing pipeline.
2025-09-29 20:11:37,725:INFO:Pipeline: Pipeline(memory=FastMemory(location=C:\Users\USERB-PC\AppData\Local\Temp\joblib),
         steps=[('numerical_imputer',
                 TransformerWrapper(include=['sepal length', 'sepal width',
                                             'petal length', 'petal width'],
                                    transformer=SimpleImputer())),
                ('categorical_imputer',
                 TransformerWrapper(include=[],
                                    transformer=SimpleImputer(strategy='most_frequent')))])
2025-09-29 20:11:37,725:INFO:Creating final display dataframe.
2025-09-29 20:11:37,742:INFO:Setup _display_container:                Description                 Value
0               Session id                  6628
1      Original data shape              (150, 4)
2   Transformed data shape              (150, 4)
3         Numeric features                     4
4               Preprocess                  True
5          Imputation type                simple
6       Numeric imputation                  mean
7   Categorical imputation                  mode
8                 CPU Jobs                    -1
9                  Use GPU                 False
10          Log Experiment                 False
11         Experiment Name  anomaly-default-name
12                     USI                  894a
2025-09-29 20:11:37,754:INFO:setup() successfully completed in 1.21s...............
2025-09-29 20:11:37,755:INFO:Initializing create_model()
2025-09-29 20:11:37,755:INFO:create_model(self=<pycaret.anomaly.oop.AnomalyExperiment object at 0x000002BBC5170280>, estimator=abod, num_clusters=4, fraction=0.05, ground_truth=None, round=4, fit_kwargs=None, experiment_custom_tags=None, verbose=True, system=True, add_to_model_list=True, raise_num_clusters=False, display=None, kwargs={})
2025-09-29 20:11:37,755:INFO:Checking exceptions
2025-09-29 20:11:37,794:INFO:Importing untrained model
2025-09-29 20:11:37,799:INFO:Angle-base Outlier Detection Imported successfully
2025-09-29 20:11:37,804:INFO:Fitting Model
2025-09-29 20:11:40,145:INFO:ABOD(contamination=0.05, method='fast', n_neighbors=5)
2025-09-29 20:11:40,145:INFO:create_models() successfully completed......................................
2025-09-29 20:11:40,149:INFO:Uploading results into container
2025-09-29 20:11:40,149:INFO:Uploading model into container now
2025-09-29 20:11:40,152:INFO:_master_model_container: 1
2025-09-29 20:11:40,152:INFO:_display_container: 1
2025-09-29 20:11:40,153:INFO:ABOD(contamination=0.05, method='fast', n_neighbors=5)
2025-09-29 20:11:40,153:INFO:create_model() successfully completed......................................
2025-09-29 20:11:40,241:INFO:Initializing assign_model()
2025-09-29 20:11:40,241:INFO:assign_model(self=<pycaret.anomaly.oop.AnomalyExperiment object at 0x000002BBC5170280>, model=ABOD(contamination=0.05, method='fast', n_neighbors=5), transformation=False, score=True, verbose=True)
2025-09-29 20:11:40,241:INFO:Checking exceptions
2025-09-29 20:11:40,241:INFO:Determining Trained Model
2025-09-29 20:11:40,241:INFO:Trained Model : Angle-base Outlier Detection
2025-09-29 20:11:40,241:INFO:Copying data
2025-09-29 20:11:40,243:INFO:(150, 6)
2025-09-29 20:11:40,243:INFO:assign_model() successfully completed......................................
2025-09-29 20:21:27,335:WARNING:
'cuml' is a soft dependency and not included in the pycaret installation. Please run: `pip install cuml` to install.
2025-09-29 20:21:27,337:WARNING:
'cuml' is a soft dependency and not included in the pycaret installation. Please run: `pip install cuml` to install.
2025-09-29 20:21:27,337:WARNING:
'cuml' is a soft dependency and not included in the pycaret installation. Please run: `pip install cuml` to install.
2025-09-29 20:21:27,337:WARNING:
'cuml' is a soft dependency and not included in the pycaret installation. Please run: `pip install cuml` to install.
2025-09-29 20:21:28,465:INFO:PyCaret AnomalyExperiment
2025-09-29 20:21:28,465:INFO:Logging name: anomaly-default-name
2025-09-29 20:21:28,465:INFO:ML Usecase: MLUsecase.ANOMALY
2025-09-29 20:21:28,465:INFO:version 3.3.2
2025-09-29 20:21:28,465:INFO:Initializing setup()
2025-09-29 20:21:28,465:INFO:self.USI: 1f05
2025-09-29 20:21:28,465:INFO:self._variable_keys: {'idx', '_available_plots', 'pipeline', 'X', 'exp_id', 'log_plots_param', 'gpu_n_jobs_param', '_ml_usecase', 'n_jobs_param', 'USI', 'logging_param', 'memory', 'exp_name_log', 'data', 'gpu_param', 'seed', 'html_param'}
2025-09-29 20:21:28,465:INFO:Checking environment
2025-09-29 20:21:28,466:INFO:python_version: 3.9.0
2025-09-29 20:21:28,466:INFO:python_build: ('tags/v3.9.0:9cf6752', 'Oct  5 2020 15:34:40')
2025-09-29 20:21:28,466:INFO:machine: AMD64
2025-09-29 20:21:28,466:INFO:platform: Windows-10-10.0.19041-SP0
2025-09-29 20:21:28,470:INFO:Memory: svmem(total=8464662528, available=1083817984, percent=87.2, used=7380844544, free=1083817984)
2025-09-29 20:21:28,470:INFO:Physical Core: 2
2025-09-29 20:21:28,470:INFO:Logical Core: 4
2025-09-29 20:21:28,470:INFO:Checking libraries
2025-09-29 20:21:28,470:INFO:System:
2025-09-29 20:21:28,470:INFO:    python: 3.9.0 (tags/v3.9.0:9cf6752, Oct  5 2020, 15:34:40) [MSC v.1927 64 bit (AMD64)]
2025-09-29 20:21:28,470:INFO:executable: C:\Users\USERB-PC\AppData\Local\Programs\Python\Python39\python.exe
2025-09-29 20:21:28,470:INFO:   machine: Windows-10-10.0.19041-SP0
2025-09-29 20:21:28,470:INFO:PyCaret required dependencies:
2025-09-29 20:21:28,564:INFO:                 pip: 25.2
2025-09-29 20:21:28,564:INFO:          setuptools: 49.2.1
2025-09-29 20:21:28,564:INFO:             pycaret: 3.3.2
2025-09-29 20:21:28,564:INFO:             IPython: 8.18.1
2025-09-29 20:21:28,564:INFO:          ipywidgets: 8.1.7
2025-09-29 20:21:28,564:INFO:                tqdm: 4.67.1
2025-09-29 20:21:28,564:INFO:               numpy: 1.24.3
2025-09-29 20:21:28,564:INFO:              pandas: 2.0.3
2025-09-29 20:21:28,564:INFO:              jinja2: 3.1.5
2025-09-29 20:21:28,564:INFO:               scipy: 1.11.4
2025-09-29 20:21:28,564:INFO:              joblib: 1.3.2
2025-09-29 20:21:28,565:INFO:             sklearn: 1.4.2
2025-09-29 20:21:28,565:INFO:                pyod: 2.0.5
2025-09-29 20:21:28,565:INFO:            imblearn: 0.12.4
2025-09-29 20:21:28,565:INFO:   category_encoders: 2.6.4
2025-09-29 20:21:28,565:INFO:            lightgbm: 4.6.0
2025-09-29 20:21:28,565:INFO:               numba: 0.60.0
2025-09-29 20:21:28,565:INFO:            requests: 2.32.3
2025-09-29 20:21:28,565:INFO:          matplotlib: 3.7.2
2025-09-29 20:21:28,565:INFO:          scikitplot: 0.3.7
2025-09-29 20:21:28,565:INFO:         yellowbrick: 1.5
2025-09-29 20:21:28,565:INFO:              plotly: 6.3.0
2025-09-29 20:21:28,565:INFO:    plotly-resampler: Not installed
2025-09-29 20:21:28,565:INFO:             kaleido: 1.1.0
2025-09-29 20:21:28,565:INFO:           schemdraw: 0.15
2025-09-29 20:21:28,565:INFO:         statsmodels: 0.14.5
2025-09-29 20:21:28,565:INFO:              sktime: 0.26.0
2025-09-29 20:21:28,565:INFO:               tbats: 1.1.3
2025-09-29 20:21:28,565:INFO:            pmdarima: 2.0.4
2025-09-29 20:21:28,566:INFO:              psutil: 7.0.0
2025-09-29 20:21:28,566:INFO:          markupsafe: 3.0.2
2025-09-29 20:21:28,566:INFO:             pickle5: Not installed
2025-09-29 20:21:28,566:INFO:         cloudpickle: 3.1.1
2025-09-29 20:21:28,566:INFO:         deprecation: 2.1.0
2025-09-29 20:21:28,566:INFO:              xxhash: 3.5.0
2025-09-29 20:21:28,566:INFO:           wurlitzer: Not installed
2025-09-29 20:21:28,566:INFO:PyCaret optional dependencies:
2025-09-29 20:21:28,579:INFO:                shap: Not installed
2025-09-29 20:21:28,579:INFO:           interpret: Not installed
2025-09-29 20:21:28,579:INFO:                umap: Not installed
2025-09-29 20:21:28,579:INFO:     ydata_profiling: Not installed
2025-09-29 20:21:28,579:INFO:  explainerdashboard: Not installed
2025-09-29 20:21:28,579:INFO:             autoviz: Not installed
2025-09-29 20:21:28,579:INFO:           fairlearn: Not installed
2025-09-29 20:21:28,579:INFO:          deepchecks: Not installed
2025-09-29 20:21:28,579:INFO:             xgboost: Not installed
2025-09-29 20:21:28,579:INFO:            catboost: Not installed
2025-09-29 20:21:28,579:INFO:              kmodes: Not installed
2025-09-29 20:21:28,579:INFO:             mlxtend: 0.23.4
2025-09-29 20:21:28,579:INFO:       statsforecast: Not installed
2025-09-29 20:21:28,579:INFO:        tune_sklearn: Not installed
2025-09-29 20:21:28,579:INFO:                 ray: Not installed
2025-09-29 20:21:28,579:INFO:            hyperopt: Not installed
2025-09-29 20:21:28,580:INFO:              optuna: Not installed
2025-09-29 20:21:28,580:INFO:               skopt: Not installed
2025-09-29 20:21:28,580:INFO:              mlflow: Not installed
2025-09-29 20:21:28,580:INFO:              gradio: Not installed
2025-09-29 20:21:28,580:INFO:             fastapi: Not installed
2025-09-29 20:21:28,580:INFO:             uvicorn: Not installed
2025-09-29 20:21:28,580:INFO:              m2cgen: Not installed
2025-09-29 20:21:28,580:INFO:           evidently: Not installed
2025-09-29 20:21:28,580:INFO:               fugue: Not installed
2025-09-29 20:21:28,580:INFO:           streamlit: Not installed
2025-09-29 20:21:28,580:INFO:             prophet: Not installed
2025-09-29 20:21:28,580:INFO:None
2025-09-29 20:21:28,580:INFO:Set up data.
2025-09-29 20:21:28,583:INFO:Set up index.
2025-09-29 20:21:28,584:INFO:Assigning column types.
2025-09-29 20:21:28,586:INFO:Engine successfully changes for model 'kmeans' to 'sklearn'.
2025-09-29 20:21:29,503:INFO:Engine successfully changes for model 'dbscan' to 'sklearn'.
2025-09-29 20:21:29,506:INFO:Preparing preprocessing pipeline...
2025-09-29 20:21:29,506:INFO:Set up simple imputation.
2025-09-29 20:21:29,526:INFO:Finished creating preprocessing pipeline.
2025-09-29 20:21:29,533:INFO:Pipeline: Pipeline(memory=FastMemory(location=C:\Users\USERB-PC\AppData\Local\Temp\joblib),
         steps=[('numerical_imputer',
                 TransformerWrapper(include=['sepal length', 'sepal width',
                                             'petal length', 'petal width'],
                                    transformer=SimpleImputer())),
                ('categorical_imputer',
                 TransformerWrapper(include=[],
                                    transformer=SimpleImputer(strategy='most_frequent')))])
2025-09-29 20:21:29,533:INFO:Creating final display dataframe.
2025-09-29 20:21:29,610:INFO:Setup _display_container:                Description                 Value
0               Session id                   845
1      Original data shape              (150, 4)
2   Transformed data shape              (150, 4)
3         Numeric features                     4
4               Preprocess                  True
5          Imputation type                simple
6       Numeric imputation                  mean
7   Categorical imputation                  mode
8                 CPU Jobs                    -1
9                  Use GPU                 False
10          Log Experiment                 False
11         Experiment Name  anomaly-default-name
12                     USI                  1f05
2025-09-29 20:21:29,622:INFO:setup() successfully completed in 1.16s...............
2025-09-29 20:21:29,622:INFO:Initializing create_model()
2025-09-29 20:21:29,622:INFO:create_model(self=<pycaret.anomaly.oop.AnomalyExperiment object at 0x0000018E5B110280>, estimator=abod, num_clusters=4, fraction=0.05, ground_truth=None, round=4, fit_kwargs=None, experiment_custom_tags=None, verbose=True, system=True, add_to_model_list=True, raise_num_clusters=False, display=None, kwargs={})
2025-09-29 20:21:29,622:INFO:Checking exceptions
2025-09-29 20:21:29,662:INFO:Importing untrained model
2025-09-29 20:21:29,669:INFO:Angle-base Outlier Detection Imported successfully
2025-09-29 20:21:29,675:INFO:Fitting Model
2025-09-29 20:21:31,984:INFO:ABOD(contamination=0.05, method='fast', n_neighbors=5)
2025-09-29 20:21:31,984:INFO:create_models() successfully completed......................................
2025-09-29 20:21:31,988:INFO:Uploading results into container
2025-09-29 20:21:31,989:INFO:Uploading model into container now
2025-09-29 20:21:31,992:INFO:_master_model_container: 1
2025-09-29 20:21:31,992:INFO:_display_container: 1
2025-09-29 20:21:31,992:INFO:ABOD(contamination=0.05, method='fast', n_neighbors=5)
2025-09-29 20:21:31,993:INFO:create_model() successfully completed......................................
2025-09-29 20:21:32,080:INFO:Initializing assign_model()
2025-09-29 20:21:32,080:INFO:assign_model(self=<pycaret.anomaly.oop.AnomalyExperiment object at 0x0000018E5B110280>, model=ABOD(contamination=0.05, method='fast', n_neighbors=5), transformation=False, score=True, verbose=True)
2025-09-29 20:21:32,080:INFO:Checking exceptions
2025-09-29 20:21:32,081:INFO:Determining Trained Model
2025-09-29 20:21:32,081:INFO:Trained Model : Angle-base Outlier Detection
2025-09-29 20:21:32,081:INFO:Copying data
2025-09-29 20:21:32,082:INFO:(150, 6)
2025-09-29 20:21:32,083:INFO:assign_model() successfully completed......................................
2025-09-29 20:27:16,638:WARNING:
'cuml' is a soft dependency and not included in the pycaret installation. Please run: `pip install cuml` to install.
2025-09-29 20:27:16,639:WARNING:
'cuml' is a soft dependency and not included in the pycaret installation. Please run: `pip install cuml` to install.
2025-09-29 20:27:16,639:WARNING:
'cuml' is a soft dependency and not included in the pycaret installation. Please run: `pip install cuml` to install.
2025-09-29 20:27:16,639:WARNING:
'cuml' is a soft dependency and not included in the pycaret installation. Please run: `pip install cuml` to install.
2025-09-29 20:27:17,752:INFO:PyCaret AnomalyExperiment
2025-09-29 20:27:17,752:INFO:Logging name: anomaly-default-name
2025-09-29 20:27:17,752:INFO:ML Usecase: MLUsecase.ANOMALY
2025-09-29 20:27:17,752:INFO:version 3.3.2
2025-09-29 20:27:17,752:INFO:Initializing setup()
2025-09-29 20:27:17,752:INFO:self.USI: 78e4
2025-09-29 20:27:17,752:INFO:self._variable_keys: {'USI', 'gpu_param', 'X', 'idx', '_available_plots', 'logging_param', 'html_param', 'log_plots_param', 'gpu_n_jobs_param', '_ml_usecase', 'memory', 'pipeline', 'exp_id', 'n_jobs_param', 'seed', 'exp_name_log', 'data'}
2025-09-29 20:27:17,752:INFO:Checking environment
2025-09-29 20:27:17,752:INFO:python_version: 3.9.0
2025-09-29 20:27:17,753:INFO:python_build: ('tags/v3.9.0:9cf6752', 'Oct  5 2020 15:34:40')
2025-09-29 20:27:17,753:INFO:machine: AMD64
2025-09-29 20:27:17,753:INFO:platform: Windows-10-10.0.19041-SP0
2025-09-29 20:27:17,755:INFO:Memory: svmem(total=8464662528, available=1153421312, percent=86.4, used=7311241216, free=1153421312)
2025-09-29 20:27:17,755:INFO:Physical Core: 2
2025-09-29 20:27:17,755:INFO:Logical Core: 4
2025-09-29 20:27:17,755:INFO:Checking libraries
2025-09-29 20:27:17,755:INFO:System:
2025-09-29 20:27:17,756:INFO:    python: 3.9.0 (tags/v3.9.0:9cf6752, Oct  5 2020, 15:34:40) [MSC v.1927 64 bit (AMD64)]
2025-09-29 20:27:17,756:INFO:executable: C:\Users\USERB-PC\AppData\Local\Programs\Python\Python39\python.exe
2025-09-29 20:27:17,756:INFO:   machine: Windows-10-10.0.19041-SP0
2025-09-29 20:27:17,756:INFO:PyCaret required dependencies:
2025-09-29 20:27:17,855:INFO:                 pip: 25.2
2025-09-29 20:27:17,855:INFO:          setuptools: 49.2.1
2025-09-29 20:27:17,855:INFO:             pycaret: 3.3.2
2025-09-29 20:27:17,855:INFO:             IPython: 8.18.1
2025-09-29 20:27:17,856:INFO:          ipywidgets: 8.1.7
2025-09-29 20:27:17,856:INFO:                tqdm: 4.67.1
2025-09-29 20:27:17,856:INFO:               numpy: 1.24.3
2025-09-29 20:27:17,856:INFO:              pandas: 2.0.3
2025-09-29 20:27:17,856:INFO:              jinja2: 3.1.5
2025-09-29 20:27:17,856:INFO:               scipy: 1.11.4
2025-09-29 20:27:17,856:INFO:              joblib: 1.3.2
2025-09-29 20:27:17,856:INFO:             sklearn: 1.4.2
2025-09-29 20:27:17,856:INFO:                pyod: 2.0.5
2025-09-29 20:27:17,856:INFO:            imblearn: 0.12.4
2025-09-29 20:27:17,856:INFO:   category_encoders: 2.6.4
2025-09-29 20:27:17,856:INFO:            lightgbm: 4.6.0
2025-09-29 20:27:17,856:INFO:               numba: 0.60.0
2025-09-29 20:27:17,856:INFO:            requests: 2.32.3
2025-09-29 20:27:17,856:INFO:          matplotlib: 3.7.2
2025-09-29 20:27:17,856:INFO:          scikitplot: 0.3.7
2025-09-29 20:27:17,856:INFO:         yellowbrick: 1.5
2025-09-29 20:27:17,857:INFO:              plotly: 6.3.0
2025-09-29 20:27:17,857:INFO:    plotly-resampler: Not installed
2025-09-29 20:27:17,857:INFO:             kaleido: 1.1.0
2025-09-29 20:27:17,857:INFO:           schemdraw: 0.15
2025-09-29 20:27:17,857:INFO:         statsmodels: 0.14.5
2025-09-29 20:27:17,857:INFO:              sktime: 0.26.0
2025-09-29 20:27:17,857:INFO:               tbats: 1.1.3
2025-09-29 20:27:17,857:INFO:            pmdarima: 2.0.4
2025-09-29 20:27:17,857:INFO:              psutil: 7.0.0
2025-09-29 20:27:17,857:INFO:          markupsafe: 3.0.2
2025-09-29 20:27:17,857:INFO:             pickle5: Not installed
2025-09-29 20:27:17,857:INFO:         cloudpickle: 3.1.1
2025-09-29 20:27:17,857:INFO:         deprecation: 2.1.0
2025-09-29 20:27:17,857:INFO:              xxhash: 3.5.0
2025-09-29 20:27:17,858:INFO:           wurlitzer: Not installed
2025-09-29 20:27:17,858:INFO:PyCaret optional dependencies:
2025-09-29 20:27:17,875:INFO:                shap: Not installed
2025-09-29 20:27:17,875:INFO:           interpret: Not installed
2025-09-29 20:27:17,875:INFO:                umap: Not installed
2025-09-29 20:27:17,875:INFO:     ydata_profiling: Not installed
2025-09-29 20:27:17,875:INFO:  explainerdashboard: Not installed
2025-09-29 20:27:17,875:INFO:             autoviz: Not installed
2025-09-29 20:27:17,875:INFO:           fairlearn: Not installed
2025-09-29 20:27:17,875:INFO:          deepchecks: Not installed
2025-09-29 20:27:17,875:INFO:             xgboost: Not installed
2025-09-29 20:27:17,875:INFO:            catboost: Not installed
2025-09-29 20:27:17,875:INFO:              kmodes: Not installed
2025-09-29 20:27:17,875:INFO:             mlxtend: 0.23.4
2025-09-29 20:27:17,875:INFO:       statsforecast: Not installed
2025-09-29 20:27:17,875:INFO:        tune_sklearn: Not installed
2025-09-29 20:27:17,876:INFO:                 ray: Not installed
2025-09-29 20:27:17,876:INFO:            hyperopt: Not installed
2025-09-29 20:27:17,876:INFO:              optuna: Not installed
2025-09-29 20:27:17,876:INFO:               skopt: Not installed
2025-09-29 20:27:17,876:INFO:              mlflow: Not installed
2025-09-29 20:27:17,876:INFO:              gradio: Not installed
2025-09-29 20:27:17,876:INFO:             fastapi: Not installed
2025-09-29 20:27:17,876:INFO:             uvicorn: Not installed
2025-09-29 20:27:17,876:INFO:              m2cgen: Not installed
2025-09-29 20:27:17,876:INFO:           evidently: Not installed
2025-09-29 20:27:17,877:INFO:               fugue: Not installed
2025-09-29 20:27:17,877:INFO:           streamlit: Not installed
2025-09-29 20:27:17,877:INFO:             prophet: Not installed
2025-09-29 20:27:17,877:INFO:None
2025-09-29 20:27:17,877:INFO:Set up data.
2025-09-29 20:27:17,882:INFO:Set up index.
2025-09-29 20:27:17,882:INFO:Assigning column types.
2025-09-29 20:27:17,886:INFO:Engine successfully changes for model 'kmeans' to 'sklearn'.
2025-09-29 20:27:18,805:INFO:Engine successfully changes for model 'dbscan' to 'sklearn'.
2025-09-29 20:27:18,808:INFO:Preparing preprocessing pipeline...
2025-09-29 20:27:18,808:INFO:Set up simple imputation.
2025-09-29 20:27:18,827:INFO:Finished creating preprocessing pipeline.
2025-09-29 20:27:18,833:INFO:Pipeline: Pipeline(memory=FastMemory(location=C:\Users\USERB-PC\AppData\Local\Temp\joblib),
         steps=[('numerical_imputer',
                 TransformerWrapper(include=['sepal length', 'sepal width',
                                             'petal length', 'petal width'],
                                    transformer=SimpleImputer())),
                ('categorical_imputer',
                 TransformerWrapper(include=[],
                                    transformer=SimpleImputer(strategy='most_frequent')))])
2025-09-29 20:27:18,833:INFO:Creating final display dataframe.
2025-09-29 20:27:18,851:INFO:Setup _display_container:                Description                 Value
0               Session id                  4345
1      Original data shape              (150, 4)
2   Transformed data shape              (150, 4)
3         Numeric features                     4
4               Preprocess                  True
5          Imputation type                simple
6       Numeric imputation                  mean
7   Categorical imputation                  mode
8                 CPU Jobs                    -1
9                  Use GPU                 False
10          Log Experiment                 False
11         Experiment Name  anomaly-default-name
12                     USI                  78e4
2025-09-29 20:27:18,862:INFO:setup() successfully completed in 1.11s...............
2025-09-29 20:27:18,862:INFO:Initializing create_model()
2025-09-29 20:27:18,862:INFO:create_model(self=<pycaret.anomaly.oop.AnomalyExperiment object at 0x000001FE53552280>, estimator=abod, num_clusters=4, fraction=0.05, ground_truth=None, round=4, fit_kwargs=None, experiment_custom_tags=None, verbose=True, system=True, add_to_model_list=True, raise_num_clusters=False, display=None, kwargs={})
2025-09-29 20:27:18,862:INFO:Checking exceptions
2025-09-29 20:27:18,908:INFO:Importing untrained model
2025-09-29 20:27:18,914:INFO:Angle-base Outlier Detection Imported successfully
2025-09-29 20:27:18,921:INFO:Fitting Model
2025-09-29 20:27:21,450:INFO:ABOD(contamination=0.05, method='fast', n_neighbors=5)
2025-09-29 20:27:21,451:INFO:create_models() successfully completed......................................
2025-09-29 20:27:21,456:INFO:Uploading results into container
2025-09-29 20:27:21,456:INFO:Uploading model into container now
2025-09-29 20:27:21,459:INFO:_master_model_container: 1
2025-09-29 20:27:21,459:INFO:_display_container: 1
2025-09-29 20:27:21,460:INFO:ABOD(contamination=0.05, method='fast', n_neighbors=5)
2025-09-29 20:27:21,460:INFO:create_model() successfully completed......................................
2025-09-29 20:27:21,549:INFO:Initializing assign_model()
2025-09-29 20:27:21,549:INFO:assign_model(self=<pycaret.anomaly.oop.AnomalyExperiment object at 0x000001FE53552280>, model=ABOD(contamination=0.05, method='fast', n_neighbors=5), transformation=False, score=True, verbose=True)
2025-09-29 20:27:21,550:INFO:Checking exceptions
2025-09-29 20:27:21,550:INFO:Determining Trained Model
2025-09-29 20:27:21,550:INFO:Trained Model : Angle-base Outlier Detection
2025-09-29 20:27:21,550:INFO:Copying data
2025-09-29 20:27:21,552:INFO:(150, 6)
2025-09-29 20:27:21,552:INFO:assign_model() successfully completed......................................
2025-09-29 20:31:24,321:WARNING:
'cuml' is a soft dependency and not included in the pycaret installation. Please run: `pip install cuml` to install.
2025-09-29 20:31:24,322:WARNING:
'cuml' is a soft dependency and not included in the pycaret installation. Please run: `pip install cuml` to install.
2025-09-29 20:31:24,322:WARNING:
'cuml' is a soft dependency and not included in the pycaret installation. Please run: `pip install cuml` to install.
2025-09-29 20:31:24,322:WARNING:
'cuml' is a soft dependency and not included in the pycaret installation. Please run: `pip install cuml` to install.
2025-09-29 20:31:25,242:INFO:PyCaret AnomalyExperiment
2025-09-29 20:31:25,242:INFO:Logging name: anomaly-default-name
2025-09-29 20:31:25,242:INFO:ML Usecase: MLUsecase.ANOMALY
2025-09-29 20:31:25,242:INFO:version 3.3.2
2025-09-29 20:31:25,242:INFO:Initializing setup()
2025-09-29 20:31:25,242:INFO:self.USI: 04b2
2025-09-29 20:31:25,243:INFO:self._variable_keys: {'seed', '_ml_usecase', 'logging_param', 'exp_id', 'n_jobs_param', 'USI', 'log_plots_param', 'gpu_param', 'gpu_n_jobs_param', 'data', 'html_param', 'idx', 'exp_name_log', 'pipeline', '_available_plots', 'memory', 'X'}
2025-09-29 20:31:25,243:INFO:Checking environment
2025-09-29 20:31:25,243:INFO:python_version: 3.9.0
2025-09-29 20:31:25,243:INFO:python_build: ('tags/v3.9.0:9cf6752', 'Oct  5 2020 15:34:40')
2025-09-29 20:31:25,243:INFO:machine: AMD64
2025-09-29 20:31:25,243:INFO:platform: Windows-10-10.0.19041-SP0
2025-09-29 20:31:25,246:INFO:Memory: svmem(total=8464662528, available=1153548288, percent=86.4, used=7311114240, free=1153548288)
2025-09-29 20:31:25,246:INFO:Physical Core: 2
2025-09-29 20:31:25,246:INFO:Logical Core: 4
2025-09-29 20:31:25,246:INFO:Checking libraries
2025-09-29 20:31:25,246:INFO:System:
2025-09-29 20:31:25,246:INFO:    python: 3.9.0 (tags/v3.9.0:9cf6752, Oct  5 2020, 15:34:40) [MSC v.1927 64 bit (AMD64)]
2025-09-29 20:31:25,246:INFO:executable: C:\Users\USERB-PC\AppData\Local\Programs\Python\Python39\python.exe
2025-09-29 20:31:25,246:INFO:   machine: Windows-10-10.0.19041-SP0
2025-09-29 20:31:25,246:INFO:PyCaret required dependencies:
2025-09-29 20:31:25,337:INFO:                 pip: 25.2
2025-09-29 20:31:25,338:INFO:          setuptools: 49.2.1
2025-09-29 20:31:25,338:INFO:             pycaret: 3.3.2
2025-09-29 20:31:25,338:INFO:             IPython: 8.18.1
2025-09-29 20:31:25,338:INFO:          ipywidgets: 8.1.7
2025-09-29 20:31:25,338:INFO:                tqdm: 4.67.1
2025-09-29 20:31:25,338:INFO:               numpy: 1.24.3
2025-09-29 20:31:25,338:INFO:              pandas: 2.0.3
2025-09-29 20:31:25,338:INFO:              jinja2: 3.1.5
2025-09-29 20:31:25,338:INFO:               scipy: 1.11.4
2025-09-29 20:31:25,338:INFO:              joblib: 1.3.2
2025-09-29 20:31:25,338:INFO:             sklearn: 1.4.2
2025-09-29 20:31:25,338:INFO:                pyod: 2.0.5
2025-09-29 20:31:25,338:INFO:            imblearn: 0.12.4
2025-09-29 20:31:25,338:INFO:   category_encoders: 2.6.4
2025-09-29 20:31:25,338:INFO:            lightgbm: 4.6.0
2025-09-29 20:31:25,339:INFO:               numba: 0.60.0
2025-09-29 20:31:25,339:INFO:            requests: 2.32.3
2025-09-29 20:31:25,339:INFO:          matplotlib: 3.7.2
2025-09-29 20:31:25,339:INFO:          scikitplot: 0.3.7
2025-09-29 20:31:25,339:INFO:         yellowbrick: 1.5
2025-09-29 20:31:25,339:INFO:              plotly: 6.3.0
2025-09-29 20:31:25,339:INFO:    plotly-resampler: Not installed
2025-09-29 20:31:25,339:INFO:             kaleido: 1.1.0
2025-09-29 20:31:25,339:INFO:           schemdraw: 0.15
2025-09-29 20:31:25,339:INFO:         statsmodels: 0.14.5
2025-09-29 20:31:25,339:INFO:              sktime: 0.26.0
2025-09-29 20:31:25,339:INFO:               tbats: 1.1.3
2025-09-29 20:31:25,339:INFO:            pmdarima: 2.0.4
2025-09-29 20:31:25,339:INFO:              psutil: 7.0.0
2025-09-29 20:31:25,339:INFO:          markupsafe: 3.0.2
2025-09-29 20:31:25,339:INFO:             pickle5: Not installed
2025-09-29 20:31:25,339:INFO:         cloudpickle: 3.1.1
2025-09-29 20:31:25,339:INFO:         deprecation: 2.1.0
2025-09-29 20:31:25,340:INFO:              xxhash: 3.5.0
2025-09-29 20:31:25,340:INFO:           wurlitzer: Not installed
2025-09-29 20:31:25,340:INFO:PyCaret optional dependencies:
2025-09-29 20:31:25,356:INFO:                shap: Not installed
2025-09-29 20:31:25,356:INFO:           interpret: Not installed
2025-09-29 20:31:25,356:INFO:                umap: Not installed
2025-09-29 20:31:25,356:INFO:     ydata_profiling: Not installed
2025-09-29 20:31:25,356:INFO:  explainerdashboard: Not installed
2025-09-29 20:31:25,356:INFO:             autoviz: Not installed
2025-09-29 20:31:25,356:INFO:           fairlearn: Not installed
2025-09-29 20:31:25,356:INFO:          deepchecks: Not installed
2025-09-29 20:31:25,356:INFO:             xgboost: Not installed
2025-09-29 20:31:25,356:INFO:            catboost: Not installed
2025-09-29 20:31:25,356:INFO:              kmodes: Not installed
2025-09-29 20:31:25,356:INFO:             mlxtend: 0.23.4
2025-09-29 20:31:25,357:INFO:       statsforecast: Not installed
2025-09-29 20:31:25,357:INFO:        tune_sklearn: Not installed
2025-09-29 20:31:25,357:INFO:                 ray: Not installed
2025-09-29 20:31:25,357:INFO:            hyperopt: Not installed
2025-09-29 20:31:25,357:INFO:              optuna: Not installed
2025-09-29 20:31:25,357:INFO:               skopt: Not installed
2025-09-29 20:31:25,357:INFO:              mlflow: Not installed
2025-09-29 20:31:25,357:INFO:              gradio: Not installed
2025-09-29 20:31:25,357:INFO:             fastapi: Not installed
2025-09-29 20:31:25,357:INFO:             uvicorn: Not installed
2025-09-29 20:31:25,357:INFO:              m2cgen: Not installed
2025-09-29 20:31:25,357:INFO:           evidently: Not installed
2025-09-29 20:31:25,357:INFO:               fugue: Not installed
2025-09-29 20:31:25,357:INFO:           streamlit: Not installed
2025-09-29 20:31:25,357:INFO:             prophet: Not installed
2025-09-29 20:31:25,357:INFO:None
2025-09-29 20:31:25,357:INFO:Set up data.
2025-09-29 20:31:25,360:INFO:Set up index.
2025-09-29 20:31:25,361:INFO:Assigning column types.
2025-09-29 20:31:25,363:INFO:Engine successfully changes for model 'kmeans' to 'sklearn'.
2025-09-29 20:31:26,291:INFO:Engine successfully changes for model 'dbscan' to 'sklearn'.
2025-09-29 20:31:26,295:INFO:Preparing preprocessing pipeline...
2025-09-29 20:31:26,295:INFO:Set up simple imputation.
2025-09-29 20:31:26,315:INFO:Finished creating preprocessing pipeline.
2025-09-29 20:31:26,323:INFO:Pipeline: Pipeline(memory=FastMemory(location=C:\Users\USERB-PC\AppData\Local\Temp\joblib),
         steps=[('numerical_imputer',
                 TransformerWrapper(include=['sepal length', 'sepal width',
                                             'petal length', 'petal width'],
                                    transformer=SimpleImputer())),
                ('categorical_imputer',
                 TransformerWrapper(include=[],
                                    transformer=SimpleImputer(strategy='most_frequent')))])
2025-09-29 20:31:26,323:INFO:Creating final display dataframe.
2025-09-29 20:31:26,346:INFO:Setup _display_container:                Description                 Value
0               Session id                  8901
1      Original data shape              (150, 4)
2   Transformed data shape              (150, 4)
3         Numeric features                     4
4               Preprocess                  True
5          Imputation type                simple
6       Numeric imputation                  mean
7   Categorical imputation                  mode
8                 CPU Jobs                    -1
9                  Use GPU                 False
10          Log Experiment                 False
11         Experiment Name  anomaly-default-name
12                     USI                  04b2
2025-09-29 20:31:26,356:INFO:setup() successfully completed in 1.12s...............
2025-09-29 20:31:26,356:INFO:Initializing create_model()
2025-09-29 20:31:26,356:INFO:create_model(self=<pycaret.anomaly.oop.AnomalyExperiment object at 0x0000029AFF041280>, estimator=abod, num_clusters=4, fraction=0.05, ground_truth=None, round=4, fit_kwargs=None, experiment_custom_tags=None, verbose=True, system=True, add_to_model_list=True, raise_num_clusters=False, display=None, kwargs={})
2025-09-29 20:31:26,356:INFO:Checking exceptions
2025-09-29 20:31:26,401:INFO:Importing untrained model
2025-09-29 20:31:26,406:INFO:Angle-base Outlier Detection Imported successfully
2025-09-29 20:31:26,411:INFO:Fitting Model
2025-09-29 20:31:28,707:INFO:ABOD(contamination=0.05, method='fast', n_neighbors=5)
2025-09-29 20:31:28,707:INFO:create_models() successfully completed......................................
2025-09-29 20:31:28,711:INFO:Uploading results into container
2025-09-29 20:31:28,711:INFO:Uploading model into container now
2025-09-29 20:31:28,715:INFO:_master_model_container: 1
2025-09-29 20:31:28,715:INFO:_display_container: 1
2025-09-29 20:31:28,715:INFO:ABOD(contamination=0.05, method='fast', n_neighbors=5)
2025-09-29 20:31:28,716:INFO:create_model() successfully completed......................................
2025-09-29 20:31:28,814:INFO:Initializing assign_model()
2025-09-29 20:31:28,814:INFO:assign_model(self=<pycaret.anomaly.oop.AnomalyExperiment object at 0x0000029AFF041280>, model=ABOD(contamination=0.05, method='fast', n_neighbors=5), transformation=False, score=True, verbose=True)
2025-09-29 20:31:28,814:INFO:Checking exceptions
2025-09-29 20:31:28,815:INFO:Determining Trained Model
2025-09-29 20:31:28,815:INFO:Trained Model : Angle-base Outlier Detection
2025-09-29 20:31:28,815:INFO:Copying data
2025-09-29 20:31:28,818:INFO:(150, 6)
2025-09-29 20:31:28,818:INFO:assign_model() successfully completed......................................
2025-09-29 20:43:57,564:WARNING:
'cuml' is a soft dependency and not included in the pycaret installation. Please run: `pip install cuml` to install.
2025-09-29 20:43:57,565:WARNING:
'cuml' is a soft dependency and not included in the pycaret installation. Please run: `pip install cuml` to install.
2025-09-29 20:43:57,565:WARNING:
'cuml' is a soft dependency and not included in the pycaret installation. Please run: `pip install cuml` to install.
2025-09-29 20:43:57,565:WARNING:
'cuml' is a soft dependency and not included in the pycaret installation. Please run: `pip install cuml` to install.
2025-09-29 20:43:58,587:INFO:PyCaret AnomalyExperiment
2025-09-29 20:43:58,587:INFO:Logging name: anomaly-default-name
2025-09-29 20:43:58,587:INFO:ML Usecase: MLUsecase.ANOMALY
2025-09-29 20:43:58,587:INFO:version 3.3.2
2025-09-29 20:43:58,587:INFO:Initializing setup()
2025-09-29 20:43:58,587:INFO:self.USI: f0f9
2025-09-29 20:43:58,587:INFO:self._variable_keys: {'USI', 'pipeline', 'gpu_n_jobs_param', 'n_jobs_param', 'log_plots_param', '_available_plots', 'X', 'memory', 'html_param', 'seed', '_ml_usecase', 'exp_id', 'logging_param', 'gpu_param', 'data', 'idx', 'exp_name_log'}
2025-09-29 20:43:58,587:INFO:Checking environment
2025-09-29 20:43:58,587:INFO:python_version: 3.9.0
2025-09-29 20:43:58,587:INFO:python_build: ('tags/v3.9.0:9cf6752', 'Oct  5 2020 15:34:40')
2025-09-29 20:43:58,587:INFO:machine: AMD64
2025-09-29 20:43:58,587:INFO:platform: Windows-10-10.0.19041-SP0
2025-09-29 20:43:58,590:INFO:Memory: svmem(total=8464662528, available=823472128, percent=90.3, used=7641190400, free=823472128)
2025-09-29 20:43:58,590:INFO:Physical Core: 2
2025-09-29 20:43:58,590:INFO:Logical Core: 4
2025-09-29 20:43:58,590:INFO:Checking libraries
2025-09-29 20:43:58,590:INFO:System:
2025-09-29 20:43:58,590:INFO:    python: 3.9.0 (tags/v3.9.0:9cf6752, Oct  5 2020, 15:34:40) [MSC v.1927 64 bit (AMD64)]
2025-09-29 20:43:58,591:INFO:executable: C:\Users\USERB-PC\AppData\Local\Programs\Python\Python39\python.exe
2025-09-29 20:43:58,591:INFO:   machine: Windows-10-10.0.19041-SP0
2025-09-29 20:43:58,591:INFO:PyCaret required dependencies:
2025-09-29 20:43:58,685:INFO:                 pip: 25.2
2025-09-29 20:43:58,685:INFO:          setuptools: 49.2.1
2025-09-29 20:43:58,685:INFO:             pycaret: 3.3.2
2025-09-29 20:43:58,685:INFO:             IPython: 8.18.1
2025-09-29 20:43:58,685:INFO:          ipywidgets: 8.1.7
2025-09-29 20:43:58,685:INFO:                tqdm: 4.67.1
2025-09-29 20:43:58,686:INFO:               numpy: 1.24.3
2025-09-29 20:43:58,686:INFO:              pandas: 2.0.3
2025-09-29 20:43:58,686:INFO:              jinja2: 3.1.5
2025-09-29 20:43:58,686:INFO:               scipy: 1.11.4
2025-09-29 20:43:58,686:INFO:              joblib: 1.3.2
2025-09-29 20:43:58,686:INFO:             sklearn: 1.4.2
2025-09-29 20:43:58,686:INFO:                pyod: 2.0.5
2025-09-29 20:43:58,686:INFO:            imblearn: 0.12.4
2025-09-29 20:43:58,686:INFO:   category_encoders: 2.6.4
2025-09-29 20:43:58,686:INFO:            lightgbm: 4.6.0
2025-09-29 20:43:58,686:INFO:               numba: 0.60.0
2025-09-29 20:43:58,686:INFO:            requests: 2.32.3
2025-09-29 20:43:58,686:INFO:          matplotlib: 3.7.2
2025-09-29 20:43:58,686:INFO:          scikitplot: 0.3.7
2025-09-29 20:43:58,686:INFO:         yellowbrick: 1.5
2025-09-29 20:43:58,686:INFO:              plotly: 6.3.0
2025-09-29 20:43:58,686:INFO:    plotly-resampler: Not installed
2025-09-29 20:43:58,686:INFO:             kaleido: 1.1.0
2025-09-29 20:43:58,686:INFO:           schemdraw: 0.15
2025-09-29 20:43:58,686:INFO:         statsmodels: 0.14.5
2025-09-29 20:43:58,686:INFO:              sktime: 0.26.0
2025-09-29 20:43:58,686:INFO:               tbats: 1.1.3
2025-09-29 20:43:58,687:INFO:            pmdarima: 2.0.4
2025-09-29 20:43:58,687:INFO:              psutil: 7.0.0
2025-09-29 20:43:58,687:INFO:          markupsafe: 3.0.2
2025-09-29 20:43:58,687:INFO:             pickle5: Not installed
2025-09-29 20:43:58,687:INFO:         cloudpickle: 3.1.1
2025-09-29 20:43:58,687:INFO:         deprecation: 2.1.0
2025-09-29 20:43:58,687:INFO:              xxhash: 3.5.0
2025-09-29 20:43:58,687:INFO:           wurlitzer: Not installed
2025-09-29 20:43:58,687:INFO:PyCaret optional dependencies:
2025-09-29 20:43:58,699:INFO:                shap: Not installed
2025-09-29 20:43:58,699:INFO:           interpret: Not installed
2025-09-29 20:43:58,699:INFO:                umap: Not installed
2025-09-29 20:43:58,699:INFO:     ydata_profiling: Not installed
2025-09-29 20:43:58,699:INFO:  explainerdashboard: Not installed
2025-09-29 20:43:58,699:INFO:             autoviz: Not installed
2025-09-29 20:43:58,699:INFO:           fairlearn: Not installed
2025-09-29 20:43:58,699:INFO:          deepchecks: Not installed
2025-09-29 20:43:58,699:INFO:             xgboost: Not installed
2025-09-29 20:43:58,699:INFO:            catboost: Not installed
2025-09-29 20:43:58,699:INFO:              kmodes: Not installed
2025-09-29 20:43:58,699:INFO:             mlxtend: 0.23.4
2025-09-29 20:43:58,700:INFO:       statsforecast: Not installed
2025-09-29 20:43:58,700:INFO:        tune_sklearn: Not installed
2025-09-29 20:43:58,700:INFO:                 ray: Not installed
2025-09-29 20:43:58,700:INFO:            hyperopt: Not installed
2025-09-29 20:43:58,700:INFO:              optuna: Not installed
2025-09-29 20:43:58,700:INFO:               skopt: Not installed
2025-09-29 20:43:58,700:INFO:              mlflow: Not installed
2025-09-29 20:43:58,700:INFO:              gradio: Not installed
2025-09-29 20:43:58,700:INFO:             fastapi: Not installed
2025-09-29 20:43:58,700:INFO:             uvicorn: Not installed
2025-09-29 20:43:58,700:INFO:              m2cgen: Not installed
2025-09-29 20:43:58,700:INFO:           evidently: Not installed
2025-09-29 20:43:58,700:INFO:               fugue: Not installed
2025-09-29 20:43:58,700:INFO:           streamlit: Not installed
2025-09-29 20:43:58,700:INFO:             prophet: Not installed
2025-09-29 20:43:58,700:INFO:None
2025-09-29 20:43:58,700:INFO:Set up data.
2025-09-29 20:43:58,703:INFO:Set up index.
2025-09-29 20:43:58,703:INFO:Assigning column types.
2025-09-29 20:43:58,707:INFO:Engine successfully changes for model 'kmeans' to 'sklearn'.
2025-09-29 20:43:59,561:INFO:Engine successfully changes for model 'dbscan' to 'sklearn'.
2025-09-29 20:43:59,564:INFO:Preparing preprocessing pipeline...
2025-09-29 20:43:59,564:INFO:Set up simple imputation.
2025-09-29 20:43:59,586:INFO:Finished creating preprocessing pipeline.
2025-09-29 20:43:59,592:INFO:Pipeline: Pipeline(memory=FastMemory(location=C:\Users\USERB-PC\AppData\Local\Temp\joblib),
         steps=[('numerical_imputer',
                 TransformerWrapper(include=['sepal length', 'sepal width',
                                             'petal length', 'petal width'],
                                    transformer=SimpleImputer())),
                ('categorical_imputer',
                 TransformerWrapper(include=[],
                                    transformer=SimpleImputer(strategy='most_frequent')))])
2025-09-29 20:43:59,592:INFO:Creating final display dataframe.
2025-09-29 20:43:59,610:INFO:Setup _display_container:                Description                 Value
0               Session id                  3060
1      Original data shape              (150, 4)
2   Transformed data shape              (150, 4)
3         Numeric features                     4
4               Preprocess                  True
5          Imputation type                simple
6       Numeric imputation                  mean
7   Categorical imputation                  mode
8                 CPU Jobs                    -1
9                  Use GPU                 False
10          Log Experiment                 False
11         Experiment Name  anomaly-default-name
12                     USI                  f0f9
2025-09-29 20:43:59,622:INFO:setup() successfully completed in 1.04s...............
2025-09-29 20:43:59,622:INFO:Initializing create_model()
2025-09-29 20:43:59,622:INFO:create_model(self=<pycaret.anomaly.oop.AnomalyExperiment object at 0x00000201FD521280>, estimator=abod, num_clusters=4, fraction=0.05, ground_truth=None, round=4, fit_kwargs=None, experiment_custom_tags=None, verbose=True, system=True, add_to_model_list=True, raise_num_clusters=False, display=None, kwargs={})
2025-09-29 20:43:59,622:INFO:Checking exceptions
2025-09-29 20:43:59,662:INFO:Importing untrained model
2025-09-29 20:43:59,667:INFO:Angle-base Outlier Detection Imported successfully
2025-09-29 20:43:59,672:INFO:Fitting Model
2025-09-29 20:44:02,080:INFO:ABOD(contamination=0.05, method='fast', n_neighbors=5)
2025-09-29 20:44:02,080:INFO:create_models() successfully completed......................................
2025-09-29 20:44:02,085:INFO:Uploading results into container
2025-09-29 20:44:02,085:INFO:Uploading model into container now
2025-09-29 20:44:02,088:INFO:_master_model_container: 1
2025-09-29 20:44:02,089:INFO:_display_container: 1
2025-09-29 20:44:02,089:INFO:ABOD(contamination=0.05, method='fast', n_neighbors=5)
2025-09-29 20:44:02,089:INFO:create_model() successfully completed......................................
2025-09-29 20:44:02,177:INFO:Initializing assign_model()
2025-09-29 20:44:02,177:INFO:assign_model(self=<pycaret.anomaly.oop.AnomalyExperiment object at 0x00000201FD521280>, model=ABOD(contamination=0.05, method='fast', n_neighbors=5), transformation=False, score=True, verbose=True)
2025-09-29 20:44:02,177:INFO:Checking exceptions
2025-09-29 20:44:02,177:INFO:Determining Trained Model
2025-09-29 20:44:02,177:INFO:Trained Model : Angle-base Outlier Detection
2025-09-29 20:44:02,177:INFO:Copying data
2025-09-29 20:44:02,179:INFO:(150, 6)
2025-09-29 20:44:02,179:INFO:assign_model() successfully completed......................................
2025-09-30 11:09:36,276:WARNING:
'cuml' is a soft dependency and not included in the pycaret installation. Please run: `pip install cuml` to install.
2025-09-30 11:09:36,277:WARNING:
'cuml' is a soft dependency and not included in the pycaret installation. Please run: `pip install cuml` to install.
2025-09-30 11:09:36,277:WARNING:
'cuml' is a soft dependency and not included in the pycaret installation. Please run: `pip install cuml` to install.
2025-09-30 11:09:36,277:WARNING:
'cuml' is a soft dependency and not included in the pycaret installation. Please run: `pip install cuml` to install.
2025-09-30 11:09:38,129:INFO:PyCaret AnomalyExperiment
2025-09-30 11:09:38,129:INFO:Logging name: anomaly-default-name
2025-09-30 11:09:38,129:INFO:ML Usecase: MLUsecase.ANOMALY
2025-09-30 11:09:38,129:INFO:version 3.3.2
2025-09-30 11:09:38,130:INFO:Initializing setup()
2025-09-30 11:09:38,130:INFO:self.USI: 2d6b
2025-09-30 11:09:38,130:INFO:self._variable_keys: {'seed', 'gpu_n_jobs_param', 'n_jobs_param', 'logging_param', 'X', 'html_param', 'exp_name_log', 'USI', 'pipeline', '_ml_usecase', 'log_plots_param', 'data', 'memory', 'exp_id', 'idx', 'gpu_param', '_available_plots'}
2025-09-30 11:09:38,130:INFO:Checking environment
2025-09-30 11:09:38,130:INFO:python_version: 3.9.0
2025-09-30 11:09:38,130:INFO:python_build: ('tags/v3.9.0:9cf6752', 'Oct  5 2020 15:34:40')
2025-09-30 11:09:38,130:INFO:machine: AMD64
2025-09-30 11:09:38,130:INFO:platform: Windows-10-10.0.19041-SP0
2025-09-30 11:09:38,133:INFO:Memory: svmem(total=8464662528, available=464945152, percent=94.5, used=7999717376, free=464945152)
2025-09-30 11:09:38,133:INFO:Physical Core: 2
2025-09-30 11:09:38,133:INFO:Logical Core: 4
2025-09-30 11:09:38,133:INFO:Checking libraries
2025-09-30 11:09:38,133:INFO:System:
2025-09-30 11:09:38,133:INFO:    python: 3.9.0 (tags/v3.9.0:9cf6752, Oct  5 2020, 15:34:40) [MSC v.1927 64 bit (AMD64)]
2025-09-30 11:09:38,133:INFO:executable: C:\Users\USERB-PC\AppData\Local\Programs\Python\Python39\python.exe
2025-09-30 11:09:38,133:INFO:   machine: Windows-10-10.0.19041-SP0
2025-09-30 11:09:38,133:INFO:PyCaret required dependencies:
2025-09-30 11:09:38,292:INFO:                 pip: 25.2
2025-09-30 11:09:38,292:INFO:          setuptools: 49.2.1
2025-09-30 11:09:38,292:INFO:             pycaret: 3.3.2
2025-09-30 11:09:38,292:INFO:             IPython: 8.18.1
2025-09-30 11:09:38,292:INFO:          ipywidgets: 8.1.7
2025-09-30 11:09:38,292:INFO:                tqdm: 4.67.1
2025-09-30 11:09:38,292:INFO:               numpy: 1.24.3
2025-09-30 11:09:38,293:INFO:              pandas: 2.0.3
2025-09-30 11:09:38,293:INFO:              jinja2: 3.1.5
2025-09-30 11:09:38,293:INFO:               scipy: 1.11.4
2025-09-30 11:09:38,293:INFO:              joblib: 1.3.2
2025-09-30 11:09:38,293:INFO:             sklearn: 1.4.2
2025-09-30 11:09:38,293:INFO:                pyod: 2.0.5
2025-09-30 11:09:38,293:INFO:            imblearn: 0.12.4
2025-09-30 11:09:38,293:INFO:   category_encoders: 2.6.4
2025-09-30 11:09:38,293:INFO:            lightgbm: 4.6.0
2025-09-30 11:09:38,293:INFO:               numba: 0.60.0
2025-09-30 11:09:38,293:INFO:            requests: 2.32.3
2025-09-30 11:09:38,293:INFO:          matplotlib: 3.7.2
2025-09-30 11:09:38,293:INFO:          scikitplot: 0.3.7
2025-09-30 11:09:38,293:INFO:         yellowbrick: 1.5
2025-09-30 11:09:38,293:INFO:              plotly: 6.3.0
2025-09-30 11:09:38,293:INFO:    plotly-resampler: Not installed
2025-09-30 11:09:38,293:INFO:             kaleido: 1.1.0
2025-09-30 11:09:38,293:INFO:           schemdraw: 0.15
2025-09-30 11:09:38,293:INFO:         statsmodels: 0.14.5
2025-09-30 11:09:38,293:INFO:              sktime: 0.26.0
2025-09-30 11:09:38,293:INFO:               tbats: 1.1.3
2025-09-30 11:09:38,294:INFO:            pmdarima: 2.0.4
2025-09-30 11:09:38,294:INFO:              psutil: 7.0.0
2025-09-30 11:09:38,294:INFO:          markupsafe: 3.0.2
2025-09-30 11:09:38,294:INFO:             pickle5: Not installed
2025-09-30 11:09:38,294:INFO:         cloudpickle: 3.1.1
2025-09-30 11:09:38,294:INFO:         deprecation: 2.1.0
2025-09-30 11:09:38,294:INFO:              xxhash: 3.5.0
2025-09-30 11:09:38,294:INFO:           wurlitzer: Not installed
2025-09-30 11:09:38,294:INFO:PyCaret optional dependencies:
2025-09-30 11:09:38,306:INFO:                shap: Not installed
2025-09-30 11:09:38,306:INFO:           interpret: Not installed
2025-09-30 11:09:38,306:INFO:                umap: Not installed
2025-09-30 11:09:38,306:INFO:     ydata_profiling: Not installed
2025-09-30 11:09:38,306:INFO:  explainerdashboard: Not installed
2025-09-30 11:09:38,306:INFO:             autoviz: Not installed
2025-09-30 11:09:38,306:INFO:           fairlearn: Not installed
2025-09-30 11:09:38,306:INFO:          deepchecks: Not installed
2025-09-30 11:09:38,306:INFO:             xgboost: Not installed
2025-09-30 11:09:38,306:INFO:            catboost: Not installed
2025-09-30 11:09:38,306:INFO:              kmodes: Not installed
2025-09-30 11:09:38,306:INFO:             mlxtend: 0.23.4
2025-09-30 11:09:38,306:INFO:       statsforecast: Not installed
2025-09-30 11:09:38,306:INFO:        tune_sklearn: Not installed
2025-09-30 11:09:38,306:INFO:                 ray: Not installed
2025-09-30 11:09:38,306:INFO:            hyperopt: Not installed
2025-09-30 11:09:38,306:INFO:              optuna: Not installed
2025-09-30 11:09:38,306:INFO:               skopt: Not installed
2025-09-30 11:09:38,306:INFO:              mlflow: Not installed
2025-09-30 11:09:38,306:INFO:              gradio: Not installed
2025-09-30 11:09:38,307:INFO:             fastapi: Not installed
2025-09-30 11:09:38,307:INFO:             uvicorn: Not installed
2025-09-30 11:09:38,307:INFO:              m2cgen: Not installed
2025-09-30 11:09:38,307:INFO:           evidently: Not installed
2025-09-30 11:09:38,307:INFO:               fugue: Not installed
2025-09-30 11:09:38,307:INFO:           streamlit: Not installed
2025-09-30 11:09:38,307:INFO:             prophet: Not installed
2025-09-30 11:09:38,307:INFO:None
2025-09-30 11:09:38,307:INFO:Set up data.
2025-09-30 11:09:38,310:INFO:Set up index.
2025-09-30 11:09:38,310:INFO:Assigning column types.
2025-09-30 11:09:38,314:INFO:Engine successfully changes for model 'kmeans' to 'sklearn'.
2025-09-30 11:09:39,895:INFO:Engine successfully changes for model 'dbscan' to 'sklearn'.
2025-09-30 11:09:39,942:INFO:Preparing preprocessing pipeline...
2025-09-30 11:09:39,942:INFO:Set up simple imputation.
2025-09-30 11:09:39,981:INFO:Finished creating preprocessing pipeline.
2025-09-30 11:09:39,988:INFO:Pipeline: Pipeline(memory=FastMemory(location=C:\Users\USERB-PC\AppData\Local\Temp\joblib),
         steps=[('numerical_imputer',
                 TransformerWrapper(include=['sepal length', 'sepal width',
                                             'petal length', 'petal width'],
                                    transformer=SimpleImputer())),
                ('categorical_imputer',
                 TransformerWrapper(include=[],
                                    transformer=SimpleImputer(strategy='most_frequent')))])
2025-09-30 11:09:39,988:INFO:Creating final display dataframe.
2025-09-30 11:09:40,013:INFO:Setup _display_container:                Description                 Value
0               Session id                  5589
1      Original data shape              (150, 4)
2   Transformed data shape              (150, 4)
3         Numeric features                     4
4               Preprocess                  True
5          Imputation type                simple
6       Numeric imputation                  mean
7   Categorical imputation                  mode
8                 CPU Jobs                    -1
9                  Use GPU                 False
10          Log Experiment                 False
11         Experiment Name  anomaly-default-name
12                     USI                  2d6b
2025-09-30 11:09:40,026:INFO:setup() successfully completed in 1.9s...............
2025-09-30 11:09:40,026:INFO:Initializing create_model()
2025-09-30 11:09:40,026:INFO:create_model(self=<pycaret.anomaly.oop.AnomalyExperiment object at 0x00000223A8443460>, estimator=abod, num_clusters=4, fraction=0.05, ground_truth=None, round=4, fit_kwargs=None, experiment_custom_tags=None, verbose=True, system=True, add_to_model_list=True, raise_num_clusters=False, display=None, kwargs={})
2025-09-30 11:09:40,026:INFO:Checking exceptions
2025-09-30 11:09:40,085:INFO:Importing untrained model
2025-09-30 11:09:40,090:INFO:Angle-base Outlier Detection Imported successfully
2025-09-30 11:09:40,098:INFO:Fitting Model
2025-09-30 11:09:42,657:INFO:ABOD(contamination=0.05, method='fast', n_neighbors=5)
2025-09-30 11:09:42,657:INFO:create_models() successfully completed......................................
2025-09-30 11:09:42,662:INFO:Uploading results into container
2025-09-30 11:09:42,662:INFO:Uploading model into container now
2025-09-30 11:09:42,665:INFO:_master_model_container: 1
2025-09-30 11:09:42,665:INFO:_display_container: 1
2025-09-30 11:09:42,666:INFO:ABOD(contamination=0.05, method='fast', n_neighbors=5)
2025-09-30 11:09:42,666:INFO:create_model() successfully completed......................................
2025-09-30 11:09:42,752:INFO:Initializing assign_model()
2025-09-30 11:09:42,752:INFO:assign_model(self=<pycaret.anomaly.oop.AnomalyExperiment object at 0x00000223A8443460>, model=ABOD(contamination=0.05, method='fast', n_neighbors=5), transformation=False, score=True, verbose=True)
2025-09-30 11:09:42,752:INFO:Checking exceptions
2025-09-30 11:09:42,752:INFO:Determining Trained Model
2025-09-30 11:09:42,752:INFO:Trained Model : Angle-base Outlier Detection
2025-09-30 11:09:42,752:INFO:Copying data
2025-09-30 11:09:42,754:INFO:(150, 6)
2025-09-30 11:09:42,754:INFO:assign_model() successfully completed......................................
2025-09-30 13:17:36,632:WARNING:
'cuml' is a soft dependency and not included in the pycaret installation. Please run: `pip install cuml` to install.
2025-09-30 13:17:36,633:WARNING:
'cuml' is a soft dependency and not included in the pycaret installation. Please run: `pip install cuml` to install.
2025-09-30 13:17:36,633:WARNING:
'cuml' is a soft dependency and not included in the pycaret installation. Please run: `pip install cuml` to install.
2025-09-30 13:17:36,633:WARNING:
'cuml' is a soft dependency and not included in the pycaret installation. Please run: `pip install cuml` to install.
2025-09-30 13:17:40,173:INFO:PyCaret AnomalyExperiment
2025-09-30 13:17:40,173:INFO:Logging name: anomaly-default-name
2025-09-30 13:17:40,173:INFO:ML Usecase: MLUsecase.ANOMALY
2025-09-30 13:17:40,173:INFO:version 3.3.2
2025-09-30 13:17:40,173:INFO:Initializing setup()
2025-09-30 13:17:40,173:INFO:self.USI: 6b88
2025-09-30 13:17:40,174:INFO:self._variable_keys: {'html_param', 'exp_id', 'gpu_param', 'seed', 'X', 'pipeline', 'logging_param', '_ml_usecase', 'n_jobs_param', 'data', 'USI', 'gpu_n_jobs_param', 'log_plots_param', 'idx', '_available_plots', 'memory', 'exp_name_log'}
2025-09-30 13:17:40,174:INFO:Checking environment
2025-09-30 13:17:40,174:INFO:python_version: 3.9.0
2025-09-30 13:17:40,174:INFO:python_build: ('tags/v3.9.0:9cf6752', 'Oct  5 2020 15:34:40')
2025-09-30 13:17:40,174:INFO:machine: AMD64
2025-09-30 13:17:40,174:INFO:platform: Windows-10-10.0.19041-SP0
2025-09-30 13:17:40,176:INFO:Memory: svmem(total=8464662528, available=632979456, percent=92.5, used=7831683072, free=632979456)
2025-09-30 13:17:40,176:INFO:Physical Core: 2
2025-09-30 13:17:40,177:INFO:Logical Core: 4
2025-09-30 13:17:40,177:INFO:Checking libraries
2025-09-30 13:17:40,177:INFO:System:
2025-09-30 13:17:40,177:INFO:    python: 3.9.0 (tags/v3.9.0:9cf6752, Oct  5 2020, 15:34:40) [MSC v.1927 64 bit (AMD64)]
2025-09-30 13:17:40,177:INFO:executable: C:\Users\USERB-PC\AppData\Local\Programs\Python\Python39\python.exe
2025-09-30 13:17:40,177:INFO:   machine: Windows-10-10.0.19041-SP0
2025-09-30 13:17:40,177:INFO:PyCaret required dependencies:
2025-09-30 13:17:40,582:INFO:                 pip: 25.2
2025-09-30 13:17:40,583:INFO:          setuptools: 49.2.1
2025-09-30 13:17:40,583:INFO:             pycaret: 3.3.2
2025-09-30 13:17:40,583:INFO:             IPython: 8.18.1
2025-09-30 13:17:40,583:INFO:          ipywidgets: 8.1.7
2025-09-30 13:17:40,583:INFO:                tqdm: 4.67.1
2025-09-30 13:17:40,583:INFO:               numpy: 1.24.3
2025-09-30 13:17:40,583:INFO:              pandas: 2.0.3
2025-09-30 13:17:40,583:INFO:              jinja2: 3.1.5
2025-09-30 13:17:40,583:INFO:               scipy: 1.11.4
2025-09-30 13:17:40,583:INFO:              joblib: 1.3.2
2025-09-30 13:17:40,583:INFO:             sklearn: 1.4.2
2025-09-30 13:17:40,583:INFO:                pyod: 2.0.5
2025-09-30 13:17:40,583:INFO:            imblearn: 0.12.4
2025-09-30 13:17:40,583:INFO:   category_encoders: 2.6.4
2025-09-30 13:17:40,583:INFO:            lightgbm: 4.6.0
2025-09-30 13:17:40,583:INFO:               numba: 0.60.0
2025-09-30 13:17:40,583:INFO:            requests: 2.32.3
2025-09-30 13:17:40,583:INFO:          matplotlib: 3.7.2
2025-09-30 13:17:40,583:INFO:          scikitplot: 0.3.7
2025-09-30 13:17:40,583:INFO:         yellowbrick: 1.5
2025-09-30 13:17:40,584:INFO:              plotly: 6.3.0
2025-09-30 13:17:40,584:INFO:    plotly-resampler: Not installed
2025-09-30 13:17:40,584:INFO:             kaleido: 1.1.0
2025-09-30 13:17:40,584:INFO:           schemdraw: 0.15
2025-09-30 13:17:40,584:INFO:         statsmodels: 0.14.5
2025-09-30 13:17:40,584:INFO:              sktime: 0.26.0
2025-09-30 13:17:40,584:INFO:               tbats: 1.1.3
2025-09-30 13:17:40,584:INFO:            pmdarima: 2.0.4
2025-09-30 13:17:40,584:INFO:              psutil: 7.0.0
2025-09-30 13:17:40,584:INFO:          markupsafe: 3.0.2
2025-09-30 13:17:40,584:INFO:             pickle5: Not installed
2025-09-30 13:17:40,584:INFO:         cloudpickle: 3.1.1
2025-09-30 13:17:40,584:INFO:         deprecation: 2.1.0
2025-09-30 13:17:40,584:INFO:              xxhash: 3.5.0
2025-09-30 13:17:40,584:INFO:           wurlitzer: Not installed
2025-09-30 13:17:40,584:INFO:PyCaret optional dependencies:
2025-09-30 13:17:40,596:INFO:                shap: Not installed
2025-09-30 13:17:40,596:INFO:           interpret: Not installed
2025-09-30 13:17:40,596:INFO:                umap: Not installed
2025-09-30 13:17:40,596:INFO:     ydata_profiling: Not installed
2025-09-30 13:17:40,596:INFO:  explainerdashboard: Not installed
2025-09-30 13:17:40,596:INFO:             autoviz: Not installed
2025-09-30 13:17:40,596:INFO:           fairlearn: Not installed
2025-09-30 13:17:40,596:INFO:          deepchecks: Not installed
2025-09-30 13:17:40,596:INFO:             xgboost: Not installed
2025-09-30 13:17:40,596:INFO:            catboost: Not installed
2025-09-30 13:17:40,596:INFO:              kmodes: Not installed
2025-09-30 13:17:40,596:INFO:             mlxtend: 0.23.4
2025-09-30 13:17:40,597:INFO:       statsforecast: Not installed
2025-09-30 13:17:40,597:INFO:        tune_sklearn: Not installed
2025-09-30 13:17:40,597:INFO:                 ray: Not installed
2025-09-30 13:17:40,597:INFO:            hyperopt: Not installed
2025-09-30 13:17:40,597:INFO:              optuna: Not installed
2025-09-30 13:17:40,597:INFO:               skopt: Not installed
2025-09-30 13:17:40,597:INFO:              mlflow: Not installed
2025-09-30 13:17:40,597:INFO:              gradio: Not installed
2025-09-30 13:17:40,597:INFO:             fastapi: Not installed
2025-09-30 13:17:40,597:INFO:             uvicorn: Not installed
2025-09-30 13:17:40,597:INFO:              m2cgen: Not installed
2025-09-30 13:17:40,597:INFO:           evidently: Not installed
2025-09-30 13:17:40,597:INFO:               fugue: Not installed
2025-09-30 13:17:40,597:INFO:           streamlit: Not installed
2025-09-30 13:17:40,597:INFO:             prophet: Not installed
2025-09-30 13:17:40,597:INFO:None
2025-09-30 13:17:40,597:INFO:Set up data.
2025-09-30 13:17:40,600:INFO:Set up index.
2025-09-30 13:17:40,600:INFO:Assigning column types.
2025-09-30 13:17:40,604:INFO:Engine successfully changes for model 'kmeans' to 'sklearn'.
2025-09-30 13:17:42,641:INFO:Engine successfully changes for model 'dbscan' to 'sklearn'.
2025-09-30 13:17:42,716:INFO:Preparing preprocessing pipeline...
2025-09-30 13:17:42,716:INFO:Set up simple imputation.
2025-09-30 13:17:42,770:INFO:Finished creating preprocessing pipeline.
2025-09-30 13:17:42,778:INFO:Pipeline: Pipeline(memory=FastMemory(location=C:\Users\USERB-PC\AppData\Local\Temp\joblib),
         steps=[('numerical_imputer',
                 TransformerWrapper(include=['sepal length', 'sepal width',
                                             'petal length', 'petal width'],
                                    transformer=SimpleImputer())),
                ('categorical_imputer',
                 TransformerWrapper(include=[],
                                    transformer=SimpleImputer(strategy='most_frequent')))])
2025-09-30 13:17:42,778:INFO:Creating final display dataframe.
2025-09-30 13:17:42,796:INFO:Setup _display_container:                Description                 Value
0               Session id                  2831
1      Original data shape              (150, 4)
2   Transformed data shape              (150, 4)
3         Numeric features                     4
4               Preprocess                  True
5          Imputation type                simple
6       Numeric imputation                  mean
7   Categorical imputation                  mode
8                 CPU Jobs                    -1
9                  Use GPU                 False
10          Log Experiment                 False
11         Experiment Name  anomaly-default-name
12                     USI                  6b88
2025-09-30 13:17:42,809:INFO:setup() successfully completed in 2.64s...............
2025-09-30 13:17:42,809:INFO:Initializing create_model()
2025-09-30 13:17:42,809:INFO:create_model(self=<pycaret.anomaly.oop.AnomalyExperiment object at 0x000001E1F53F1250>, estimator=abod, num_clusters=4, fraction=0.05, ground_truth=None, round=4, fit_kwargs=None, experiment_custom_tags=None, verbose=True, system=True, add_to_model_list=True, raise_num_clusters=False, display=None, kwargs={})
2025-09-30 13:17:42,809:INFO:Checking exceptions
2025-09-30 13:17:42,846:INFO:Importing untrained model
2025-09-30 13:17:42,851:INFO:Angle-base Outlier Detection Imported successfully
2025-09-30 13:17:42,856:INFO:Fitting Model
2025-09-30 13:17:45,718:INFO:ABOD(contamination=0.05, method='fast', n_neighbors=5)
2025-09-30 13:17:45,718:INFO:create_models() successfully completed......................................
2025-09-30 13:17:45,723:INFO:Uploading results into container
2025-09-30 13:17:45,723:INFO:Uploading model into container now
2025-09-30 13:17:45,726:INFO:_master_model_container: 1
2025-09-30 13:17:45,726:INFO:_display_container: 1
2025-09-30 13:17:45,727:INFO:ABOD(contamination=0.05, method='fast', n_neighbors=5)
2025-09-30 13:17:45,727:INFO:create_model() successfully completed......................................
2025-09-30 13:17:45,814:INFO:Initializing assign_model()
2025-09-30 13:17:45,815:INFO:assign_model(self=<pycaret.anomaly.oop.AnomalyExperiment object at 0x000001E1F53F1250>, model=ABOD(contamination=0.05, method='fast', n_neighbors=5), transformation=False, score=True, verbose=True)
2025-09-30 13:17:45,815:INFO:Checking exceptions
2025-09-30 13:17:45,815:INFO:Determining Trained Model
2025-09-30 13:17:45,815:INFO:Trained Model : Angle-base Outlier Detection
2025-09-30 13:17:45,815:INFO:Copying data
2025-09-30 13:17:45,817:INFO:(150, 6)
2025-09-30 13:17:45,817:INFO:assign_model() successfully completed......................................
